"BOTTLE,20240323PMELNOAAESRJEA", ,,,, ,,,,,,,,,,,,,,,,,,,,,,,,,,,,,,,,,,,,,,,,,,,,,
# Cruise: A13.5,,,,,,,,,,,,,,,,,,,,,,,,,,,,,,,,,,,,,,,,,,,,,,,,,,
# Ship: Langseth,,,,,,,,,,,,,,,,,,,,,,,,,,,,,,,,,,,,,,,,,,,,,,,,,,
# EXPOCODE: 33H320240201,,,,,,,,,,,,,,,,,,,,,,,,,,,,,,,,,,,,,,,,,,,,,,,,,,
# Dates: 2/1/2024 - 3/23/2024,,,,,,,,,,,,,,,,,,,,,,,,,,,,,,,,,,,,,,,,,,,,,,,,,,
# Chief Scientist: Zachary Erickson,,,,,,,,,,,,,,,,,,,,,,,,,,,,,,,,,,,,,,,,,,,,,,,,,,
# ,,,,,,,,,,,,,,,,,,,,,,,,,,,,,,,,,,,,,,,,,,,,,,,,,,
"# Insert Header Information this will expand to include pi list, deployments, etc.",,,,, ,,,,,,,,,,,,,,,,,,,,,,,,,,,,,,,,,,,,,,,,,,,,,
# Insert Header Information,,,,, ,,,,,,,,,,,,,,,,,,,,,,,,,,,,,,,,,,,,,,,,,,,,,
# ,,,,,,,,,,,,,, ,, ,, ,,,,,,,,,,,,,, ,,,,,,,,,,,,,,,,,,
EXPOCODE,SECT_ID,STNNBR,CASTNO,BTLPOS,SAMPNO,BTLNBR,BTLNBR_FLAG_W,DATE,TIME,LATITUDE,LONGITUDE,DEPTH,CTDPRS,CTDPRS_FLAG_W,CTDTMP,CTDTMP_FLAG_W,CTDSAL,CTDSAL_FLAG_W,CTDOXY,CTDOXY_FLAG_W,SALNTY,SALNTY_FLAG_W,OXYGEN,OXYGEN_FLAG_W,PHSPHT,PHSPHT_FLAG_W,SILCAT,SILCAT_FLAG_W,NITRAT,NITRAT_FLAG_W,NITRIT,NITRIT_FLAG_W,SF6,SF6_FLAG_W,CFC-12,CFC-12_FLAG_W,CFC-11,CFC-11_FLAG_W,N2O,N2O_FLAG,TCARBN,TCARBN_FLAG_W,ALKALI,ALKALI_FLAG_W,PH_TOT,PH_TOT_FLAG_W,PH_TOT_TEMP,FCO2,FCO2_FLAG_W,FCO2TMP
,,, ,, , , , , , , ,METERS,DBAR, ,ITS-90, ,PSS-78, ,UMOL/KG, ,PSS-78, ,UMOL/KG, ,UMOL/KG, ,UMOL/KG, ,UMOL/KG, ,UMOL/KG, ,FMOL/KG, ,PMOL/KG, ,PMOL/KG, ,NMOL/KG,,UMOL/KG, ,UMOL/KG, , , ,DEG C,UATM,,DEG C
33H320240201,A13.5,2,1,1,20101,11113,2,20240210, 1856,1.33294,-3.00126,5246.568,5210.068,2,2.1745,2,34.8424,2,222.9368997,2,34.878,2,239.1140574,2,1.644,6,59,6,23.4,6,0.01,6,0,6,0.1017,6,0.198965,6,14.952565,6,2213.98617,6,2349.877545,2,7.698859498,2,25,813.21,2,20
33H320240201,A13.5,2,1,2,20102,11067,2,20240210, 1856,1.33295,-3.00132,5246.568,4742.557,2,2.2314,2,34.8555,2,222.78791,2,34.8784,6,235.8020705,2,1.581,6,54,6,23,6,0.01,6,0,2,0.05821,2,0.10725,2,14.74311,2,2205.695786,2,2344.258693,2,7.696010608,3,25,806.36,2,20
33H320240201,A13.5,2,1,3,20103,11121,2,20240210, 1856,1.33292,-3.00134,5246.568,4348.448,2,2.2866,2,34.8652,2,223.9386554,2,34.8773,2,243.306479,2,1.559,6,50.6,6,22.6,6,0.01,6,-999,5,0.05214,2,0.08505,2,14.69393,2,2202.546264,2,2341.713743,2,7.707682135,2,25,796.83,2,20
33H320240201,A13.5,2,1,4,20104,11118,2,20240210, 1856,1.33294,-3.00132,5246.568,3999.425,2,2.3685,2,34.876,2,217.7118502,2,34.8932,2,241.2661521,2,1.537,6,47.7,6,22.3,6,0.02,6,0,2,0.02489,2,0.03715,2,14.46636,2,2198.530817,2,2341.57402,2,7.707245239,2,25,790.55,2,20
33H320240201,A13.5,2,1,5,20105,11136,2,20240210, 1856,1.33304,-3.00132,5246.568,3751.464,2,2.4204,2,34.8819,2,223.0909236,2,34.8989,2,242.6319475,2,1.528,6,46.1,6,22.1,6,0.02,6,0,2,0.02276,2,0.03352,2,14.62402,2,2197.025099,2,2341.025109,2,7.711049751,2,25,790.56,2,20
33H320240201,A13.5,2,1,6,20106,11027,2,20240210, 1856,1.33316,-3.00138,5246.568,3449.996,2,2.496,2,34.8884,2,230.4820972,2,34.8986,2,242.4530587,2,1.512,2,43.5,2,22,2,0.02,2,0,2,0.02465,2,0.0371,2,14.62278,2,2194.164572,2,2337.302495,2,7.712800517,2,25,787.43,2,20
33H320240201,A13.5,2,1,7,20107,11117,2,20240210, 1856,1.3332,-3.00124,5246.568,3150.066,2,2.601,2,34.8971,2,224.0432353,2,34.9564,2,241.1415511,2,1.516,2,41,2,21.8,2,0.01,2,0,2,0.01655,2,0.02326,2,14.63088,2,2191.36195,2,2333.579881,6,7.712453343,6,25,783.61,2,20
33H320240201,A13.5,2,1,8,20108,11004,2,20240210, 1856,1.33318,-3.00134,5246.568,2850.127,2,2.7542,2,34.9081,2,225.8735448,2,34.9244,2,233.882773,2,1.481,2,38,2,21.5,2,0.02,2,0,2,0.01855,2,0.02822,2,14.50796,2,2187.026178,2,2329.288396,2,7.718958865,2,25,781.23,2,20
33H320240201,A13.5,2,1,9,20109,11082,2,20240210, 1856,1.33308,-3.00144,5246.568,2550.436,2,2.9627,2,34.9216,2,227.2614207,2,34.9347,2,243.9613547,2,1.46,2,33.2,2,20.9,2,0.01,2,0,2,0.03977,2,0.06866,2,14.48621,2,2183.481481,2,2325.166574,2,7.717477749,2,25,771.96,2,20
33H320240201,A13.5,2,1,10,20110,11115,2,20240210, 1856,1.33316,-3.00148,5246.568,2250.16,2,3.3111,2,34.9429,2,229.1550714,2,34.9653,2,-999,5,1.413,2,26.7,2,20.5,2,0.01,2,0,2,0.04677,2,0.08151,2,14.50772,2,2175.030016,2,2321.344158,2,7.716312015,2,25,769.3,2,20
33H320240201,A13.5,2,1,11,20111,11008,2,20240210, 1856,1.33318,-3.00147,5246.568,1949.385,2,3.7423,2,34.9597,2,227.3583228,2,34.9761,2,-999,5,1.384,2,21.3,2,20.3,2,0.02,2,0,2,0.10966,2,0.19972,2,14.86973,2,2172.102518,2,2313.998733,2,7.713490632,2,25,775.59,2,20
33H320240201,A13.5,2,1,12,20112,-999,2,20240210, 1856,1.33325,-3.00155,5246.568,1700.486,2,4.0327,2,34.9656,2,226.6469446,2,34.9754,2,239.0098068,2,1.369,2,18.3,2,20.2,2,0.02,2,0.16352,2,0.31041,2,0.60427,2,15.2384,2,2171.102178,6,2310.635406,2,7.706954708,2,25,787.2,2,20
33H320240201,A13.5,2,1,13,20113,11058,2,20240210, 1856,1.33314,-3.00154,5246.568,1449.522,2,4.3429,2,34.9396,2,208.6027807,2,34.9516,2,218.473244,2,1.547,2,20,2,22.5,2,0.02,2,0.11554,2,0.20293,2,0.38318,2,16.87199,2,2182.400842,2,2311.523644,2,7.681857591,2,25,835.75,2,20
33H320240201,A13.5,2,1,14,20114,11124,2,20240210, 1856,1.33304,-3.00148,5246.568,1200.585,2,4.6151,2,34.7948,2,170.3375684,2,34.8065,2,176.8348729,2,1.96,2,25.9,2,28.4,2,0.01,2,0,2,0.09915,2,0.18322,2,20.37915,2,2204.812377,2,2307.641347,6,7.610972417,6,25,997.77,2,20
33H320240201,A13.5,2,1,15,20115,11081,2,20240210, 1856,1.33298,-3.0014,5246.568,1000.567,2,4.623,2,34.6421,2,148.9457255,2,34.6517,2,154.7109338,2,2.248,2,30.5,2,32.6,2,0.02,2,0,2,0.07212,2,0.12475,2,22.82869,2,2220.901793,2,2302.371802,2,7.566398543,2,25,1134.29,2,20
33H320240201,A13.5,2,1,16,20116,11126,2,20240210, 1856,1.33312,-3.00144,5246.568,800.484,2,5.2239,2,34.527,2,135.6745293,2,34.5411,2,139.9605961,2,2.383,2,28.9,2,34.7,2,0.02,2,0.20886,2,0.28646,2,0.54651,2,24.77804,2,2222.158996,2,2297.74099,2,7.534859617,2,25,-999,5,20
33H320240201,A13.5,2,1,17,20117,11020,2,20240210, 1856,1.33316,-3.0016,5246.568,599.261,2,6.0709,2,34.5429,2,128.5344793,2,34.55,2,131.6987388,2,2.304,2,24.4,2,34.3,2,0.02,2,0.30994,2,0.54989,2,1.08059,2,25.86827,2,2217.92139,2,2293.339723,2,7.533563338,2,25,1232.11,2,20
33H320240201,A13.5,2,1,18,20118,11128,2,20240210, 1856,1.33316,-3.00166,5246.568,399.967,2,9.2012,2,34.8397,2,85.92709058,2,34.8441,2,88.65195505,2,2.08,2,15.6,2,32.3,2,0.02,2,0.52367,2,0.92993,2,1.74871,2,33.13943,2,2227.222982,2,2297.930614,2,7.517831909,2,25,1285.2,6,20
33H320240201,A13.5,2,1,19,20119,11031,2,20240210, 1856,1.3332,-3.00168,5246.568,300.173,2,10.5794,2,34.9992,2,89.41999882,2,35.0048,2,91.19583677,2,1.876,2,12.9,2,29.1,2,0.02,2,0.8517,2,1.11296,2,2.05717,2,33.02795,2,2219.561356,2,2303.150257,2,7.557700868,2,25,1164.33,2,20
33H320240201,A13.5,2,1,20,20120,11122,2,20240210, 1856,1.3333,-3.0017,5246.568,199.791,2,13.9013,2,35.3939,2,72.81253781,2,35.3798,2,-0.956051094,4,1.671,2,9.4,2,25.5,2,0.02,2,1.16001,2,1.23326,2,2.16095,2,30.82743,2,2220.573095,2,2329.088792,2,7.591854155,2,25,1077.18,2,20
33H320240201,A13.5,2,1,21,20121,11120,2,20240210, 1856,1.33334,-3.00168,5246.568,149.774,2,15.1578,2,35.5607,2,96.83728368,2,35.5653,2,100.5668729,2,1.404,2,7.2,2,20.5,2,0.02,2,1.41665,2,1.34197,2,2.32916,2,24.59934,2,2199.206431,2,2329.537901,2,7.676185527,2,25,865.86,2,20
33H320240201,A13.5,2,1,22,20122,11026,2,20240210, 1856,1.3333,-3.00166,5246.568,100.591,2,16.0963,2,35.6855,2,131.0835272,2,35.6857,2,135.5340031,2,1.074,2,5.2,2,15.3,2,0.04,2,1.65536,2,1.35216,2,2.3674,2,20.63487,2,2174.774994,6,2341.404356,2,7.751421531,2,25,711.08,2,20
33H320240201,A13.5,2,1,23,20123,11102,2,20240210, 1856,1.3332,-3.00156,5246.568,31.871,2,23.4988,2,35.9703,2,201.0240834,2,35.9695,2,202.0283278,2,0.149,2,1.7,2,0.2,2,0.03,2,1.47696,2,1.14877,2,1.99418,2,13.18313,2,2091.940118,2,2356.035327,2,7.957712916,3,25,411.69,2,20
33H320240201,A13.5,2,1,24,20124,11023,2,20240210, 1856,1.33324,-3.00152,5246.568,3.6,2,30.4008,2,33.9966,2,196.4784788,2,34.037,2,200.4887775,2,0.012,2,0.3,2,0,2,0.02,2,1.79501,2,0.84272,2,1.35583,2,6.00166,2,1908.943253,2,2226.003327,2,8.091572297,2,25,270.77,2,20
33H320240201,A13.5,3,1,1,30101,11113,2,20240211, 0117,1.00006,-3.00004,5243.37,5210.62,2,2.181,2,34.8437,2,252.1964828,2,34.8584,2,239.887,2,1.649,6,58.2,6,23.5,6,0.02,6,0,2,0.09612,2,0.17915,2,15.31794,2,2213.077684,6,2350.446416,2,7.700549991,2,25,812.32,2,20
33H320240201,A13.5,3,1,2,30102,11067,2,20240211, 0117,1.0004,-3.00012,5243.37,4664.781,2,2.2465,2,34.8582,2,246.3726038,2,34.8709,2,241.613,2,1.594,6,54,6,23,6,0.02,6,0,2,0.05033,2,0.08412,2,15.13403,2,2205.449357,2,2346.534178,2,7.704784682,2,25,806.2,2,20
33H320240201,A13.5,3,1,3,30103,11121,2,20240211, 0117,1.00018,-3,5243.37,4268.05,2,2.2867,2,34.8665,2,222.7826529,2,34.8766,6,242.588,2,1.579,6,50.6,6,22.5,6,0.02,6,0,2,0.04691,2,0.08017,2,14.9033,2,2200.788357,2,2341.504158,2,7.707918827,2,25,799.74,2,20
33H320240201,A13.5,3,1,4,30104,11118,2,20240211, 0117,1.00036,-2.99995,5243.37,3975.203,2,2.3666,2,34.8766,2,222.3044036,2,34.8835,2,241.383,6,1.557,6,47.9,6,22.5,6,0.02,6,0,2,0.01941,2,0.02766,2,14.6925,2,2198.137474,2,2339.508119,2,7.708677886,2,25,796.39,2,20
33H320240201,A13.5,3,1,5,30105,11136,2,20240211, 0117,1.00042,-3.00008,5243.37,3674.461,2,2.4302,2,34.8831,2,223.9164512,2,34.8907,2,243.39,2,1.533,2,45.2,2,22.1,2,0.01,2,0,2,0.03108,2,0.04741,2,14.76131,2,2194.910233,2,2337.801505,2,7.711576629,2,25,789.61,2,20
33H320240201,A13.5,3,1,6,30106,11027,2,20240211, 0117,1.00032,-3.00023,5243.37,3374.98,2,2.5287,2,34.8913,2,224.2079849,2,34.8998,2,242.865,2,1.537,2,42.7,2,22,2,0.01,2,0.11832,2,0.02494,2,0.04137,2,14.77606,2,2192.256177,2,2333.070891,2,7.711821491,2,25,785.225,6,20
33H320240201,A13.5,3,1,7,30107,11117,2,20240211, 0117,1.00028,-3.00038,5243.37,3075.15,2,2.6308,2,34.898,2,224.9604533,2,34.9104,2,243.137,2,1.514,2,40.6,2,21.8,2,0.01,2,-999,5,0.02384,2,0.03888,2,14.74342,2,2189.075025,2,2331.51398,2,7.714023315,2,25,784.03,2,20
33H320240201,A13.5,3,1,8,30108,11004,2,20240211, 0117,0.99984,-3.00022,5243.37,2774.887,2,2.8305,2,34.9129,2,224.683661,2,34.9212,2,243.802,2,1.468,2,35.7,2,21.3,2,0.01,2,0,2,0.03355,2,0.05606,2,14.69982,2,2183.998237,2,2326.314297,2,7.714512414,2,25,777.85,2,20
33H320240201,A13.5,3,1,9,30109,11082,2,20240211, 0117,1.00008,-3.00026,5243.37,2475.279,2,3.0743,2,34.9291,2,229.6739243,2,34.9436,2,244.197,2,1.459,2,31,2,20.9,2,0.01,2,0,2,0.03883,2,0.06641,2,14.69838,2,2210.723892,4,2321.354139,2,7.717490629,2,25,770.79,2,20
33H320240201,A13.5,3,1,10,30110,11115,2,20240211, 0117,1.0003,-3.00032,5243.37,2174.936,2,3.435,2,34.9498,2,230.129853,2,34.9571,2,245.501,2,1.383,2,24.6,2,20.3,2,0.01,2,0,2,0.08958,2,0.16622,2,14.55116,2,2172.405061,2,2316.214337,2,7.720361248,2,25,762.39,2,20
33H320240201,A13.5,3,1,11,30111,11008,2,20240211, 0117,1.00006,-3.00034,5243.37,1875.264,2,3.897,2,34.9656,2,230.4286026,2,34.9714,2,243.487,2,1.37,2,18.6,2,19.9,2,0.01,2,0.28089,2,0.31335,2,0.61841,2,14.95013,2,2168.99065,2,2310.645386,2,7.713594987,2,25,773.14,2,20
33H320240201,A13.5,3,1,12,30112,-999,2,20240211, 0117,1.00022,-3.0003,5243.37,1610.662,2,4.1498,2,34.9638,2,223.0302368,2,34.9778,2,234.659,2,1.43,2,18.1,2,20.7,2,0.01,2,0.31908,2,0.33246,2,0.65244,2,15.67601,2,2171.890202,6,2308.79905,2,7.701740902,2,25,799.23,2,20
33H320240201,A13.5,3,1,13,30113,11058,2,20240211, 0117,1.00006,-3.00018,5243.37,1350.27,2,4.5174,2,34.897,2,193.2249103,2,34.9051,2,202.323,2,1.704,2,21.7,2,24.7,2,0.01,2,0.18576,2,0.1888,2,0.35355,2,18.16553,2,2189.741949,2,2308.040554,2,7.659968157,2,25,894.33,2,20
33H320240201,A13.5,3,1,14,30114,11124,2,20240211, 0117,1.00034,-3.00028,5243.37,1150.098,2,4.5867,2,34.7509,2,163.1017742,2,34.7605,2,170.15,2,2.041,2,27.7,2,29.8,2,0.01,2,0,2,0.07389,2,0.12628,2,21.16709,2,2208.12513,2,2306.144317,2,7.599848439,2,25,1040.81,2,20
33H320240201,A13.5,3,1,15,30115,11081,2,20240211, 0117,1.00038,-3.00028,5243.37,950.418,2,4.6892,2,34.6024,2,144.434923,2,34.6121,2,148.797,2,2.32,2,31.1,2,33.7,2,0.01,2,0,2,0.07934,2,0.14964,2,23.56993,2,2219.488083,2,2300.405703,2,7.552629502,2,25,1172.69,2,20
33H320240201,A13.5,3,1,16,30116,11126,2,20240211, 0117,1.00024,-3.00016,5243.37,785.257,2,5.1737,2,34.5265,2,137.0128007,2,34.5311,2,141.28,2,2.403,2,29.3,2,34.8,2,0.01,2,0.1362,2,0.27641,2,0.36992,2,24.60798,2,2221.626229,2,2295.784871,2,7.536227651,2,25,1224.2,2,20
33H320240201,A13.5,3,1,17,30117,11020,2,20240211, 0117,1.00006,-3.00014,5243.37,650.358,2,5.7529,2,34.523,2,131.8661256,2,34.5305,2,135.158,3,2.36,2,25.9,2,34.6,2,0.02,2,0.25354,2,0.46956,2,0.88545,2,25.38457,2,2218.54051,2,2291.333703,2,7.532539684,2,25,1228.58,2,20
33H320240201,A13.5,3,1,18,30118,11128,2,20240211, 0117,0.99994,-3.00014,5243.37,490.915,2,7.5629,2,34.677,2,98.81788007,2,34.6703,2,103.815,2,2.284,2,20.1,2,34.4,2,0.01,2,0.2079,2,0.64752,2,1.03826,2,29.4102,2,2226.403136,2,2289.966416,6,7.512349087,6,25,1282.4,2,20
33H320240201,A13.5,3,1,19,30119,11031,2,20240211, 0117,1.00008,-3.00026,5243.37,325.338,2,9.8169,2,34.9026,2,99.93524744,2,34.9048,2,101.799,2,1.918,2,13.7,2,29.4,2,0.02,2,-999,5,1.03562,6,1.746885,6,31.05723,6,2213.511339,2,2297.531406,2,7.560438426,2,25,1160.3,2,20
33H320240201,A13.5,3,1,20,30120,11122,2,20240211, 0117,0.99996,-3.00022,5243.37,210.659,2,13.0645,2,35.2916,2,80.53196903,2,35.2884,2,79.628,2,1.699,2,9.8,2,25.7,2,0.02,2,1.08287,2,1.10927,2,1.70189,2,30.23671,2,2215.070207,2,2322.022812,2,7.593693344,2,25,1064.97,2,20
33H320240201,A13.5,3,1,21,30121,11120,2,20240211, 0117,0.99993,-3.00022,5243.37,164.692,2,14.7563,2,35.51,2,84.32335672,2,35.5042,2,85.421,6,1.521,2,8,2,22.7,2,0.02,2,1.31784,2,1.25601,2,1.18658,2,25.77909,2,2207.486779,2,2323.260356,2,7.64174181,2,25,946.56,2,20
33H320240201,A13.5,3,1,22,30122,11026,2,20240211, 0117,1.00008,-3.00026,5243.37,110.146,2,15.666,2,35.634,2,116.028506,2,35.627,2,116.441,2,1.267,2,6.3,2,17.9,2,0.02,2,1.45884,2,1.3229,2,1.51288,2,21.58042,2,2185.954788,2,2334.338376,2,7.716612275,2,25,779.56,2,20
33H320240201,A13.5,3,1,23,30123,11102,2,20240211, 0117,1.00018,-3.00028,5243.37,59.456,2,17.7223,2,35.8174,2,120.6773118,2,35.8155,2,123.253,2,1.084,2,4.8,2,14.7,2,0.3,2,1.50121,2,1.22819,2,1.0404,2,19.79005,2,2176.935506,2,2342.921347,2,7.758235105,2,25,699.99,2,20
33H320240201,A13.5,3,1,24,30124,11023,2,20240211, 0117,1.00008,-3.00028,5243.37,3.466,2,30.0984,2,33.9967,2,197.184699,2,33.9989,2,198.733,2,0.04,2,0.4,2,0,2,0.02,2,1.73872,2,0.83694,2,1.01781,2,5.92775,2,1909.008006,6,2228.308752,2,8.081003847,2,25,276.1,2,20
33H320240201,A13.5,4,1,1,40101,11113,2,20240211, 0729,0.66728,-3.00009,5249.096,5211.716,2,2.1765,2,34.8429,2,223.2149329,2,34.8531,2,240.28,2,1.63,6,58.2,6,23.3,6,0.01,6,0,2,0.09748,2,0.12395,2,14.71681,2,2213.047167,6,2341.494178,2,7.698410238,2,25,811.68,2,20
33H320240201,A13.5,4,1,2,40102,11067,2,20240211, 0729,0.66782,-3.00013,5249.096,4774.477,2,2.2258,2,34.8546,2,223.5266238,2,34.8658,2,241.726,2,1.592,6,54.1,6,22.9,6,0.01,6,0,2,0.0657,2,0.06475,2,14.71088,2,2205.709268,2,2343.330535,2,7.702623639,2,25,805.02,2,20
33H320240201,A13.5,4,1,3,40103,11121,2,20240211, 0729,0.6676,-3.00006,5249.096,4425.332,2,2.2717,2,34.8634,2,222.8350599,2,34.874,2,239.947,2,1.585,6,51.8,6,22.7,6,0.01,6,0,2,0.03628,2,0.03485,2,14.68968,2,2203.597868,2,2342.152871,2,7.707239601,2,25,798.27,2,20
33H320240201,A13.5,4,1,4,40104,11118,2,20240211, 0729,0.66772,-3.00007,5249.096,4125.928,2,2.3205,2,34.871,2,223.6819059,2,34.8884,6,242.957,2,1.557,6,48.8,6,22.4,6,0.01,6,-999,5,0.03487,2,0.03865,2,14.45352,2,2200.978759,2,2339.657822,2,7.708213398,2,25,793.05,2,20
33H320240201,A13.5,4,1,5,40105,11136,2,20240211, 0729,0.66769,-3.00015,5249.096,3824.239,2,2.3751,2,34.8775,2,224.2162134,2,34.8864,2,242.2,2,1.536,2,46.4,2,22.1,2,0,2,0,2,0.03379,2,0.03576,2,14.39617,2,2197.484019,2,2336.593901,2,7.703850553,2,25,789.49,2,20
33H320240201,A13.5,4,1,6,40106,11027,2,20240211, 0729,0.6675,-3.00018,5249.096,3524.674,2,2.4708,2,34.8861,2,224.4641593,2,34.8959,2,243.893,2,1.53,2,43.7,2,21.9,2,0.01,2,0,2,0.0307,2,0.03851,2,13.68019,2,2195.527566,2,2336.484119,2,7.710804722,2,25,784.97,2,20
33H320240201,A13.5,4,1,7,40107,11117,2,20240211, 0729,0.66758,-3.00018,5249.096,3224.582,2,2.5934,2,34.8953,2,223.3699225,2,34.9045,2,241.177,2,1.524,2,41.6,2,21.8,2,0.01,2,0,6,0.01662,6,0.01964,6,13.82455,6,2190.984035,2,2333.130772,2,7.711816202,2,25,778.99,2,20
33H320240201,A13.5,4,1,8,40108,11004,2,20240211, 0729,0.6675,-3.00019,5249.096,2926.416,2,2.7263,2,34.9051,2,225.7605525,2,34.9186,2,242.966,2,1.492,2,37.9,2,21.4,2,0.01,2,0,2,0.03256,2,0.02935,2,14.21981,2,2187.481746,2,2325.186535,2,7.702122365,2,25,783.87,2,20
33H320240201,A13.5,4,1,9,40109,11082,2,20240211, 0729,0.66744,-3.0002,5249.096,2627.429,2,2.9152,2,34.9181,2,225.8271957,2,34.9252,2,242.274,2,1.477,2,34.6,2,21.2,2,0,2,0,2,0.02478,2,0.02964,2,13.85165,2,2185.271195,2,2327.861228,2,7.71016435,2,25,769.15,2,20
33H320240201,A13.5,4,1,10,40110,11115,2,20240211, 0729,0.66735,-3.00018,5249.096,2325.476,2,3.1512,2,34.9329,2,229.27511,2,34.9426,2,243.963,2,1.413,2,29.3,2,20.6,2,0.01,2,0,2,0.06671,2,0.09143,2,13.71045,2,2178.903206,2,2320.93497,2,7.716853438,2,25,775.4,2,20
33H320240201,A13.5,4,1,11,40111,11008,2,20240211, 0729,0.6674,-3.00016,5249.096,2026.138,2,3.6307,2,34.9577,2,231.392911,2,34.9652,2,244.62,2,1.373,2,21.2,2,19.9,2,0.01,2,0,2,0.16756,2,0.24161,2,13.90809,2,2168.392985,2,2314.657426,2,7.717326735,2,25,766.53,2,20
33H320240201,A13.5,4,1,12,40112,-999,2,20240211, 0729,0.6675,-3.00018,5249.096,1740.561,2,4.0518,2,34.9649,2,225.7219405,2,34.971,2,238.563,2,1.397,2,18.3,2,20.3,2,0.01,2,0.20976,2,0.29248,2,0.54602,2,14.61609,2,2172.745113,2,2309.617426,2,7.706757258,2,25,786.6,2,20
33H320240201,A13.5,4,1,13,40113,11058,2,20240211, 0729,0.66764,-3.00022,5249.096,1500.837,2,4.3029,2,34.9486,2,212.6635552,2,34.9585,2,223.98,2,1.5,2,19.3,2,21.9,2,0.01,2,0,2,0.24152,2,0.48084,2,16.03337,2,2179.339157,6,2310.076515,2,7.687513933,2,25,826.845,6,20
33H320240201,A13.5,4,1,14,40114,11124,2,20240211, 0729,0.66748,-3.0002,5249.096,1241.414,2,4.6296,2,34.8431,2,178.8367546,2,34.8489,2,186.044,2,1.839,2,23.9,2,26.7,2,0,2,0,2,0.14774,2,0.32044,2,14.83894,2,2197.297745,2,2308.180277,6,7.634202069,6,25,951.07,2,20
33H320240201,A13.5,4,1,15,40115,11081,2,20240211, 0729,0.66744,-3.00022,5249.096,992.433,2,4.6176,2,34.6562,2,150.9913111,2,34.6595,2,155.065,2,2.247,2,30.1,2,32.2,2,0,2,0,2,0.06552,2,0.11446,2,20.48246,2,2217.88482,2,2304.597386,2,7.568852929,2,25,1126.45,2,20
33H320240201,A13.5,4,1,16,40116,11126,2,20240211, 0729,0.66756,-3.00019,5249.096,750.709,2,5.4038,2,34.5147,2,138.0871963,2,34.5265,2,142.083,2,2.34,2,27.4,2,34.2,2,0.01,2,0.32496,2,0.41446,2,0.84795,2,23.21012,2,2219.664263,2,2293.878653,2,7.540151963,2,25,1210.64,2,20
33H320240201,A13.5,4,1,17,40117,11020,2,20240211, 0729,0.66772,-3.00021,5249.096,586.676,2,6.1263,2,34.549,2,128.1478089,2,34.5615,2,131.37,2,2.305,2,24.1,2,34.1,2,0.01,2,0.4156,2,0.55609,2,1.10504,2,23.98875,2,2219.416353,2,2292.531327,2,7.533120523,3,25,1234.67,2,20
33H320240201,A13.5,4,1,18,40118,11128,2,20240211, 0729,0.6678,-3.0002,5249.096,426.454,2,8.6626,2,34.7805,2,84.08431455,2,34.7848,2,87.236,2,2.159,2,16.8,2,33.5,2,0.01,2,0.59968,2,0.85093,2,1.93205,2,31.01037,2,2232.034533,2,2292.750891,2,7.504181966,2,25,1330.49,2,20
33H320240201,A13.5,4,1,19,40119,11031,2,20240211, 0729,0.66768,-3.00019,5249.096,275.59,2,11.3643,2,35.0747,2,107.4171102,2,35.0682,2,110.018,2,1.678,2,10.8,2,25.4,2,0.01,2,-999,5,1.24232,2,2.61712,2,27.38348,2,2205.398179,2,2305.256079,2,7.608448835,2,25,1022.17,2,20
33H320240201,A13.5,4,1,20,40120,11122,2,20240211, 0729,0.66774,-3.00023,5249.096,190.72,2,13.7624,2,35.3767,2,74.9910597,2,35.3655,2,75.769,6,1.651,2,9.1,2,24.9,2,0.01,2,1.18645,2,1.21701,2,2.6578,2,28.48604,2,2217.983352,2,2326.124673,2,7.600960968,2,25,1045.16,2,20
33H320240201,A13.5,4,1,21,40121,11120,2,20240211, 0729,0.6678,-3.00026,5249.096,141.248,2,15.1846,2,35.5658,2,113.9814718,2,35.5639,6,114.767,2,1.298,2,6.5,2,18.5,2,0.01,2,1.54122,2,1.35498,2,2.52329,2,22.14226,2,2189.501214,2,2331.214574,2,7.704194783,2,25,803.19,2,20
33H320240201,A13.5,4,1,22,40122,11026,2,20240211, 0729,0.66766,-3.00024,5249.096,89.906,2,16.1985,2,35.6951,2,112.3031377,2,35.68,2,114.172,2,1.223,2,5.8,2,17.3,2,0.02,2,1.46579,2,1.33072,2,2.2326,2,20.29125,2,2189.084217,6,2335.266535,2,7.723276714,2,25,766.59,2,20
33H320240201,A13.5,4,1,23,40123,11102,2,20240211, 0729,0.66754,-3.00022,5249.096,39.847,2,21.2082,2,35.8924,2,159.8297923,2,35.8877,2,164.551,2,0.528,2,2.1,2,5,2,0.46,2,1.88959,2,1.19351,2,1.91816,2,16.4493,2,2130.081458,2,2349.847604,2,7.882045866,2,25,508.41,2,20
33H320240201,A13.5,4,1,24,40124,11023,2,20240211, 0729,0.66746,-3.00022,5249.096,2.981,2,29.6648,2,33.6346,2,196.1324564,2,33.6645,2,199.106,2,0.049,2,0.3,2,0,2,0.01,2,1.67851,2,0.86838,2,1.22408,2,5.66167,2,1898.422969,2,2206.232554,2,8.079224332,2,25,276.53,2,20
33H320240201,A13.5,5,1,1,50101,11113,2,20240211, 1333,0.33368,-3.00012,5255.161,5212.231,2,2.1672,2,34.8422,2,223.7102269,2,34.8561,2,240.9,2,1.635,6,58.5,6,23.6,6,0,6,0,2,0.10253,2,0.18957,2,14.00926,2,2214.642211,2,2347.093069,6,7.699063415,6,25,812.75,2,20
33H320240201,A13.5,5,1,2,50102,11067,2,20240211, 1333,0.33352,-3.0002,5255.161,4731.006,2,2.2262,2,34.8553,2,223.2918766,2,34.8692,2,242.073,2,1.594,6,54.1,6,23.1,6,0,6,0,2,0.05422,2,0.09513,2,14.16798,2,2206.831153,6,2342.651881,2,7.698620033,2,25,805.09,2,20
33H320240201,A13.5,5,1,3,50103,11121,2,20240211, 1333,0.33332,-3.00005,5255.161,4350.527,2,2.2849,2,34.8653,2,223.6040395,2,34.8764,2,243.025,2,1.571,6,50.8,6,22.7,6,0,6,0,2,0.03795,2,0.0617,2,13.77517,2,2203.501929,2,2339.787564,2,7.706649679,2,25,795.97,2,20
33H320240201,A13.5,5,1,4,50104,11118,2,20240211, 1333,0.33376,-3.00006,5255.161,4000.715,2,2.3325,2,34.8725,2,224.2510623,2,34.8884,2,243.172,2,1.555,6,48.3,6,22.5,6,0,6,0,2,0.04261,2,0.06763,2,12.98451,2,2200.224917,2,2339.308515,2,7.707407686,2,25,792.07,2,20
33H320240201,A13.5,5,1,5,50105,11136,2,20240211, 1333,0.33354,-3.00015,5255.161,3751.005,2,2.3959,2,34.8798,2,224.3856526,2,34.8907,6,242.711,2,1.534,2,46,2,22.2,2,0,2,0,2,0.03491,2,0.05704,2,12.76404,2,2196.369245,2,2335.855366,2,7.708386686,2,25,789.07,2,20
33H320240201,A13.5,5,1,6,50106,11027,2,20240211, 1333,0.33378,-3.00006,5255.161,3450.269,2,2.4745,2,34.8866,2,223.781972,2,34.9029,2,242.082,6,1.523,2,44.2,2,22.1,2,0,2,0,2,0.02402,2,0.03581,2,13.4022,2,2194.949633,2,2336.923248,2,7.711788935,2,25,787.05,2,20
33H320240201,A13.5,5,1,7,50107,11117,2,20240211, 1333,0.33358,-3.00027,5255.161,3151.016,2,2.6227,2,34.8973,2,223.4092385,2,34.9268,2,239.65,2,1.511,2,41.2,2,22,2,0,2,0,2,0.01357,2,0.02721,2,13.34729,2,2192.172569,2,2333.659723,2,7.709859965,2,25,785.12,2,20
33H320240201,A13.5,5,1,8,50108,11004,2,20240211, 1333,0.33374,-3,5255.161,2850.116,2,2.7471,2,34.9063,2,226.7383888,2,34.9169,2,243.614,2,1.481,2,37.4,2,21.5,2,0,2,0,2,0.04499,2,0.06864,2,13.39613,2,2187.123172,2,2329.108752,2,7.711733495,2,25,778.71,2,20
33H320240201,A13.5,5,1,9,50109,11082,2,20240211, 1333,0.33372,-3.00011,5255.161,2550.198,2,2.9674,2,34.922,2,226.7965208,2,34.9665,2,242.8100141,2,1.464,2,33.2,2,21.2,2,0,2,0,2,0.02604,2,0.0437,2,13.34695,2,2183.005433,2,2325.705505,2,7.713695495,2,25,774.85,2,20
33H320240201,A13.5,5,1,10,50110,11115,2,20240211, 1333,0.33376,-3,5255.161,2250.47,2,3.2425,2,34.9394,2,230.7097866,2,34.963,2,245.449,2,1.405,2,27.1,2,20.6,2,0,2,0,2,0.08616,2,0.16042,2,13.33173,2,2175.919863,2,2318.260277,2,7.698059085,2,25,767.12,2,20
33H320240201,A13.5,5,1,11,50111,11008,2,20240211, 1333,0.33374,-3.00008,5255.161,1950.578,2,3.7463,2,34.9614,2,231.4644035,2,35.0015,2,243.615,2,1.36,2,19.8,2,19.9,2,0,2,0,2,0.23396,2,0.43185,2,13.20661,2,2169.718475,2,2312.661386,2,7.716119717,2,25,768.32,2,20
33H320240201,A13.5,5,1,12,50112,-999,2,20240211, 1333,0.33364,-3.00004,5255.161,1700.185,2,4.0201,2,34.965,2,226.1470379,2,34.9753,2,238.414,2,1.388,2,18.4,2,20.5,2,0,2,0,2,0.2687,6,0.508625,6,13.967355,6,2171.093379,2,2310.695287,2,7.708089513,2,25,786.02,2,20
33H320240201,A13.5,5,1,13,50113,11058,2,20240211, 1333,0.33364,-2.99996,5255.161,1450.313,2,4.3968,2,34.9357,2,206.2058017,2,34.9444,2,215.967,2,1.563,2,19.9,2,22.9,2,0,2,0,2,0.22514,2,0.41654,2,15.0773,2,2183.502675,2,2310.186297,2,7.678014576,2,25,844.81,2,20
33H320240201,A13.5,5,1,14,50114,11124,2,20240211, 1333,0.33376,-3.00006,5255.161,1200.192,2,4.6262,2,34.8024,2,171.8188324,2,34.8104,2,178.53,2,1.941,2,25.6,2,28.3,2,0,2,0,2,0.11675,2,0.20783,2,18.68346,2,2203.674615,6,2309.258139,2,7.61696022,2,25,991.79,2,20
33H320240201,A13.5,5,1,15,50115,11081,2,20240211, 1333,0.33364,-3.00008,5255.161,1000.533,2,4.6127,2,34.6603,2,151.6123282,2,34.6678,2,156.608,2,2.213,2,30,2,32.1,2,0,2,0,2,0.07102,2,0.12413,2,20.17382,2,2216.960736,2,2303.77901,2,7.572071808,2,25,1118.6,2,20
33H320240201,A13.5,5,1,16,50116,11126,2,20240211, 1333,0.33358,-3.00008,5255.161,800.694,2,4.9654,2,34.5245,2,142.1613403,2,34.5375,2,144.943,2,2.356,2,30,2,34.4,2,0,2,0.09657,2,0.26002,2,0.4906,2,21.9047,2,2218.300732,2,2296.363723,2,7.544846631,3,25,1198.32,2,20
33H320240201,A13.5,5,1,17,50117,11020,2,20240211, 1333,0.33408,-3.00016,5255.161,600.252,2,6.203,2,34.5524,2,127.770445,2,34.5601,2,130.484,2,2.282,2,23.6,2,34.1,2,0,2,0.32165,2,0.59087,2,0.89432,2,24.21437,2,2216.930724,2,2292.122139,2,7.532828091,2,25,1229.5,2,20
33H320240201,A13.5,5,1,18,50118,11128,2,20240211, 1333,0.3341,-3.0002,5255.161,400.496,2,8.9149,2,34.8088,2,83.77701358,2,34.8387,2,85.966,2,2.122,2,16.3,2,33.2,2,0.01,2,0.58339,2,0.88518,2,1.66186,2,31.81068,2,2232.707612,2,2295.20602,2,7.508280616,2,25,1321.25,6,20
33H320240201,A13.5,5,1,19,50119,11031,2,20240211, 1333,0.334,-3.00018,5255.161,301.525,2,10.3343,2,34.9573,2,103.1189987,2,34.9582,6,105.3,6,1.822,2,12.4,2,28,2,0.01,2,0.85886,2,1.15947,2,1.76056,2,28.43217,2,2213.29611,2,2301.832871,2,7.578575377,2,25,1107.97,2,20
33H320240201,A13.5,5,1,20,50120,11122,2,20240211, 1333,0.33382,-3.00013,5255.161,200.948,2,13.4356,2,35.3358,2,75.98902011,2,35.3267,2,82.796,3,1.673,2,9.5,2,25.6,2,0.01,2,1.13102,2,1.22952,2,2.11311,2,28.11576,2,2219.738149,2,2314.368,2,7.596523478,2,25,1061.12,2,20
33H320240201,A13.5,5,1,21,50121,11120,2,20240211, 1333,0.33388,-3.0002,5255.161,150.62,2,15.0812,2,35.5516,2,106.3959667,2,35.5464,2,106.931,2,1.348,2,7,2,19.8,2,0.01,2,1.40814,2,1.32476,2,1.86228,2,22.81764,2,2195.865879,2,2332.192634,2,7.69072302,2,25,837.91,2,20
33H320240201,A13.5,5,1,22,50122,11026,2,20240211, 1333,0.33386,-3.00016,5255.161,100.736,2,15.7851,2,35.6487,2,134.2024505,2,35.647,2,137.568,3,1.1,2,5.5,2,15.2,2,0.02,2,1.48676,2,1.35242,2,2.2491,2,18.36321,2,2173.29158,6,2335.316436,2,7.756461219,2,25,702.59,2,20
33H320240201,A13.5,5,1,23,50123,11102,2,20240211, 1333,0.33383,-3.00012,5255.161,28.6,2,25.0171,2,35.8541,2,199.5779475,2,35.8789,2,202.499,2,0.178,2,1.3,2,0.1,2,0.02,2,1.71663,2,1.07053,2,1.63216,2,10.14807,2,2068.18544,2,2344.61798,2,7.989289173,2,25,377.45,2,20
33H320240201,A13.5,5,1,24,50124,11023,2,20240211, 1333,0.33384,-3.00018,5255.161,2.476,2,29.5971,2,34.3914,2,197.9998162,2,34.4152,2,201.5042272,2,0.043,2,1,2,0,2,0.01,2,1.44845,2,0.88824,2,1.1431,2,5.40818,2,1947.827965,2,2252.39097,6,8.056073548,6,25,298.98,2,20
33H320240201,A13.5,6,1,1,60101,11113,2,20240211, 1941,0.00028,-3.00014,5238.766,5216.706,2,2.1581,2,34.8412,2,223.9752883,2,34.853,2,241.688,2,1.63,6,58.1,6,23.5,6,0,6,0,2,0.10843,2,0.19783,2,14.00497,2,2210.951974,6,2349.548198,2,7.703955115,2,25,813.21,2,20
33H320240201,A13.5,6,1,2,60102,11067,2,20240211, 1941,0.00014,-3.0001,5238.766,4700.305,2,2.2328,2,34.8564,2,222.1142971,2,34.8855,2,241.164,2,1.587,6,54.2,6,23,6,0.01,6,0,2,0.04305,2,0.06913,2,13.82692,2,2207.989564,2,2348.899485,2,7.673721203,3,25,805.195,6,20
33H320240201,A13.5,6,1,3,60103,11121,2,20240211, 1941,0.00018,-3.0002,5238.766,4427.922,2,2.267,2,34.8627,2,221.3404047,2,34.8719,2,240.728,2,1.59,6,52.5,6,23,6,0,6,0,2,0.03083,2,0.05036,2,13.69676,2,2207.280459,2,2344.518178,2,7.705370916,2,25,-999,9,20
33H320240201,A13.5,6,1,4,60104,11118,2,20240211, 1941,0.00016,-3.00022,5238.766,4275.418,2,2.2807,2,34.8656,2,223.0998876,2,34.874,2,242.02,2,1.575,6,50.7,6,22.7,6,0,6,0,2,0.03675,2,0.03715,2,14.66508,2,2200.893869,2,2341.963248,2,7.71105259,2,25,797.66,2,20
33H320240201,A13.5,6,1,5,60105,11136,2,20240211, 1941,0.00037,-3.00018,5238.766,3676.06,2,2.4138,2,34.8814,2,223.5949111,2,34.8971,2,242.099,2,1.554,2,45.7,2,22.3,2,0,2,0,2,0.02886,2,0.03812,2,13.52513,2,2197.98547,2,2336.404277,2,7.706939102,2,25,788.69,2,20
33H320240201,A13.5,6,1,6,60106,11027,2,20240211, 1941,0.00014,-3.00008,5238.766,3374.466,2,2.4753,2,34.8871,2,223.7645198,2,34.9058,6,241.964,2,1.534,2,44.1,2,22.2,2,0.01,2,0,2,0.02402,2,0.03948,2,12.9006,2,2196.405088,2,2334.757545,2,7.710269836,3,25,787.84,2,20
33H320240201,A13.5,6,1,7,60107,11117,2,20240211, 1941,0.0003,-3.0001,5238.766,3075.133,2,2.6283,2,34.8974,2,224.5564207,2,34.905,2,241.5095,6,1.529,2,40.6,2,21.9,2,0,2,0,2,0.03001,2,0.04851,2,13.69997,2,2192.169221,2,2331.134733,2,7.710778247,2,25,784.17,2,20
33H320240201,A13.5,6,1,8,60108,11004,2,20240211, 1941,0.00022,-3.00012,5238.766,2775.388,2,2.7877,2,34.9081,2,225.3484516,2,34.9169,2,241.922,2,1.507,2,37.5,2,21.6,2,0.01,2,0,2,0.02756,2,0.04445,2,12.90526,2,2184.921382,2,2324.887129,2,7.719271522,2,25,780.15,2,20
33H320240201,A13.5,6,1,9,60109,11082,2,20240211, 1941,0.00028,-3.00002,5238.766,2475.568,2,3.0409,2,34.9257,2,228.8526085,2,34.9332,2,244.969,2,1.446,2,31.1,2,20.9,2,0.01,2,0,2,0.06949,2,0.12858,2,14.11399,2,2181.389656,2,2320.865109,2,7.716423262,2,25,769.57,2,20
33H320240201,A13.5,6,1,10,60110,11115,2,20240211, 1941,0.00018,-3,5238.766,2175.07,2,3.3989,2,34.9476,2,231.1418824,2,34.9559,2,245.956,2,1.406,2,24.5,2,20.3,2,0.01,2,0,2,0.11398,2,0.21754,2,12.01806,2,2173.573317,2,2314.677386,2,7.719382877,2,25,764.73,2,20
33H320240201,A13.5,6,1,11,60111,11008,2,20240211, 1941,0.00024,-3,5238.766,1875.173,2,3.8844,2,34.9653,2,230.5674141,2,34.9717,2,230.161,3,1.368,2,18.6,2,20,2,0.01,2,0.12847,2,0.30423,2,0.58346,2,13.89839,2,2170.088079,2,2307.371881,2,7.713574155,2,25,774.05,2,20
33H320240201,A13.5,6,1,12,60112,-999,2,20240211, 1941,0.00022,-2.99996,5238.766,1609.998,2,4.1355,2,34.9622,2,222.2219287,2,34.9663,2,233.151,2,1.43,2,18.5,2,20.9,2,0.01,2,0.21857,2,0.28477,2,0.58658,2,14.24514,2,2174.950303,6,2307.162297,2,7.702744132,2,25,798.26,2,20
33H320240201,A13.5,6,1,13,60113,11058,2,20240211, 1941,0,-3,5238.766,1350.088,2,4.5367,2,34.8941,2,192.5173705,2,34.9002,2,201.089,2,1.711,2,21.8,2,24.9,2,0.01,2,0.20682,2,0.20181,2,0.42062,2,17.3039,2,2191.305552,2,2306.513584,2,7.655429348,2,25,897.79,2,20
33H320240201,A13.5,6,1,14,60114,11124,2,20240211, 1941,0,-3.00004,5238.766,1149.808,2,4.5916,2,34.7821,2,169.0870811,2,34.7884,2,176.144,2,1.984,2,26.3,2,28.8,2,0.01,2,0,2,0.10343,2,0.19242,2,19.12488,2,2206.750486,2,2305.006574,2,7.61235911,2,25,1007.71,2,20
33H320240201,A13.5,6,1,15,60115,11081,2,20240211, 1941,0.00002,-3.0001,5238.766,950.422,2,4.6484,2,34.6076,2,147.2157027,2,34.6158,2,152.057,2,2.287,2,31.2,2,33.2,2,0,2,0,2,0.09519,2,0.17096,2,21.22755,2,2220.272386,2,2302.331881,2,7.562282209,3,25,1155.15,2,20
33H320240201,A13.5,6,1,16,60116,11126,2,20240211, 1941,-0.00008,-3.00016,5238.766,785.849,2,4.9696,2,34.5035,2,145.0199411,2,34.5093,2,148.548,2,2.357,2,29.9,2,34.4,2,0,2,0.10187,2,0.33241,2,0.63327,2,22.68407,2,2218.792921,2,2296.633188,6,7.547098411,6,25,1191.98,2,20
33H320240201,A13.5,6,1,17,60117,11020,2,20240211, 1941,-0.00008,-3.00024,5238.766,648.764,2,5.785,2,34.5273,2,132.7661789,2,34.5337,2,135.595,2,2.329,2,25.5,2,34.5,2,0.01,2,0.28765,2,0.50733,2,1.03095,2,23.98569,2,2220.610594,2,2293.339723,2,7.538953063,2,25,1221.01,2,20
33H320240201,A13.5,6,1,18,60118,11128,2,20240211, 1941,-0.00008,-3.00024,5238.766,450.538,2,8.3944,2,34.7516,2,87.19628817,2,34.7533,6,90.117,2,2.198,2,17.5,2,34,2,0.01,2,0.518785,6,0.82081,6,1.6071,6,30.72684,6,2234.029352,2,2295.645149,2,7.500920647,2,25,1341.61,2,20
33H320240201,A13.5,6,1,19,60119,11031,2,20240211, 1941,-0.00038,-3.00012,5238.766,276.026,2,10.8097,2,35.0086,2,105.2328797,2,35.0062,2,106.755,2,1.756,2,11.6,2,26.9,2,0.01,2,1.06366,2,1.2138,2,2.19372,2,28.66021,2,2210.042098,2,2304.477624,2,7.595968798,2,25,1074.13,2,20
33H320240201,A13.5,6,1,20,60120,11122,2,20240211, 1941,-0.00042,-3.0001,5238.766,225.013,2,12.4742,2,35.2177,2,83.38083621,2,35.2164,2,82.806,2,1.704,2,10,2,26.1,2,0.01,2,1.00439,2,1.22212,2,2.12185,2,31.0353,2,2217.759441,2,2323.689505,2,7.589592694,2,25,1068.49,2,20
33H320240201,A13.5,6,1,21,60121,11120,2,20240211, 1941,-0.00034,-3.00013,5238.766,165.446,2,14.412,2,35.459,2,84.5554071,2,35.4541,2,85.56,2,1.546,2,8.3,2,23.2,2,0.01,2,0.9401,2,1.27203,2,2.12227,2,26.1746,2,2209.992392,2,2325.605703,2,7.641116713,2,25,962.87,2,20
33H320240201,A13.5,6,1,22,60122,11026,2,20240211, 1941,-0.00022,-3.00016,5238.766,110.393,2,15.6538,2,35.6339,2,138.8126176,2,35.6315,2,141.013,2,1.086,2,5.4,2,14.9,2,0.02,2,1.66731,2,1.36327,2,2.34515,2,18.12975,2,2172.532971,2,2336.833426,2,7.767065704,2,25,695.2,2,20
33H320240201,A13.5,6,1,23,60123,11102,2,20240211, 1941,-0.0002,-3.00016,5238.766,60.279,2,17.5426,2,35.8512,2,146.2671466,2,35.8476,2,151.516,2,0.892,2,4.3,2,11.8,2,0.11,2,1.81157,2,1.31994,2,2.31826,2,16.50855,2,2161.722657,2,2350.236832,2,7.808663802,3,25,610.36,2,20
33H320240201,A13.5,6,1,24,60124,11023,2,20240211, 1941,-0.00026,-3.00009,5238.766,2.759,2,29.5303,2,34.6623,2,197.051179,2,34.6672,2,200.068,2,0.038,2,1.3,2,0,2,0.01,2,1.75443,2,0.88957,2,1.41602,2,5.54251,2,1967.024718,6,2264.756436,2,7.998361202,2,25,306.41,2,20
33H320240201,A13.5,7,1,1,70101,11113,2,20240212, 0201,-0.33278,-3.00028,5271.305,5227.395,2,2.1615,2,34.8413,2,224.8356554,2,34.8536,2,241.755,2,1.619,6,58.1,6,23.3,6,0.01,6,0,2,0.1098,2,0.21737,2,14.45989,2,2210.663844,6,2343.021149,2,7.700291548,2,25,815.89,2,20
33H320240201,A13.5,7,1,2,70102,11067,2,20240212, 0201,-0.3329,-3.00031,5271.305,4825.519,2,2.1966,2,34.8509,2,223.4311529,2,34.8613,2,241.256,2,1.591,6,55.4,6,23.1,6,0.01,6,0,2,0.06847,2,0.13209,2,14.08682,2,2206.3889,2,2340.675802,2,7.701411539,2,25,810.46,2,20
33H320240201,A13.5,7,1,3,70103,11121,2,20240212, 0201,-0.33302,-3.00024,5271.305,4425.756,2,2.2672,2,34.8623,2,223.49127,2,34.8744,2,242.175,2,1.571,6,51.7,6,22.7,6,0.01,6,0,2,0.04441,2,0.06753,2,14.15764,2,2201.060402,2,2339.617901,2,7.706505091,2,25,-999,9,20
33H320240201,A13.5,7,1,4,70104,11118,2,20240212, 0201,-0.333,-3.00022,5271.305,4125.022,2,2.3041,2,34.8692,2,224.1424928,2,34.8875,2,242.828,2,1.55,6,49.2,6,22.4,6,0.02,6,0,2,0.04022,2,0.07431,2,14.09171,2,2198.330806,2,2336.494099,2,7.708473251,2,25,797,6,20
33H320240201,A13.5,7,1,5,70105,11136,2,20240212, 0201,-0.33302,-3.00024,5271.305,3825.364,2,2.3678,2,34.877,2,224.0597451,2,34.929,2,242.199,2,1.537,2,47,2,22.2,2,0.01,2,0,2,0.03022,2,0.04952,2,13.43048,2,2196.667199,2,2334.657743,2,7.711755202,2,25,791.52,2,20
33H320240201,A13.5,7,1,6,70106,11027,2,20240212, 0201,-0.33306,-3.0002,5271.305,3525.749,2,2.4322,2,34.8826,2,224.0599614,2,34.8977,2,242.613,2,1.517,2,45.1,2,22.1,2,0.01,2,0,2,0.03435,2,0.05889,2,13.70517,2,2194.29341,2,2333.390257,2,7.712216329,2,25,789.45,2,20
33H320240201,A13.5,7,1,7,70107,11117,2,20240212, 0201,-0.33314,-3.00018,5271.305,3225.344,2,2.5384,2,34.8922,2,223.6561922,2,34.9014,6,241.1,2,1.51,2,42.8,2,21.9,2,0.01,2,0,2,0.01865,2,0.02956,2,13.74759,2,2193.942062,2,2331.623762,2,7.713054396,2,25,787.9,2,20
33H320240201,A13.5,7,1,8,70108,11004,2,20240212, 0201,-0.33307,-3.00008,5271.305,2925.726,2,2.6581,2,34.9003,2,226.1120153,2,34.9124,2,244.28,2,1.48,2,39.3,2,21.5,2,0.01,2,0,2,0.03904,2,0.07231,2,13.52934,2,2187.070161,2,2328.280396,2,7.716643273,2,25,783.14,2,20
33H320240201,A13.5,7,1,9,70109,11082,2,20240212, 0201,-0.33272,-3.0003,5271.305,2625.717,2,2.9349,2,34.9179,2,225.5017453,2,34.9309,2,242.032,2,1.467,2,34.4,2,21.2,2,0,2,0,2,0.02615,2,0.04427,2,13.30466,2,2183.434215,2,2323.519842,2,7.714548199,2,25,779.28,2,20
33H320240201,A13.5,7,1,10,70110,11115,2,20240212, 0201,-0.33295,-3.00016,5271.305,2325.973,2,3.191,2,34.9353,2,229.15386,2,34.9541,2,244.664,2,1.414,2,28.4,2,20.5,2,0.01,2,0,2,0.06956,2,0.12797,2,13.69612,2,2176.345342,2,2318.38004,2,7.71891249,2,25,770.23,2,20
33H320240201,A13.5,7,1,11,70111,11008,2,20240212, 0201,-0.33318,-3.00006,5271.305,2024.408,2,3.612,2,34.9552,2,231.2843061,2,34.9768,2,244.993,3,1.367,2,21.6,2,19.9,2,0.01,2,0,2,0.18353,2,0.29649,2,13.50023,2,2170.714858,2,2311.32404,2,7.716571079,2,25,768.55,2,20
33H320240201,A13.5,7,1,12,70112,-999,2,20240212, 0201,-0.333,-3.00013,5271.305,1740.78,2,3.9817,2,34.9657,2,227.7885785,2,34.9481,2,240.452,2,1.374,2,18.4,2,20.1,2,0.01,2,0.09482,2,0.28633,2,0.53103,2,13.9963,2,2169.535782,6,2305.425743,2,7.709845294,2,25,781.5,2,20
33H320240201,A13.5,7,1,13,70113,11058,2,20240212, 0201,-0.3331,-3.00012,5271.305,1500.09,2,4.386,2,34.9404,2,208.4775831,2,34.9787,2,219.093,2,1.526,2,19.4,2,22.4,2,0.01,2,0.18302,6,0.265765,6,0.50324,6,15.94768,6,2180.530385,2,2305.655287,2,7.6837511,2,25,840.22,2,20
33H320240201,A13.5,7,1,14,70114,11124,2,20240212, 0201,-0.3331,-3.00016,5271.305,1240.446,2,4.5775,2,34.853,2,182.7762134,2,34.8598,2,190.192,2,1.799,2,23.4,2,26.2,2,0.01,2,0.07022,2,0.16862,2,0.31636,2,18.76282,2,2195.602344,2,2304.617347,2,7.638538038,2,25,939.63,2,20
33H320240201,A13.5,7,1,15,70115,11081,2,20240212, 0201,-0.33306,-3.00022,5271.305,991.802,2,4.623,2,34.6255,2,148.9911042,2,34.6303,2,153.614,2,2.241,2,30.4,2,32.7,2,0.01,2,0,2,0.0841,2,0.15071,2,21.17016,2,2218.238791,2,2298.289901,2,7.565045984,2,25,1143.21,2,20
33H320240201,A13.5,7,1,16,70116,11126,2,20240212, 0201,-0.33298,-3.00016,5271.305,749.839,2,5.2191,2,34.5023,2,142.4591521,2,34.5075,2,146.551,2,2.318,2,28.3,2,34,2,0.01,2,0.27743,2,0.42234,2,0.84925,2,22.43242,2,2215.829784,2,2292.531327,2,7.544708188,2,25,1202.76,2,20
33H320240201,A13.5,7,1,17,70117,11020,2,20240212, 0201,-0.33292,-3.00014,5271.305,580.36,2,6.4405,2,34.567,2,125.1597648,2,34.5705,2,128.2455,6,2.248,2,22.6,2,33.7,2,0.01,2,0.34855,2,0.64574,2,1.27156,2,23.70684,2,2218.196719,2,2288.728871,2,7.534696942,2,25,1236.62,2,20
33H320240201,A13.5,7,1,18,70118,11128,2,20240212, 0201,-0.33314,-3.00007,5271.305,425.295,2,8.9701,2,34.8095,2,85.58239929,2,34.8038,2,88.345,2,2.103,2,16.1,2,32.9,2,0.01,2,0.55078,2,0.91523,2,1.49711,2,29.82975,2,2227.008519,2,2294.497426,2,7.511235237,2,25,1309.43,2,20
33H320240201,A13.5,7,1,19,70119,11031,2,20240212, 0201,-0.3332,-3.00016,5271.305,274.523,2,10.9533,2,35.022,2,98.51459372,2,35.0233,2,100.736,2,1.76,2,11.5,2,27.2,2,0.02,2,1.09706,2,1.20977,2,2.29683,2,28.3434,2,2211.192152,2,2301.822891,2,7.582067438,2,25,1097.34,2,20
33H320240201,A13.5,7,1,20,70120,11122,2,20240212, 0201,-0.33308,-3.00017,5271.305,190.176,2,14.1264,2,35.4194,2,89.60414271,2,35.413,6,86.561,2,1.529,2,8.4,2,23.2,2,0.02,2,1.26392,2,1.28028,2,2.35226,2,25.0698,2,2209.197654,2,2327.521901,2,7.626288651,2,25,978.31,2,20
33H320240201,A13.5,7,1,21,70121,11120,2,20240212, 0201,-0.33304,-3.00016,5271.305,140.699,2,15.2729,2,35.5839,2,135.4557367,2,35.5851,2,139.4,2,1.122,2,5.8,2,15.7,2,0.02,2,1.45375,2,1.36177,2,2.28863,2,18.92991,2,2171.803917,2,2332.052911,2,7.746747227,2,25,720.56,2,20
33H320240201,A13.5,7,1,22,70122,11026,2,20240212, 0201,-0.33308,-3.00018,5271.305,90.116,2,15.997,2,35.682,2,148.0089369,2,35.684,2,150.817,2,0.983,2,4.9,2,13.3,2,0.03,2,1.68811,2,1.33809,2,2.11687,2,16.30962,2,2164.770448,2,2339.637861,2,7.780856221,2,25,653.76,2,20
33H320240201,A13.5,7,1,23,70123,11102,2,20240212, 0201,-0.3332,-3.0002,5271.305,40.805,2,18.841,2,36.0395,2,160.1672118,2,36.0414,2,163.431,2,0.715,2,3.2,2,8,2,0.18,2,1.87325,2,1.27685,2,2.10795,2,12.41725,2,2148.946916,2,2360.177109,6,7.851586617,6,25,543.92,2,20
33H320240201,A13.5,7,1,24,70124,11023,2,20240212, 0201,-0.33312,-3.00018,5271.305,3.008,2,29.3423,2,34.6288,2,196.3575157,2,34.6425,2,199.256,2,0.032,2,1.3,2,0,2,0.02,2,1.80792,2,0.89397,2,1.37052,2,4.95613,2,1966.568049,6,2269.566891,2,8.051978552,2,25,307.01,2,20
33H320240201,A13.5,8,1,1,80101,11113,2,20240212, 0759,-0.66602,-3.0003,5251.765,5232.015,2,2.1709,2,34.8422,2,224.8573915,2,34.853,2,243.244,4,1.619,6,58,6,23.4,6,0.01,6,0,2,0.10711,2,0.19544,2,13.43938,2,2212.376346,6,2344.608,2,7.702118943,2,25,812.24,2,20
33H320240201,A13.5,8,1,2,80102,11067,2,20240212, 0759,-0.66608,-3.00057,5251.765,4761.7,2,2.2087,2,34.8529,2,223.6265487,2,34.8639,2,241.131,2,1.598,6,54.7,6,23,6,0.01,6,0,2,0.06376,2,0.10341,2,12.49221,2,2209.699331,2,2342.741703,2,7.707446997,6,25,806.86,2,20
33H320240201,A13.5,8,1,3,80103,11121,2,20240212, 0759,-0.66612,-3.00052,5251.765,4320.135,2,2.2841,2,34.8652,2,223.8299841,2,34.8771,2,242.783,2,1.579,6,50.7,6,22.6,6,0.01,6,0,2,0.04151,2,0.06676,2,12.57907,2,2202.089005,2,2339.498139,6,7.708392756,2,25,797.74,2,20
33H320240201,A13.5,8,1,4,80104,11118,2,20240212, 0759,-0.6661,-3.00046,5251.765,4001.28,2,2.3406,2,34.8724,2,224.3728892,2,34.892,2,242.461,2,1.551,6,48.3,6,22.4,6,0.01,6,0,2,0.04043,2,0.06629,2,9.07893,2,2201.707542,2,2337.332436,2,7.712697951,2,25,-999,9,20
33H320240201,A13.5,8,1,5,80105,11136,2,20240212, 0759,-0.66616,-3.00046,5251.765,3750.541,2,2.3857,2,34.8776,2,223.8123044,2,34.8887,2,241.758,2,1.556,2,47.1,2,22.4,2,0.01,2,0,2,0.03264,2,0.04874,2,12.01791,2,2200.053706,2,2334.098851,2,7.712691057,2,25,790.85,2,20
33H320240201,A13.5,8,1,6,80106,11027,2,20240212, 0759,-0.66603,-3.00045,5251.765,3450.036,2,2.4727,2,34.8857,2,222.7175627,2,34.8961,2,240.53,2,1.556,2,45.1,2,22.2,2,0.01,2,0,2,0.01868,2,0.02579,2,12.11126,2,2199.28365,2,2336.154772,2,7.710164394,2,25,789.73,2,20
33H320240201,A13.5,8,1,7,80107,11117,2,20240212, 0759,-0.66612,-3.00034,5251.765,3149.555,2,2.5634,2,34.894,2,223.6172465,2,34.9108,2,240.662,2,1.541,2,42.4,2,22,2,0.01,2,0,2,0.01418,2,0.01825,2,13.55049,2,2195.052436,2,2333.440158,2,7.711391656,2,25,785.76,2,20
33H320240201,A13.5,8,1,8,80108,11004,2,20240212, 0759,-0.66632,-3.00028,5251.765,2850.888,2,2.7221,2,34.9029,2,223.9967604,2,34.9247,6,241.537,2,1.511,2,39.3,2,21.8,2,0.01,2,0,2,0.02473,2,0.03662,2,12.77196,2,2192.385312,2,2328.799366,2,7.710611695,2,25,783.92,2,20
33H320240201,A13.5,8,1,9,80109,11082,2,20240212, 0759,-0.66644,-3.00018,5251.765,2549.867,2,2.9464,2,34.9183,2,225.9060011,2,34.9277,2,241.276,6,1.476,2,34.1,2,21.4,2,0.01,2,0,2,0.03241,2,0.04893,2,13.03046,2,2186.025917,2,2322.891089,2,7.71106098,2,25,779.66,2,20
33H320240201,A13.5,8,1,10,80110,11115,2,20240212, 0759,-0.66636,-3.0003,5251.765,2250.174,2,3.2984,2,34.9415,2,230.6237115,2,34.9519,2,245.608,2,1.405,2,26.2,2,20.4,2,0.01,2,0,6,0.09783,6,0.16145,6,13.13148,6,2177.607068,2,2315.425901,2,7.718568249,2,25,766.41,2,20
33H320240201,A13.5,8,1,11,80111,11008,2,20240212, 0759,-0.66624,-3.0005,5251.765,1949.649,2,3.7412,2,34.961,2,231.3035829,2,34.9746,2,244.201,2,1.371,2,20.1,2,19.9,2,0.01,2,0.03342,2,0.22422,2,0.42013,2,13.688,2,2173.24276,2,2309.916832,2,7.714618708,2,25,768.56,2,20
33H320240201,A13.5,8,1,12,80112,-999,2,20240212, 0759,-0.6663,-3.00052,5251.765,1701.09,2,4.093,2,34.9648,2,224.7843038,2,34.977,2,236.872,2,1.408,2,18.3,2,20.4,2,0.01,2,0.19423,2,0.31531,2,0.62799,2,14.73951,2,2176.00051,2,2313.499723,2,7.706585207,2,25,789.87,2,20
33H320240201,A13.5,8,1,13,80113,11058,2,20240212, 0759,-0.66646,-3.00034,5251.765,1450.563,2,4.4515,2,34.9171,2,199.6957,2,34.9251,2,208.8,2,1.635,2,20.9,2,23.7,2,0.01,2,0.17465,2,0.20769,2,0.35396,2,16.25554,2,2187.48777,6,2305.495604,2,7.668623014,2,25,869.66,2,20
33H320240201,A13.5,8,1,14,80114,11124,2,20240212, 0759,-0.66638,-3.00034,5251.765,1201.36,2,4.6017,2,34.7954,2,170.2807405,2,34.8005,2,177.858,2,1.957,2,25.8,2,28.4,2,0.01,2,0,2,0.1095,2,0.20202,2,19.72017,2,2206.72217,2,2306.034535,2,7.617063328,2,25,997.225,6,20
33H320240201,A13.5,8,1,15,80115,11081,2,20240212, 0759,-0.66636,-3.00038,5251.765,1001.599,2,4.578,2,34.6339,2,149.7848682,2,34.6405,2,155.296,3,2.247,2,30.7,2,32.6,2,0.01,2,0,2,0.07701,2,0.13193,2,22.31308,2,2219.051944,2,2300.535446,2,7.565553226,2,25,1134.05,2,20
33H320240201,A13.5,8,1,16,80116,11126,2,20240212, 0759,-0.66638,-3.00032,5251.765,781.286,2,5.1072,2,34.4904,2,143.4411718,2,34.4964,2,149.066,6,2.34,2,29.1,2,34,2,0.01,2,0.1973,2,0.42139,2,0.83545,2,23.43808,2,2220.688406,2,2292.341703,2,7.546108257,2,25,1197.79,2,20
33H320240201,A13.5,8,1,17,80117,11020,2,20240212, 0759,-0.66642,-3.0002,5251.765,600.476,2,6.1732,2,34.5378,2,132.2105945,2,34.4954,2,135.46,2,2.264,2,23.6,2,33.5,2,0.01,2,0.28118,2,0.67007,2,1.20314,2,24.54922,2,2218.436585,2,2288.389545,2,7.539997744,2,25,1214.08,2,20
33H320240201,A13.5,8,1,18,80118,11128,2,20240212, 0759,-0.6663,-3.0002,5251.765,399.964,2,9.2214,2,34.836,2,84.37944131,2,34.84,2,-0.944,4,2.077,2,15.4,2,32.3,2,0.01,2,0.69023,2,0.97314,2,1.66322,2,31.02168,2,2231.891598,2,2295.046337,2,7.516465745,2,25,1296.3,2,20
33H320240201,A13.5,8,1,19,80119,11031,2,20240212, 0759,-0.66634,-3.00018,5251.765,300.276,2,10.8693,2,35.0209,2,80.52857714,2,35.0093,2,82.361,2,1.903,2,12.5,2,29.6,2,0.01,2,-999,5,1.11917,2,1.88459,2,32.19796,2,2227.003262,2,2300.006495,2,7.543216807,2,25,1210.31,2,20
33H320240201,A13.5,8,1,20,80120,11122,2,20240212, 0759,-0.66649,-3.00018,5251.765,200.776,2,13.8704,2,35.3894,2,79.68198579,2,35.3765,2,-999,5,1.618,2,9,2,24.4,2,0.02,2,1.22302,2,1.25446,2,1.89731,2,28.59792,2,2216.564897,2,2324.388119,2,7.611040629,2,25,1023.57,2,20
33H320240201,A13.5,8,1,21,80121,11120,2,20240212, 0759,-0.66662,-3.00014,5251.765,150.076,2,15.1743,2,35.5699,2,130.3197918,2,35.5595,2,132.065,2,1.195,2,6.1,2,16.7,2,0.02,2,1.62228,2,1.36545,2,2.08865,2,20.26724,2,2183.140273,2,2330.715564,2,7.735193786,2,25,745.43,2,20
33H320240201,A13.5,8,1,22,80122,11026,2,20240212, 0759,-0.66654,-3.00026,5251.765,100.689,2,15.6975,2,35.6439,2,140.7841485,2,35.6435,2,144.651,2,1.048,2,5.3,2,14,2,0.03,2,1.56197,2,1.34353,2,1.93742,2,18.1975,2,2171.63521,6,2335.785505,2,7.767191466,2,25,677.52,2,20
33H320240201,A13.5,8,1,23,80123,11102,2,20240212, 0759,-0.66666,-3.00012,5251.765,49.883,2,16.8002,2,35.7884,2,153.2424008,2,35.7993,2,158.423,2,0.885,2,4.2,2,11.1,2,0.06,2,1.90297,2,1.34705,2,1.90085,2,14.61479,2,2159.2461,2,2345.616,2,7.811435032,2,25,604.3,2,20
33H320240201,A13.5,8,1,24,80124,11023,2,20240212, 0759,-0.66669,-3.00018,5251.765,2.843,2,29.4697,2,34.7742,2,190.6756275,2,34.7804,2,197.265,2,0.028,2,1.3,2,0,2,0.01,2,1.92886,2,0.89794,2,1.4282,2,5.51867,2,1975.847801,2,2277.810535,2,8.049691298,2,25,310.23,2,20
33H320240201,A13.5,9,2,1,90201,11113,2,20240212, 1501,-0.99982,-3.00016,5234.538,5208.418,2,2.1777,2,34.8426,2,224.7184012,2,34.936,2,240.252,2,1.632,6,58.1,6,23.5,6,0.01,6,0,2,0.09675,2,0.17017,2,14.34785,2,2211.969136,6,2345.546139,2,7.704845647,2,25,812.31,2,20
33H320240201,A13.5,9,2,2,90202,11067,2,20240212, 1501,-0.99982,-3.00016,5234.538,4699.873,2,2.2147,2,34.8535,2,223.3962644,2,34.864,2,240.8967332,2,1.599,6,54.5,6,23,6,0,6,0,6,0.062025,6,0.09725,6,14.29435,6,2207.133623,2,2341.963248,2,7.703184797,2,25,807.31,2,20
33H320240201,A13.5,9,2,3,90203,11121,2,20240212, 1501,-0.99982,-3.00016,5234.538,4274.454,2,2.2948,2,34.8652,2,223.97791,2,34.8769,2,242.826,2,1.577,6,50.5,6,22.6,6,0,6,0,2,0.05404,2,0.09574,2,13.78158,2,2200.669001,2,2341.394376,2,7.699128705,2,25,797.96,2,20
33H320240201,A13.5,9,2,4,90204,11118,2,20240212, 1501,-0.99982,-3.00016,5234.538,3974.721,2,2.3349,2,34.8717,2,224.1686905,2,34.8816,2,242.372,2,1.557,6,48.4,6,22.3,6,0.01,6,0,2,0.04059,2,0.06639,2,14.30256,2,2196.798621,2,2335.366337,2,7.709403405,2,25,794.43,2,20
33H320240201,A13.5,9,2,5,90205,11136,2,20240212, 1501,-0.99982,-3.00016,5234.538,3675.247,2,2.4391,2,34.881,2,223.4477192,2,34.9039,2,241.572,2,1.543,6,45.8,6,22.2,6,0,6,0,2,0.02222,2,0.03934,2,11.49959,2,2197.482195,2,2336.274535,2,7.707643556,2,25,790.77,2,20
33H320240201,A13.5,9,2,6,90206,11027,2,20240212, 1501,-0.99982,-3.00016,5234.538,3375.89,2,2.5183,2,34.8884,2,222.7527068,2,34.8996,2,240.243,2,1.536,2,44.2,2,22.3,2,0.01,2,0,2,0.01564,2,0.02329,2,14.06109,2,2197.057922,2,2335.116832,2,7.7107688,2,25,789.15,2,20
33H320240201,A13.5,9,2,7,90207,11117,2,20240212, 1501,-0.99982,-3.00016,5234.538,3075.328,2,2.6209,2,34.8959,2,224.0307896,2,34.9271,2,240.661,2,1.515,2,41.3,2,22,2,0,2,0,2,0.02245,2,0.03418,2,14.46843,2,2191.304171,2,2331.49402,2,7.71211102,2,25,-999,9,20
33H320240201,A13.5,9,2,8,90208,11004,2,20240212, 1501,-0.99982,-3.00016,5234.538,2775.266,2,2.7411,2,34.9037,2,224.852969,2,34.9145,2,241.119,2,1.5,2,38.7,2,21.7,2,0.01,2,0,2,0.02902,2,0.04979,2,13.8948,2,2189.456262,2,2330.525941,2,7.713386323,2,25,783.48,2,20
33H320240201,A13.5,9,2,9,90209,11082,2,20240212, 1501,-0.99982,-3.00016,5234.538,2475.694,2,3.0218,2,34.9211,2,225.8375188,2,34.9308,2,240.533,2,1.472,2,33.1,2,21.3,2,0,2,0,2,0.04065,2,0.06882,2,13.89883,2,2183.839121,2,2321.453941,2,7.713504796,2,25,780.62,2,20
33H320240201,A13.5,9,2,10,90210,11115,2,20240212, 1501,-0.99982,-3.00016,5234.538,2175.448,2,3.3324,2,34.9411,2,228.9429367,2,34.9611,2,243.352,2,1.419,2,26.4,2,20.6,2,0.01,2,0,2,0.07406,2,0.14803,2,13.32562,2,2174.553416,2,2317.651485,2,7.716784467,2,25,771.06,2,20
33H320240201,A13.5,9,2,11,90211,11008,2,20240212, 1501,-0.99982,-3.00016,5234.538,1876.152,2,3.9007,2,34.9651,2,231.1761755,2,34.9749,2,243.571,2,1.353,2,18.4,2,19.8,2,0.01,2,0.20168,2,0.33491,2,0.7159,2,13.91147,2,2169.204634,2,2308.32998,2,7.715220849,2,25,772.71,2,20
33H320240201,A13.5,9,2,12,90212,-999,2,20240212, 1501,-0.99982,-3.00016,5234.538,1610.177,2,4.1984,2,34.96,2,220.6376584,2,34.9691,6,231.354,2,1.442,6,18.3,6,20.8,6,0.01,6,0.17532,2,0.3199,2,0.68455,2,14.55655,2,2175.628146,2,2307.551525,6,7.699586195,6,25,803.64,2,20
33H320240201,A13.5,9,2,13,90213,11058,2,20240212, 1501,-0.99982,-3.00016,5234.538,1349.496,2,4.5251,2,34.8953,2,193.1775204,2,34.9066,2,201.23,2,1.703,2,21.7,2,24.7,2,0.01,2,0.14621,2,0.19943,2,0.40523,2,16.94727,2,2191.295529,6,2311.034614,2,7.658019638,2,25,895.22,2,20
33H320240201,A13.5,9,2,14,90214,11124,2,20240212, 1501,-0.99982,-3.00016,5234.538,1150.564,2,4.5922,2,34.7479,2,163.9715255,2,34.7707,2,167.917,2,2.059,2,27.5,2,29.6,2,0.01,2,0,2,0.08183,2,0.15646,2,20.09996,2,2208.223929,2,2304.118337,2,7.601783425,2,25,1038.8,2,20
33H320240201,A13.5,9,2,15,90215,11081,2,20240212, 1501,-0.99982,-3.00016,5234.538,950.232,2,4.5713,2,34.6352,2,150.9712718,2,34.6521,2,155.177,6,2.253,2,30.6,2,32.5,2,0,2,0,2,0.08004,2,0.14919,2,21.34953,2,2216.15248,2,2302.451644,2,7.569605927,2,25,1135.17,2,20
33H320240201,A13.5,9,2,16,90216,11126,2,20240212, 1501,-0.99982,-3.00016,5234.538,750.826,2,5.2596,2,34.4875,2,146.3351347,2,34.495,2,148.846,2,2.327,2,27.9,2,33.8,2,0.01,2,0.40716,2,0.51114,2,1.02367,2,22.64362,2,2214.001813,2,2291.762851,2,7.552347943,2,25,1184.27,3,20
33H320240201,A13.5,9,2,17,90217,11020,2,20240212, 1501,-0.99982,-3.00016,5234.538,550.832,2,6.663,2,34.5691,2,130.572164,2,34.5791,2,133.665,2,2.191,2,21.2,2,32.8,2,0.01,2,0.50697,2,0.81427,2,1.61375,2,24.2807,2,2210.760424,2,2289.427485,2,7.547986292,2,25,1199.22,3,20
33H320240201,A13.5,9,2,18,90218,11128,2,20240212, 1501,-0.99982,-3.00016,5234.538,340.739,2,9.9374,2,34.919,2,73.49833669,2,34.9227,2,75.671,2,2.049,2,14.1,2,32.1,2,0.01,2,0.73852,2,1.01193,2,1.8897,2,34.34724,2,2234.277084,2,2298.72903,2,7.511451173,3,25,1309.05,3,20
33H320240201,A13.5,9,2,19,90219,11031,2,20240212, 1501,-0.99982,-3.00016,5234.538,249.725,2,12.5516,2,35.2237,2,80.7151165,2,35.2713,2,82.672,2,1.716,2,10.1,2,26.4,2,0.01,2,1.19317,2,1.22322,2,2.19072,2,30.20087,2,2217.680525,2,2310.006653,2,7.581544456,2,25,1084.9,3,20
33H320240201,A13.5,9,2,20,90220,11122,2,20240212, 1501,-0.99982,-3.00016,5234.538,180.173,2,14.183,2,35.4252,2,90.58373336,2,35.4263,2,90.929,2,1.523,2,8.2,2,22.8,2,0.01,2,1.33064,2,1.28643,2,2.16922,2,26.36628,2,2210.798983,2,2319.38804,2,7.630027712,2,25,955.45,3,20
33H320240201,A13.5,9,2,21,90221,11120,2,20240212, 1501,-0.99982,-3.00016,5234.538,130.299,2,15.174,2,35.5696,2,131.0638757,2,35.5677,2,130.635,2,1.192,2,6.1,2,16.8,2,0.02,2,1.61128,2,1.35013,2,2.39734,2,19.41134,2,2181.343647,2,2330.346297,2,7.71851245,2,25,746.68,6,20
33H320240201,A13.5,9,2,22,90222,11026,2,20240212, 1501,-0.99982,-3.00016,5234.538,80.187,2,16.0809,2,35.6913,2,140.0775078,2,35.6936,2,141.104,2,1.043,2,5.1,2,14.1,2,0.05,2,1.5567,2,1.31316,2,2.17246,2,18.52132,2,2168.517846,6,2336.194693,2,7.749205465,2,25,675.27,3,20
33H320240201,A13.5,9,2,23,90223,11102,2,20240212, 1501,-0.99982,-3.00016,5234.538,30.462,2,23.3072,2,35.8565,2,196.7318152,2,35.8812,2,192.681,2,0.377,2,2.2,2,1.9,2,0.08,2,1.69252,2,1.12433,2,1.79381,2,13.7543,2,2098.656619,2,2348.420436,2,7.934237436,2,25,430,3,20
33H320240201,A13.5,9,2,24,90224,11023,2,20240212, 1501,-0.99982,-3.00016,5234.538,2.415,2,29.2662,2,34.6091,2,199.9442178,2,34.6248,2,203.338,2,0.034,2,0.9,2,0,2,0.01,2,1.80539,2,0.89582,2,1.19113,2,5.71102,2,1963.067849,2,2265.934099,2,8.048359781,2,25,306.73,3,20
33H320240201,A13.5,10,1,1,100101,11113,2,20240212, 2122,-1.33274,-3.0004,5140.467,5118.377,2,2.1958,2,34.8458,2,223.7752867,2,34.8563,2,239.712,2,1.624,6,57.1,6,23.6,6,0.01,6,0,2,0.0841,2,0.15285,2,14.49184,2,2213.284291,2,2346.953347,2,7.703372806,2,25,810.47,3,20
33H320240201,A13.5,10,1,2,100102,11067,2,20240212, 2122,-1.33262,-3.00028,5140.467,4824.737,2,2.1919,2,34.8495,2,222.7795546,2,34.8608,2,240.236,2,1.612,6,56,6,23.2,6,0.01,6,0,2,0.06713,2,0.13393,2,14.83276,2,2209.953769,6,2344.637941,2,7.703714531,2,25,810.64,3,20
33H320240201,A13.5,10,1,3,100103,11121,2,20240212, 2122,-1.33256,-3.0003,5140.467,4425.42,2,2.2443,2,34.8592,2,223.4740157,2,34.8686,2,242.164,2,1.576,6,52.4,6,22.9,6,0,6,0,2,0.05596,2,0.09944,2,14.49946,2,2205.869038,2,2341.244673,2,7.707541844,2,25,803.03,3,20
33H320240201,A13.5,10,1,4,100104,11118,2,20240212, 2122,-1.3325,-3.00037,5140.467,4125.46,2,2.3151,2,34.8683,2,223.7517981,2,34.8767,2,233.545,3,1.567,6,49.5,6,22.6,6,0,6,0,2,0.04622,2,0.07954,2,14.17324,2,2201.969229,2,2339.947248,2,7.708174058,2,25,797.62,3,20
33H320240201,A13.5,10,1,5,100105,11136,2,20240212, 2122,-1.33254,-3.00048,5140.467,3825.587,2,2.3734,2,34.8754,2,223.0129755,2,34.8854,2,249.766,3,1.555,2,47.7,2,22.6,2,0,2,0,2,0.02712,2,0.04227,2,14.03669,2,2201.042781,2,2338.290535,2,7.708507923,2,25,793.9,3,20
33H320240201,A13.5,10,1,6,100106,11027,2,20240212, 2122,-1.33276,-3.00048,5140.467,3523.898,2,2.4714,2,34.884,2,222.1529786,2,34.8922,2,239.891,2,1.551,2,45.4,2,22.5,2,0,2,0,2,0.01862,2,0.0276,2,13.05975,2,2199.169474,2,2336.53402,2,7.711319591,2,25,792.73,3,20
33H320240201,A13.5,10,1,7,100107,11117,2,20240212, 2122,-1.3328,-3.00032,5140.467,3225.177,2,2.5667,2,34.8913,2,223.1658941,2,34.9018,2,239.779,2,1.536,2,42.7,2,22.3,2,0,2,0,2,0.02256,2,0.03409,2,13.58756,2,2196.381879,2,2335.695683,6,7.710479688,6,25,788.8,3,20
33H320240201,A13.5,10,1,8,100108,11004,2,20240212, 2122,-1.33274,-3.00028,5140.467,2925.566,2,2.667,2,34.899,2,224.5047458,2,34.9067,2,241.182,2,1.505,2,40.4,2,22,2,0,2,0,2,0.02596,2,0.0395,2,13.85546,2,2193.327205,2,2331.533941,2,7.712705275,2,25,-999,9,20
33H320240201,A13.5,10,1,9,100109,11082,2,20240212, 2122,-1.33266,-3.00028,5140.467,2624.499,2,2.8547,2,34.9105,2,223.6678087,2,34.9213,2,240.082,3,1.501,2,36.7,2,21.9,2,0,2,0,2,0.01829,2,0.03426,2,13.10093,2,2190.608537,2,2327.531881,2,7.710772479,2,25,785.13,3,20
33H320240201,A13.5,10,1,10,100110,11115,2,20240212, 2122,-1.33272,-3.00028,5140.467,2325.092,2,3.1501,2,34.9284,2,226.4819601,2,34.9361,6,241.57,2,1.46,2,30.2,2,21.3,2,0,2,0,2,0.04879,2,0.07251,2,12.83026,2,2182.038147,2,2320.605624,2,7.714492006,2,25,778.74,3,20
33H320240201,A13.5,10,1,11,100111,11008,2,20240212, 2122,-1.33262,-3.00024,5140.467,2026.109,2,3.5421,2,34.9511,2,230.3796649,2,34.9595,2,243.692,6,1.392,2,22.8,2,20.3,2,0,2,0,2,0.13861,2,0.25827,2,12.22142,2,2174.650084,2,2314.228277,2,7.717124682,2,25,769.95,3,20
33H320240201,A13.5,10,1,12,100112,-999,2,20240212, 2122,-1.3326,-3.00041,5140.467,1740.255,2,4.019,2,34.9658,2,227.7329379,2,34.9728,2,240.044,2,1.386,2,18.2,2,20.2,2,0,2,0.2904,2,0.33016,2,0.614,2,10.37298,2,2173.714837,6,2309.497663,2,7.708517504,2,25,783.42,3,20
33H320240201,A13.5,10,1,13,100113,11058,2,20240212, 2122,-1.3325,-3.0005,5140.467,1500.692,2,4.2969,2,34.9514,2,214.5532782,2,34.9635,2,225.323,2,1.487,2,19,2,21.8,2,0,2,0.21584,2,0.2972,2,0.55912,2,13.29884,2,2180.579346,2,2310.006653,2,7.691521552,2,25,819.97,3,20
33H320240201,A13.5,10,1,14,100114,11124,2,20240212, 2122,-1.33259,-3.00048,5140.467,1240.869,2,4.615,2,34.8002,2,171.8884545,2,34.8071,2,179.131,6,1.947,2,25.6,2,28.3,2,0,2,0,2,0.11511,2,0.18477,2,15.43248,2,2206.646671,2,2308.789069,2,7.620664858,2,25,990.88,2,20
33H320240201,A13.5,10,1,15,100115,11081,2,20240212, 2122,-1.3325,-3.00036,5140.467,975.577,2,4.5468,2,34.6683,2,155.1875849,2,34.6733,2,159.939,2,2.191,2,30.1,2,31.9,2,0,2,0.119835,6,0.07567,6,0.13087,6,19.336725,6,2217.510411,2,2305.046495,2,7.580162908,2,25,1104.75,2,20
33H320240201,A13.5,10,1,16,100116,11126,2,20240212, 2122,-1.33253,-3.00036,5140.467,750.917,2,5.267,2,34.4892,2,144.8177636,2,34.4992,2,148.713,2,2.341,2,28,2,34.1,2,0,2,0.27689,2,0.48771,2,0.87475,2,21.15777,2,2218.01511,2,2293.050297,2,7.549138927,2,25,1191.79,2,20
33H320240201,A13.5,10,1,17,100117,11020,2,20240212, 2122,-1.33267,-3.00028,5140.467,580.554,2,6.0789,2,34.533,2,132.7269168,2,34.5367,2,134.993,2,2.286,2,24.1,2,34,2,0,2,0.33086,2,0.62176,2,1.04639,2,17.53008,2,2219.93458,2,2292.221941,2,7.539997817,2,25,1220.75,2,20
33H320240201,A13.5,10,1,18,100118,11128,2,20240212, 2122,-1.33258,-3.00034,5140.467,426.193,2,8.4444,2,34.7434,2,99.41261734,2,34.7448,2,102.512,2,2.112,2,16.8,2,32.6,2,0.01,2,0.73669,2,0.93467,2,1.58302,2,24.2134,2,2226.511767,2,2292.192,2,7.524134076,2,25,1271.34,2,20
33H320240201,A13.5,10,1,19,100119,11031,2,20240212, 2122,-1.33248,-3.00036,5140.467,275.38,2,11.9176,2,35.1408,2,76.70434288,2,35.1176,2,77.389,2,1.843,2,11.3,2,28.7,2,0.01,2,1.08121,2,1.17199,2,1.96737,2,29.22696,2,2227.053064,2,2305.206178,2,7.554054325,2,25,1181.12,2,20
33H320240201,A13.5,10,1,20,100120,11122,2,20240212, 2122,-1.33248,-3.00038,5140.467,225.486,2,12.898,2,35.2733,2,73.54406905,2,35.2661,2,75.971,2,1.714,2,9.9,2,26.7,2,0.01,2,1.09898,2,1.22743,2,2.0993,2,27.07676,2,2224.879639,2,2313.000713,2,7.581368661,2,25,1107.09,2,20
33H320240201,A13.5,10,1,21,100121,11120,2,20240212, 2122,-1.3325,-3.00036,5140.467,139.804,2,15.022,2,35.5428,2,112.0344556,2,35.5403,2,112.786,2,1.314,2,6.6,2,19.1,2,0.01,2,1.48696,2,1.35795,2,2.43917,2,21.05976,2,2194.865618,2,2327.831287,2,7.698466736,2,25,821.04,2,20
33H320240201,A13.5,10,1,22,100122,11026,2,20240212, 2122,-1.33257,-3.00028,5140.467,109.838,2,15.3683,2,35.593,2,115.5719438,2,35.5958,6,119.186,2,1.246,2,6.1,2,17.9,2,0.02,2,1.64595,2,1.34806,2,2.06218,2,16.23263,2,2190.757569,2,2332.781465,2,7.714417233,2,25,779.07,6,20
33H320240201,A13.5,10,1,23,100123,11102,3,20240212, 2122,-1.33266,-3.00028,5140.467,40.855,2,18.533,2,35.8151,2,148.3176204,2,35.8167,2,150.168,2,0.868,2,3.7,2,10.6,2,0.28,2,1.68331,2,1.27978,2,2.26406,2,16.70616,2,2188.946685,2,2346.594059,2,7.814215615,2,25,603.39,2,20
33H320240201,A13.5,10,1,24,100124,11023,2,20240212, 2122,-1.33268,-3.00028,5140.467,2.524,2,28.8395,2,34.6508,2,200.1680481,2,34.7084,2,202.587,2,0.049,2,0.8,2,0,2,0.01,2,1.76519,2,0.90787,2,1.33536,2,4.62631,2,1975.437258,2,2277.840475,2,8.04670136,2,25,309.72,2,20
33H320240201,A13.5,11,4,1,110401,11113,2,20240213, 2249,-1.6665,-3.0005,5205.147,5175.007,2,2.1907,2,34.8449,2,224.6921616,2,34.8568,2,242.771,4,1.645,6,57.6,6,23.6,6,0.01,6,0.08464,3,0.0938,2,0.17989,2,14.06478,2,2211.474733,6,2346.154931,2,7.701854529,2,25,810.79,2,20
33H320240201,A13.5,11,4,2,110402,11067,2,20240213, 2249,-1.6665,-3.0005,5205.147,4750.934,2,2.2048,2,34.852,2,223.9785845,2,34.8662,6,241.15,2,1.618,6,55,6,23.3,6,0.01,6,0.13698,3,0.07816,2,0.12794,2,15.64994,2,2207.297928,2,2345.815604,2,7.708581903,2,25,807.54,2,20
33H320240201,A13.5,11,4,3,110403,11121,2,20240213, 2249,-1.6665,-3.0005,5205.147,4348.398,2,2.2635,2,34.8617,2,224.2734141,2,34.8711,2,242.345,2,1.59,6,51.6,6,22.8,6,0.01,6,0.08819,3,0.06631,2,0.10139,2,15.16582,2,2202.498691,2,2338.869386,6,7.709381142,6,25,799.76,2,20
33H320240201,A13.5,11,4,4,110404,11118,2,20240213, 2249,-1.6665,-3.0005,5205.147,4043.122,2,2.3241,2,34.8699,2,224.1470815,2,34.8785,2,242.268,3,1.57,6,49.2,6,22.6,6,0.01,6,0.09598,3,0.0505,2,0.07772,2,15.34992,2,2199.547116,2,2336.234614,2,7.709243913,2,25,795.61,2,20
33H320240201,A13.5,11,4,5,110405,11136,2,20240213, 2249,-1.6665,-3.0005,5205.147,3751.891,2,2.3836,2,34.8764,2,222.5871764,2,34.8858,2,240.181,2,1.556,2,47.7,2,22.5,2,0.01,2,0.12017,3,0.03307,2,0.04788,2,15.35259,2,2198.967432,2,2335.805465,2,7.712267117,2,25,794.89,2,20
33H320240201,A13.5,11,4,6,110406,11027,2,20240213, 2249,-1.6665,-3.0005,5205.147,3451.307,2,2.4871,2,34.8857,2,222.2007718,2,34.8958,2,238.94,2,1.543,2,45.2,2,22.3,2,0.01,2,0,3,0.01785,2,0.01169,2,9.23701,2,2195.492213,2,2336.424238,2,7.712127067,2,25,792.73,2,20
33H320240201,A13.5,11,4,7,110407,11117,2,20240213, 2249,-1.6665,-3.0005,5205.147,3149.874,2,2.5958,2,34.8935,2,223.0270221,2,34.9029,2,239.521,2,1.526,2,42.8,2,22.1,2,0,2,0.11817,3,0.0204,2,0.02409,2,14.10034,2,2194.121238,2,2330.935129,2,7.714410881,2,25,788.23,2,20
33H320240201,A13.5,11,4,8,110408,11004,2,20240213, 2249,-1.6665,-3.0005,5205.147,2849.801,2,2.7244,2,34.9024,2,224.379258,2,34.9135,2,240.359,3,1.533,2,39.6,2,21.9,2,0.01,2,0,3,0.02555,2,0.03123,2,15.4246,2,2190.35086,2,2329.398178,2,7.714144744,2,25,785.175,6,20
33H320240201,A13.5,11,4,9,110409,11082,2,20240213, 2249,-1.6665,-3.0005,5205.147,2551.191,2,2.9473,2,34.9171,2,225.6933199,2,34.9259,2,240.903,2,1.508,2,34.7,2,21.5,2,0.01,2,0.10302,3,0.04119,2,0.05204,2,13.94259,2,2184.291359,2,2323.94899,2,7.71624122,2,25,780.43,2,20
33H320240201,A13.5,11,4,10,110410,11115,2,20240213, 2249,-1.6665,-3.0005,5205.147,2250.255,2,3.3178,2,34.9407,2,230.1810671,2,34.9511,2,244.6575,6,1.447,2,26.5,2,20.6,2,0.01,2,0.06514,3,0.11146,2,0.18182,2,14.43016,2,2175.322301,2,2314.86701,2,7.720038069,2,25,768.35,2,20
33H320240201,A13.5,11,4,11,110411,11008,2,20240213, 2249,-1.6665,-3.0005,5205.147,1951.143,2,3.7069,2,34.9569,2,230.5735272,2,34.9668,2,242.768,2,1.403,2,20.9,2,20.1,2,0.01,2,0.21012,3,0.22464,2,0.4209,2,12.33461,2,2170.26786,2,2308.559525,2,7.717917259,2,25,771.5,2,20
33H320240201,A13.5,11,4,12,110412,-999,2,20240213, 2249,-1.6665,-3.0005,5205.147,1700.614,2,4.1335,2,34.9639,2,223.6295137,2,34.9732,2,234.619,2,1.436,2,18.4,2,20.8,2,0.01,2,0.30686,3,0.33017,2,0.64704,2,14.73409,2,2173.214397,6,2307.80103,2,7.70503404,2,25,793.72,2,20
33H320240201,A13.5,11,4,13,110413,11058,2,20240213, 2249,-1.6665,-3.0005,5205.147,1449.248,2,4.3685,2,34.9265,2,203.6557361,2,34.9346,2,212.815,2,1.622,2,20.9,2,23.5,2,0.01,2,0.17761,3,0.18282,2,0.32819,2,15.76561,2,2183.047247,2,2305.82495,2,7.672363706,2,25,856.59,2,20
33H320240201,A13.5,11,4,14,110414,11124,2,20240213, 2249,-1.6665,-3.0005,5205.147,1201.247,2,4.5877,2,34.7426,2,163.0072174,2,34.749,2,168.577,2,2.112,2,28.1,2,30.1,2,0.01,2,0,3,0.08153,2,0.12568,2,19.34623,2,2209.134479,2,2305.066455,2,7.600743745,2,25,1044.46,2,20
33H320240201,A13.5,11,4,15,110415,11081,2,20240213, 2249,-1.6665,-3.0005,5205.147,1001.236,2,4.5731,2,34.691,2,157.5672182,2,34.7885,2,162.763,2,2.196,2,29.4,2,31.5,2,0.01,2,0.11383,3,0.08321,2,0.13452,2,19.41821,2,2212.031909,2,2301.942653,2,7.584642534,2,25,1087.64,2,20
33H320240201,A13.5,11,4,16,110416,11126,2,20240213, 2249,-1.6665,-3.0005,5205.147,800.504,2,5.0683,2,34.4809,2,144.5675945,2,34.4851,2,148.813,2,2.386,2,29.6,2,34.5,2,0.01,2,0.14656,3,0.43904,2,0.72313,2,17.76845,2,2217.228262,2,2291.383604,2,7.549919827,2,25,1201.68,2,20
33H320240201,A13.5,11,4,17,110417,11020,2,20240213, 2249,-1.6665,-3.0005,5205.147,600.438,2,6.0579,2,34.5304,2,127.6746329,2,34.5372,2,129.882,2,2.352,2,24.4,2,34.5,2,0.01,2,0.37962,3,0.60963,2,1.09933,2,22.29648,2,2218.623808,2,2287.890535,2,7.52865783,2,25,1250.64,2,20
33H320240201,A13.5,11,4,18,110418,11128,2,20240213, 2249,-1.6665,-3.0005,5205.147,399.674,2,8.991,2,34.8067,2,89.04009584,2,34.8054,2,92.16,2,2.137,2,16.2,2,32.7,2,0.01,2,-999,5,-999,5,-999,5,-999,5,2226.770849,2,2292.152079,2,7.51496373,2,25,1291.32,2,20
33H320240201,A13.5,11,4,19,110419,11031,2,20240213, 2249,-1.6665,-3.0005,5205.147,300.505,2,11.6599,2,35.1133,2,71.6610094,2,35.1096,2,72.455,2,1.893,2,11.7,2,29.2,2,0.01,2,0.96833,3,1.17883,2,1.97832,2,31.31489,2,2226.777596,2,2307.052515,2,7.544547923,2,25,1208.72,2,20
33H320240201,A13.5,11,4,20,110420,11122,2,20240213, 2249,-1.6665,-3.0005,5205.147,200.049,2,14.1812,2,35.4283,2,84.14866683,2,35.4203,2,83.427,2,1.589,2,8.4,2,23.7,2,0.02,2,1.3465,3,1.33184,2,2.30568,2,25.90252,2,2212.093471,2,2327.092752,2,7.622819373,2,25,993.62,2,20
33H320240201,A13.5,11,4,21,110421,11120,2,20240213, 2249,-1.6665,-3.0005,5205.147,150.161,2,15.0959,2,35.5527,2,114.8506516,2,35.5562,2,117.267,2,1.303,2,6.7,2,18.2,2,0.02,2,1.5061,3,1.33728,2,2.27634,2,19.92202,2,2188.979605,2,2334.827406,2,7.706924497,2,25,797.79,2,20
33H320240201,A13.5,11,4,22,110422,11026,2,20240213, 2249,-1.6665,-3.0005,5205.147,100.866,2,15.4638,2,35.6047,2,124.463267,2,35.6085,2,125.814,2,1.216,2,6.1,2,17,2,0.03,2,1.53194,3,1.3005,2,1.79874,2,12.62815,2,2183.125368,2,2340.356436,2,7.728591507,2,25,750.73,2,20
33H320240201,A13.5,11,4,23,110423,11102,2,20240213, 2249,-1.6665,-3.0005,5205.147,49.702,2,16.802,2,35.765,2,135.7754375,2,35.7672,2,136.663,2,1.04,2,4.8,2,13.5,2,0.6,2,1.55364,3,1.28808,6,1.94357,6,13.89908,6,2171.986241,6,2352.841663,2,7.770542012,2,25,669.65,2,20
33H320240201,A13.5,11,4,24,110424,11023,2,20240213, 2249,-1.6665,-3.0005,5205.147,2.889,2,29.2536,2,35.2121,2,196.2720601,2,35.2176,2,198.068,2,0.065,2,1.4,2,0,2,0.02,2,1.6106,3,0.88187,2,1.23714,2,5.49042,2,1998.352967,2,2316.004752,2,8.048163784,2,25,312.87,2,20
33H320240201,A13.5,12,1,1,120101,11113,2,20240214, 0449,-1.99966,-3.0003,5156.391,5134.871,2,2.2049,2,34.8466,2,225.1396615,2,34.8579,2,240.986,4,1.626,6,56.8,6,23.5,6,0.01,6,0.07251,3,0.09242,2,0.16204,2,-999,5,2210.28236,6,2349.548198,2,7.70250404,2,25,809.43,2,20
33H320240201,A13.5,12,1,2,120102,11067,2,20240214, 0449,-1.99986,-3.0002,5156.391,4726.758,2,2.2017,2,34.8517,2,223.787399,2,34.8617,2,240.375,2,1.609,6,55.4,6,23.1,6,0,6,0.0457,3,0.07464,2,0.09795,2,-999,5,2208.916375,2,2347.053149,2,7.705138984,2,25,808.85,2,20
33H320240201,A13.5,12,1,3,120103,11121,2,20240214, 0449,-1.99982,-3.00008,5156.391,4274.927,2,2.3005,2,34.8657,2,224.5427814,2,34.8808,6,241.891,2,1.586,6,50.6,6,22.6,6,0,6,0.04469,3,0.05451,2,0.0768,2,-999,5,2201.042646,2,2342.382416,2,7.706026562,2,25,797.34,2,20
33H320240201,A13.5,12,1,4,120104,11118,2,20240214, 0449,-1.99956,-3.00036,5156.391,3975.117,2,2.3393,2,34.8712,2,223.9776772,2,34.8796,2,241.066,2,1.567,6,48.9,6,22.6,6,0,6,0.08676,3,0.04078,2,0.06316,2,-999,5,2200.590547,2,2342.10297,2,7.699160078,2,25,796.05,2,20
33H320240201,A13.5,12,1,5,120105,11136,2,20240214, 0449,-1.9998,-3.0002,5156.391,3674.593,2,2.4042,2,34.8786,2,223.3953494,2,34.9006,2,241.34,2,1.533,2,46.9,2,22.5,2,0,2,0.0704,3,0.03206,2,0.0327,2,-999,5,2200.280525,2,2347.302653,2,7.710045529,2,25,793.41,2,20
33H320240201,A13.5,12,1,6,120106,11027,2,20240214, 0449,-1.99999,-3.00018,5156.391,3375.584,2,2.4885,2,34.8858,2,222.9611619,2,34.8936,2,239.446,2,1.54,2,45,2,22.4,2,0,2,0.14261,3,0.01953,2,0.01549,2,-999,5,2197.203115,2,2341.06503,2,7.712977852,2,25,792.99,2,20
33H320240201,A13.5,12,1,7,120107,-999,2,20240214, 0449,-1.9996,-3.00002,5156.391,3075.37,2,2.6225,2,34.895,2,223.2575575,2,34.9115,2,239.79,2,1.536,2,42.2,2,22.2,2,0,2,0,3,0.02177,2,0.01669,2,-999,5,2194.51964,2,2336.873347,2,7.712285066,2,25,788.98,2,20
33H320240201,A13.5,12,1,8,120108,11004,2,20240214, 0449,-1.99988,-3.00034,5156.391,2776.174,2,2.7946,2,34.9064,2,224.4277285,2,34.9164,2,239.752,2,1.502,2,37.9,2,21.9,2,0,2,0,3,0.02505,2,0.03731,2,-999,5,2188.757276,2,2331.374257,2,7.715156204,2,25,785.23,2,20
33H320240201,A13.5,12,1,9,120109,11082,2,20240214, 0449,-1.99978,-3.0003,5156.391,2474.677,2,3.0016,2,34.9202,2,225.7720884,2,34.9441,2,240.315,2,1.462,2,33.5,2,21.5,2,0,2,0.14656,3,0.04148,2,0.05488,2,-999,5,2184.027967,2,2331.763485,2,7.715011037,2,25,780.45,2,20
33H320240201,A13.5,12,1,10,120110,11115,2,20240214, 0449,-1.99963,-3.0005,5156.391,2174.272,2,3.4011,2,34.9449,2,231.2901513,2,34.9558,2,245.077,3,1.397,2,24.8,2,20.3,2,0.01,2,0.07314,3,0.12658,2,0.2788,2,-999,5,2176.314465,2,2324.777347,2,7.719948747,2,25,768.51,2,20
33H320240201,A13.5,12,1,11,120111,11008,2,20240214, 0449,-1.9997,-3.00046,5156.391,1874.543,2,3.7333,2,34.9585,2,231.1300388,2,34.9715,2,243.516,6,1.389,2,20.2,2,19.9,2,0.01,2,0.23432,3,0.24965,2,0.44751,2,-999,5,2172.342621,2,2317.40198,2,7.718587997,2,25,771.87,2,20
33H320240201,A13.5,12,1,12,120112,-999,2,20240214, 0449,-1.99968,-3.00046,5156.391,1610.079,2,4.1954,2,34.9599,2,220.615879,2,34.9673,2,230.857,2,1.441,2,18.4,2,21.1,2,0.01,2,0.24114,3,0.311355,6,0.521325,6,-999,5,2176.62187,2,2312.082535,2,7.699916585,2,25,804.05,2,20
33H320240201,A13.5,12,1,13,120113,11058,2,20240214, 0449,-1.9998,-3.00052,5156.391,1350.854,2,4.4776,2,34.915,2,199.427146,2,34.9208,6,207.461,2,1.651,2,20.9,2,23.8,2,0.01,2,0.17592,3,0.23844,2,0.43466,2,-999,5,2187.891943,2,2311.783129,2,7.67210188,2,25,874.985,6,20
33H320240201,A13.5,12,1,14,120114,11124,2,20240214, 0449,-1.99978,-3.00044,5156.391,1149.265,2,4.5504,2,34.7421,2,163.0674725,2,34.7488,2,168.192,2,2.082,2,27.9,2,30,2,0,2,0.1757,3,0.06523,2,0.10474,2,-999,5,2211.374466,6,2307.062495,2,7.600074883,2,25,1047.65,2,20
33H320240201,A13.5,12,1,15,120115,11081,2,20240214, 0449,-1.99981,-3.00032,5156.391,950.624,2,4.5497,2,34.6643,2,154.9751277,2,34.67,2,158.862,2,2.216,2,30.1,2,32,2,0.01,2,-999,5,-999,5,-999,5,-999,5,2217.805235,2,2301.76301,6,7.578472083,6,25,1109.41,2,20
33H320240201,A13.5,12,1,16,120116,11126,2,20240214, 0449,-1.99972,-3.00038,5156.391,703.482,2,5.4988,2,34.4926,2,139.6562561,2,34.4967,2,139.521,2,2.345,2,26.7,2,34.6,2,0.01,2,0.33917,3,0.52424,2,0.94168,2,-999,5,2220.740368,2,2297.192079,2,7.537439045,2,25,1230.45,2,20
33H320240201,A13.5,12,1,17,120117,11020,2,20240214, 0449,-1.99952,-3.00048,5156.391,551.243,2,6.6732,2,34.5644,2,130.0901731,2,34.5666,2,132.733,2,2.194,2,21,2,33,2,0.01,2,0.58983,3,0.85454,2,1.51099,2,-999,5,2217.812633,2,2294.567287,2,7.544620682,2,25,1208.37,2,20
33H320240201,A13.5,12,1,18,120118,11128,2,20240214, 0449,-1.99948,-3.00036,5156.391,374.626,2,8.814,2,34.7883,2,80.33287227,2,34.7883,2,82.99,2,2.168,2,16.3,2,33.7,2,0.01,2,-999,5,-999,5,-999,5,-999,5,2236.424084,2,2298.808871,2,7.500617557,2,25,1358.29,2,20
33H320240201,A13.5,12,1,19,120119,11031,2,20240214, 0449,-1.99956,-3.00023,5156.391,249.937,2,12.5082,2,35.2133,2,81.44588643,2,35.2212,2,82.411,2,1.706,2,9.8,2,26,2,0.01,2,-999,5,-999,5,-999,5,-999,5,2221.04046,2,2311.36396,2,7.588282795,2,25,1093.69,2,20
33H320240201,A13.5,12,1,20,120120,11122,2,20240214, 0449,-1.99951,-3.00022,5156.391,179.045,2,14.7021,2,35.4966,2,97.38942024,2,35.4932,2,98.205,2,1.423,2,7.2,2,21.1,2,0.01,2,-999,5,-999,5,-999,5,-999,5,2205.47653,2,2327.701545,2,7.66490311,2,25,900.57,2,20
33H320240201,A13.5,12,1,21,120121,11120,2,20240214, 0449,-1.99944,-3.00024,5156.391,129.524,2,15.125,2,35.5553,2,104.3951043,2,35.598,2,105.256,2,1.359,2,6.7,2,19.6,2,0.02,2,-999,5,-999,5,-999,5,-999,5,2198.51314,2,2333.060911,2,7.6892077,2,25,841.64,2,20
33H320240201,A13.5,12,1,22,120122,11026,2,20240214, 0449,-1.99944,-3.0003,5156.391,79.389,2,15.8973,2,35.6684,2,126.0706519,2,35.6698,2,126.991,2,1.156,2,5.5,2,16.1,2,0.04,2,-999,5,-999,5,-999,5,-999,5,2182.372566,2,2338.530059,2,7.748113137,2,25,730.57,2,20
33H320240201,A13.5,12,1,23,120123,11102,3,20240214, 0449,-1.9995,-3.00028,5156.391,30.364,2,24.8972,2,35.7204,2,205.893161,2,35.5518,2,206.917,3,0.15,2,1.2,2,0,2,0.01,2,-999,5,-999,5,-999,5,-999,5,2044.021684,2,2336.56396,2,8.010723081,2,25,358.29,2,20
33H320240201,A13.5,12,1,24,120124,11023,2,20240214, 0449,-1.99954,-3.00028,5156.391,3.549,2,29.1298,2,35.2354,2,196.4223704,2,35.2381,2,197.418,2,0.062,2,1.3,2,0,2,0.01,2,-999,5,-999,5,-999,5,-999,5,2006.567721,6,2312.85101,2,8.045739265,2,25,315.47,2,20
33H320240201,A13.5,13,1,1,130101,11113,2,20240214, 1121,-2.33308,-3.0001,5054.554,5041.354,2,2.1917,2,34.8465,2,225.1046805,2,-999,9,242.797,2,1.644,6,56.9,6,23.5,6,0.01,6,0.22095,3,0.09081,2,0.16304,2,16.40903,2,2206.532357,6,2351.873584,2,7.664747251,2,25,810.28,2,20
33H320240201,A13.5,13,1,2,130102,11067,2,20240214, 1121,-2.33306,-3.00012,5054.554,4725.592,2,2.1977,2,34.8513,2,224.3696335,2,34.8827,2,240.436,2,1.627,6,55.2,6,23.2,6,0.01,6,0.17208,3,0.07601,2,0.13342,2,16.80837,2,2205.115395,2,2346.374495,2,7.70249778,2,25,806.48,6,20
33H320240201,A13.5,13,1,3,130103,11121,2,20240214, 1121,-2.33326,-3.00016,5054.554,4425.996,2,2.2393,2,34.8587,2,224.5515821,2,34.8695,2,241.949,2,1.599,6,52.5,6,23,6,0.01,6,0.21106,3,0.06906,2,0.11506,2,17.13001,2,2207.828303,2,2344.61798,2,7.702142596,2,25,803.09,3,20
33H320240201,A13.5,13,1,4,130104,11118,2,20240214, 1121,-2.33339,-3.00022,5054.554,4121.965,2,2.3261,2,34.8687,2,223.5129525,2,34.8795,6,240.702,2,1.571,6,49.7,6,22.7,6,0.01,6,-999,5,0.04857,2,0.07853,2,17.53054,2,2199.006127,2,2335.825426,2,7.705763834,2,25,796.97,3,20
33H320240201,A13.5,13,1,5,130105,11136,2,20240214, 1121,-2.33338,-3.00024,5054.554,3825.891,2,2.3894,2,34.8765,2,224.1949272,2,34.9075,2,241.135,2,1.541,2,47,2,22.5,2,0,2,0.12489,3,0.0413,2,0.06164,2,17.37771,2,2194.581911,2,2339.647842,2,7.710652605,2,25,792.53,3,20
33H320240201,A13.5,13,1,6,130106,11027,2,20240214, 1121,-2.33355,-3.0002,5054.554,3526.812,2,2.4532,2,34.8826,2,222.5352462,2,34.8939,2,239.758,2,1.558,2,46.2,2,22.5,2,0,2,0.20822,3,0.02806,2,0.02433,2,17.3405,2,2195.084434,2,2339.358416,2,7.712503202,2,25,792.49,3,20
33H320240201,A13.5,13,1,7,130107,-999,2,20240214, 1121,-2.33354,-3.00026,5054.554,3225.571,2,2.5411,2,34.8898,2,222.4965348,2,34.899,2,239.622,2,1.549,2,43.9,2,22.4,2,0,2,0.15202,3,0.0208,2,0.01722,2,17.2595,2,2192.60439,2,2331.104792,2,7.712908366,2,25,790.67,3,20
33H320240201,A13.5,13,1,8,130108,11004,2,20240214, 1121,-2.33338,-3.00028,5054.554,2925.015,2,2.6809,2,34.8993,2,222.1673192,2,34.9108,2,237.51,2,1.528,2,41,2,22.3,2,0.01,2,0.17784,3,0.01615,2,0.00744,2,17.34699,2,2191.286731,2,2331.094812,2,7.712396005,2,25,789.73,3,20
33H320240201,A13.5,13,1,9,130109,11082,2,20240214, 1121,-2.33342,-2.99998,5054.554,2626.687,2,2.912,2,34.9135,2,223.8465725,2,34.9249,2,238.532,2,1.504,6,35.8,6,21.8,6,0,6,0.21419,3,0.02491,2,0.02385,2,17.73577,2,2184.257427,2,2330.775446,2,7.71280819,2,25,784.08,3,20
33H320240201,A13.5,13,1,10,130110,11115,2,20240214, 1121,-2.33324,-2.99998,5054.554,2325.921,2,3.2069,2,34.9332,2,229.4630763,2,34.9437,2,243.688,2,1.42,2,28.6,2,20.7,2,0,2,0.16866,3,0.10229,2,0.1743,2,17.22057,2,2175.997269,2,2321.982891,2,7.71705965,2,25,772,3,20
33H320240201,A13.5,13,1,11,130111,11008,2,20240214, 1121,-2.33336,-3.00012,5054.554,2025.198,2,3.5688,2,34.9531,2,231.25764,2,34.9643,6,244.688,2,1.385,2,22.1,2,20.1,2,0.01,2,0.27312,3,0.17264,2,0.3305,2,17.50387,2,2169.101338,2,2317.122535,2,7.718178019,2,25,767.34,3,20
33H320240201,A13.5,13,1,12,130112,-999,2,20240214, 1121,-2.33338,-3.00026,5054.554,1745.932,2,3.8938,2,34.9641,2,230.4896307,2,34.9727,2,242.2835,6,1.365,2,18.6,2,19.9,2,0.01,2,0.39212,3,0.33041,2,0.62993,2,18.23825,2,2168.631999,2,2314.368,2,7.704535132,2,25,777.77,3,20
33H320240201,A13.5,13,1,13,130113,11058,2,20240214, 1121,-2.33334,-3.00028,5054.554,1500.439,2,4.3139,2,34.9495,2,213.4197839,2,34.958,2,223.1,2,1.499,2,19.1,2,22,2,0.01,2,0.47524,3,0.27992,2,0.51989,2,19.11533,2,2176.965008,6,2313.130455,2,7.690664818,2,25,822.72,2,20
33H320240201,A13.5,13,1,14,130114,11124,2,20240214, 1121,-2.33338,-3.00025,5054.554,1240.055,2,4.4995,2,34.7874,2,170.8188432,2,34.7949,2,176.985,2,1.983,2,26.6,2,28.8,2,0,2,0.30774,3,0.08439,2,0.13503,2,23.01426,2,2202.817949,2,2314.757228,2,7.616131114,2,25,1004.17,2,20
33H320240201,A13.5,13,1,15,130115,11081,2,20240214, 1121,-2.33346,-3.00024,5054.554,976.254,2,4.5507,2,34.6806,2,157.2986157,2,34.6869,2,161.1976202,2,2.171,2,29.4,2,31.5,2,0,2,0.37248,3,0.08604,2,0.15051,2,24.59934,2,2211.941653,2,2308.559525,2,7.582267637,2,25,1091.63,2,20
33H320240201,A13.5,13,1,16,130116,11126,2,20240214, 1121,-2.33344,-3.0002,5054.554,749.826,2,5.0236,2,34.4983,2,133.2051021,2,34.5038,2,135.954,2,2.458,6,30,6,35.5,6,0.01,6,0.45345,3,0.25657,2,0.50531,2,28.26146,2,2207.037567,2,2298.509465,2,7.526953524,2,25,1264.42,2,20
33H320240201,A13.5,13,1,17,130117,11020,2,20240214, 1121,-2.33337,-3.00028,5054.554,579.133,2,6.3644,2,34.5445,2,128.2564632,2,34.5497,2,131.111,2,2.287,6,22.7,6,33.5,6,0.01,6,0.54573,3,0.71158,2,1.46448,2,28.56395,2,-999,5,2291.104158,2,7.531861995,2,25,1235.4,2,20
33H320240201,A13.5,13,1,18,130118,11128,2,20240214, 1121,-2.33338,-3.00022,5054.554,425.797,2,8.2917,2,34.7292,2,96.6370708,2,34.7338,2,100.941,2,2.16,2,17,2,33.2,2,0.01,2,0.74463,3,0.914565,6,1.73678,6,33.971975,6,2220.558561,2,2293.499406,2,7.515620314,2,25,1294.06,2,20
33H320240201,A13.5,13,1,19,130119,11031,2,20240214, 1121,-2.33342,-3.00012,5054.554,275.963,2,11.578,2,35.094,2,91.16060019,2,35.0964,2,93.557,2,1.754,2,10.6,2,26.9,2,0.01,2,1.24948,3,1.25339,2,2.2759,2,33.94281,2,2231.274404,2,2307.641347,2,7.587728326,2,25,1092.96,2,20
33H320240201,A13.5,13,1,20,130120,11122,2,20240214, 1121,-2.33354,-3.00002,5054.554,188.924,2,14.3132,2,35.4433,2,86.20798625,2,35.4434,2,87.47122289,2,1.536,2,7.8,2,22.9,2,0.02,2,1.57349,3,1.35558,2,2.37912,2,31.04693,2,2207.400265,2,2321.573703,2,7.633961941,2,25,968.04,2,20
33H320240201,A13.5,13,1,21,130121,11120,2,20240214, 1121,-2.33344,-3.0002,5054.554,140.428,2,15.0588,2,35.5457,2,104.6467356,2,35.5657,2,106.161,2,1.346,2,6.7,2,19.7,2,0.02,2,-999,5,1.47485,2,2.48282,2,26.99961,2,2193.24486,2,2328.579802,2,7.704420967,6,25,842.54,2,20
33H320240201,A13.5,13,1,22,130122,11026,2,20240214, 1121,-2.33328,-3.00038,5054.554,90.991,2,15.7034,2,35.6404,2,125.2758876,2,35.6436,2,126.486,2,1.162,2,5.7,2,16.5,2,0.03,2,1.82195,3,1.38518,2,2.40041,2,22.89358,2,2178.800945,6,2341.334495,2,7.736805785,3,25,736.49,2,20
33H320240201,A13.5,13,1,23,130123,11102,9,20240214, 1121,-2.33339,-3.0002,5054.554,39.467,2,19.6499,2,35.763,2,186.7126454,2,-999,9,-999,9,-999,9,-999,9,-999,9,-999,9,-999,5,-999,5,-999,5,-999,5,-999,9,-999,9,-999,9,25,-999,9,20
33H320240201,A13.5,13,1,24,130124,11023,2,20240214, 1121,-2.33343,-3.00015,5054.554,2.993,2,29.1977,2,35.2255,2,196.0131099,2,35.221,2,198.389,2,0.034,2,1.6,2,0,2,0.01,2,1.99088,3,0.91835,2,1.38812,2,6.96964,2,1999.471434,2,2310.276119,2,8.03377151,2,25,318.21,2,20
33H320240201,A13.5,14,1,1,140101,11113,2,20240214, 1710,-2.66654,-3.00036,4868.748,4844.048,2,2.2111,2,34.851,2,225.6690984,2,34.8608,2,240.36,6,1.616,6,56,6,23.4,6,0.01,6,0.29864,3,0.07669,2,0.12961,2,18.84533,2,2209.307224,6,2348.590099,2,7.704912676,2,25,807.12,2,20
33H320240201,A13.5,14,1,2,140102,11067,2,20240214, 1710,-2.66641,-3.00042,4868.748,4599.494,2,2.2278,2,34.8556,2,225.3209892,2,34.8676,2,241.322,2,1.602,6,54,6,23.1,6,0.01,6,0.29743,3,0.06386,2,0.11597,2,18.63441,2,2208.41994,2,2346.314614,2,7.703886575,2,25,805.75,2,20
33H320240201,A13.5,14,1,3,140103,11121,2,20240214, 1710,-2.66642,-3.00033,4868.748,4348.818,2,2.2811,2,34.8628,2,225.3206964,2,34.8764,2,241.389,2,1.589,6,51.5,6,22.9,6,0,6,0.21692,3,0.06,2,0.10405,2,18.19732,2,2203.703258,2,2343.709782,2,7.708023801,2,25,800.43,2,20
33H320240201,A13.5,14,1,4,140104,11118,2,20240214, 1710,-2.66627,-3.00048,4868.748,4050.549,2,2.3668,2,34.8723,2,224.6601618,2,34.8823,2,241.564,2,1.565,6,48.8,6,22.6,6,0.01,6,0.37327,3,0.04122,2,0.0741,2,18.49198,2,2201.175768,2,2343.270653,2,7.707212301,2,25,795.13,2,20
33H320240201,A13.5,14,1,5,140105,11136,2,20240214, 1710,-2.66654,-3,4868.748,3749.936,2,2.4176,2,34.8786,2,223.6606445,2,34.8876,6,240.16,2,1.566,2,47.2,2,22.7,2,0.01,2,0.23711,3,0.03188,2,0.04913,2,18.01497,2,2200.465646,2,2342.791604,2,7.711800808,2,25,793.46,2,20
33H320240201,A13.5,14,1,6,140106,11027,2,20240214, 1710,-2.66629,-3.00008,4868.748,3450.012,2,2.4629,2,34.8841,2,223.8039158,2,34.8947,2,239.674,2,1.562,2,45.6,2,22.5,2,0.01,2,0.308955,3,0.02655,6,0.04141,6,17.747465,6,2197.528534,2,2340.136871,2,7.712147496,2,25,790.87,2,20
33H320240201,A13.5,14,1,7,140107,-999,2,20240214, 1710,-2.6662,-3.00029,4868.748,3150.003,2,2.5709,2,34.892,2,222.2794628,2,34.9025,2,237.191,2,1.574,2,43.7,2,22.5,2,0,2,0.27083,3,0.01876,2,0.02103,2,18.34016,2,2196.329602,2,2338.150812,2,7.709386788,2,25,791.46,2,20
33H320240201,A13.5,14,1,8,140108,11004,2,20240214, 1710,-2.66634,-3.00018,4868.748,2850.218,2,2.7336,2,34.9028,2,223.3278606,2,34.9106,2,242.508,2,1.54,2,39.8,2,22.2,2,0.01,2,0.31421,3,0.01733,2,0.02189,2,18.43807,2,2192.71293,2,2332.671683,6,7.712715183,6,25,787.58,2,20
33H320240201,A13.5,14,1,9,140109,11082,2,20240214, 1710,-2.66651,-3.00008,4868.748,2549.614,2,2.9677,2,34.917,2,225.5156002,2,34.9288,2,240.192,2,1.5,2,34.4,2,21.6,2,0.01,2,0.21391,3,0.03379,2,0.05811,2,18.11376,2,2186.277783,2,2326.903129,2,7.710326933,2,25,780.68,2,20
33H320240201,A13.5,14,1,10,140110,11115,2,20240214, 1710,-2.66633,-3.00022,4868.748,2250.65,2,3.2853,2,34.9387,2,231.2409431,2,34.9473,2,-0.944,4,1.419,2,26.6,2,20.6,2,0.01,2,0.33633,3,0.13068,2,0.24964,2,18.27027,2,2176.796913,2,2321.394059,2,7.718706392,2,25,768.01,2,20
33H320240201,A13.5,14,1,11,140111,11008,2,20240214, 1710,-2.66643,-3.00014,4868.748,1950.48,2,3.6833,2,34.9597,2,234.7700115,2,34.9724,2,246.906,2,1.359,2,19.8,2,19.7,2,0.01,2,0.59413,3,0.30688,2,0.64184,2,17.99505,2,2170.244122,2,2312.112475,2,7.72080451,2,25,764.87,2,20
33H320240201,A13.5,14,1,12,140112,-999,2,20240214, 1710,-2.66642,-3.00025,4868.748,1700.851,2,3.9875,2,34.9654,2,229.6529307,2,34.9744,2,240.241,2,1.389,2,18.1,2,20.1,2,0.01,2,0.3949,3,0.36962,2,0.75382,2,18.74699,2,2172.52733,6,2312.082535,2,7.709202431,2,25,780.65,2,20
33H320240201,A13.5,14,1,13,140113,11058,2,20240214, 1710,-2.66616,-3.00042,4868.748,1450.004,2,4.3178,2,34.9293,2,206.4180301,2,34.9351,2,215.207,2,1.592,2,20.5,2,23.2,2,0.01,2,0.50035,3,0.20919,2,0.39805,2,20.52478,2,2185.498909,2,2312.451802,2,7.679640122,2,25,852.51,2,20
33H320240201,A13.5,14,1,14,140114,11124,2,20240214, 1710,-2.66622,-3.00038,4868.748,1200.491,2,4.4723,2,34.776,2,169.6811383,2,34.7892,2,175.13,2,2.01,2,27.1,2,28.8,2,0.01,2,0.42624,3,0.06997,2,0.1276,2,24.71038,2,2208.283318,2,2306.513584,2,7.608773149,2,25,1014.91,2,20
33H320240201,A13.5,14,1,15,140115,11081,2,20240214, 1710,-2.6664,-3.00031,4868.748,1000.058,2,4.4569,2,34.6535,2,154.857522,2,34.6596,2,161.631,3,2.202,2,31,2,32.3,2,0.01,2,0.32873,3,0.06667,2,0.11674,2,26.62555,2,2219.781263,2,2306.124356,2,7.573526148,3,25,1114.695,6,20
33H320240201,A13.5,14,1,16,140116,11126,2,20240214, 1710,-2.66648,-3.0003,4868.748,800.446,2,4.7969,2,34.5094,2,138.399941,2,34.5139,2,139.536,2,2.409,6,31.5,6,35.2,6,0,6,0.26176,3,0.17574,2,0.33861,2,27.5965,2,2226.541017,2,2296.962535,2,7.534176862,2,25,1232.83,2,20
33H320240201,A13.5,14,1,17,140117,11020,2,20240214, 1710,-2.6663,-3.00055,4868.748,600.261,2,6.2365,2,34.5415,2,121.7893307,2,34.5471,6,125.613,2,2.321,2,23.6,2,34.7,2,0.01,2,0.48392,3,0.6287,2,1.25949,2,30.91528,2,2223.035558,2,2291.623129,2,7.527089706,2,25,1254.54,2,20
33H320240201,A13.5,14,1,18,140118,11128,2,20240214, 1710,-2.6664,-3.00052,4868.748,399.199,2,8.7664,2,34.7846,2,70.08710326,2,34.8145,2,72.075,2,2.245,2,16.9,2,35.1,2,0.01,2,0.57293,3,0.76698,2,1.4711,2,38.76946,2,2241.1538,2,2293.409584,2,7.47310079,2,25,1430.35,2,20
33H320240201,A13.5,14,1,19,140119,11031,2,20240214, 1710,-2.66636,-3.00048,4868.748,300.938,2,11.2539,2,35.0692,2,63.99864598,2,35.0706,2,64.781,2,1.932,2,12.2,2,30.6,2,0.02,2,1.03006,3,1.09098,2,1.95066,2,39.06367,2,2234.543942,2,2303.200158,2,7.520996298,2,25,1276.4,2,20
33H320240201,A13.5,14,1,20,140120,11122,2,20240214, 1710,-2.66634,-3.0004,4868.748,199.222,2,13.8775,2,35.3899,2,85.25959902,2,35.3894,2,85.83,2,1.563,2,8.3,2,23.8,2,0.02,2,1.44891,3,1.31651,2,2.19131,2,33.21676,2,2214.87213,2,2318.230337,2,7.626639598,2,25,995.51,2,20
33H320240201,A13.5,14,1,21,140121,11120,2,20240214, 1710,-2.66638,-3.00033,4868.748,149.735,2,14.613,2,35.4858,2,91.30567811,2,35.4915,2,91.926,2,1.481,2,7.6,2,22.1,2,0.02,2,1.42067,3,1.32459,2,2.2123,2,29.14289,2,2208.607886,2,2325.835248,2,7.652306312,2,25,923.25,2,20
33H320240201,A13.5,14,1,22,140122,11026,2,20240214, 1710,-2.66631,-3.00039,4868.748,100.599,2,15.1754,2,35.5605,2,106.6280404,2,35.5577,2,105.994,2,1.334,2,6.6,2,19.6,2,0.02,2,1.55962,3,1.35667,2,2.27702,2,27.41302,2,2198.076337,2,2328.879208,2,7.692485028,2,25,839.8,2,20
33H320240201,A13.5,14,1,23,140123,11102,2,20240214, 1710,-2.66634,-3.00036,4868.748,50.286,2,16.2489,2,35.6212,2,109.0813707,2,35.6283,2,110.0165181,6,1.283,2,5.6,2,17.5,2,0.58,2,1.57346,3,1.34917,2,2.26621,2,30.28915,2,2193.291809,6,2342.272634,2,7.712345651,2,25,796.84,2,20
33H320240201,A13.5,14,1,24,140124,11023,2,20240214, 1710,-2.66638,-3.00048,4868.748,3.018,2,29.3018,2,35.2251,2,197.2563935,2,35.2331,2,198.16,2,0.173,2,1.9,2,0,2,0.01,2,1.86322,3,0.89603,2,1.39793,2,7.64091,2,2003.92604,2,2313.619485,2,8.041822954,2,25,319.45,2,20
33H320240201,A13.5,15,1,1,150101,11113,2,20240214, 2320,-2.9994,-3.00079,5394.63,5311.43,2,2.2623,2,34.8494,2,224.5058301,2,34.8588,2,241.737,2,1.608,6,55.7,6,23.2,6,0.01,6,0.28528,3,0.08204,2,0.14678,2,18.68566,2,2208.757031,2,2347.332594,2,7.704926041,2,25,807.355,6,20
33H320240201,A13.5,15,1,2,150102,11067,2,20240214, 2320,-2.99928,-3.00062,5394.63,4774.134,2,2.2191,2,34.8527,2,223.1661949,2,34.8616,2,240.9925,6,1.6,6,54.8,6,23.1,6,0.01,6,0.2595,3,0.07424,2,0.13245,2,19.67987,2,2206.329424,6,2346.12499,2,7.702929956,2,25,807.38,2,20
33H320240201,A13.5,15,1,3,150103,11121,2,20240214, 2320,-2.99936,-3.00051,5394.63,4275.469,2,2.2766,2,34.8633,2,223.3609152,2,34.8743,2,241.466,2,1.574,6,51,6,22.7,6,0,6,0.29941,3,0.05881,2,0.10403,2,18.45584,2,2202.727351,2,2342.352475,2,7.707708292,2,25,799.37,2,20
33H320240201,A13.5,15,1,4,150104,11118,2,20240214, 2320,-2.99946,-3.00054,5394.63,3975.909,2,2.3838,2,34.874,2,221.4318159,2,34.8859,2,239.231,2,1.569,6,48.7,6,22.6,6,0.01,6,0.22581,3,0.03164,2,0.04888,2,18.60921,2,2200.664571,2,2338.300515,2,7.708080635,2,25,796.4,2,20
33H320240201,A13.5,15,1,5,150105,11136,2,20240214, 2320,-2.99957,-3.00062,5394.63,3675.777,2,2.4462,2,34.8808,2,220.9060392,2,34.8924,2,238.782,2,1.577,2,47,2,22.6,2,0.01,2,0.31491,3,0.02198,2,0.0333,2,19.4529,2,2200.774417,2,2338.849426,2,7.712005792,2,25,794.88,2,20
33H320240201,A13.5,15,1,6,150106,11027,2,20240214, 2320,-2.99964,-3.0008,5394.63,3375.529,2,2.5088,2,34.8868,2,222.2009862,2,34.9005,6,239.83,2,1.551,2,44.6,2,22.3,2,0.01,2,0.24023,3,0.02023,2,0.03361,2,18.56045,2,2194.961794,2,2332.731564,2,7.714334964,2,25,791.33,2,20
33H320240201,A13.5,15,1,7,150107,-999,2,20240214, 2320,-2.99984,-3.00056,5394.63,3075.533,2,2.6359,2,34.8952,2,222.0976481,2,34.9042,2,237.903,2,1.529,2,42.2,2,22.2,2,0,2,0.4495,3,0.01557,2,0.02388,2,19.6333,2,2193.674442,2,2334.348356,2,7.710023554,2,25,789.54,2,20
33H320240201,A13.5,15,1,8,150108,11004,2,20240214, 2320,-2.99977,-3.00056,5394.63,2774.799,2,2.8402,2,34.9083,2,223.5549327,2,34.9165,2,239.329,2,1.514,2,37.5,2,21.8,2,0.01,2,0.38769,3,0.02415,2,0.03711,2,18.73148,2,2187.114728,2,2329.148673,2,7.716759284,3,25,783.78,2,20
33H320240201,A13.5,15,1,9,150109,11082,2,20240214, 2320,-2.99964,-3.00044,5394.63,2477.118,2,3.0911,2,34.9237,2,225.3257571,2,34.9322,2,240.851,2,1.475,2,32,2,21.3,2,0.01,2,0.2423,3,0.04248,2,0.07665,2,18.22359,2,2181.296182,2,2323.479921,2,7.676915832,2,25,778.73,2,20
33H320240201,A13.5,15,1,10,150110,11115,2,20240214, 2320,-2.99949,-3.00054,5394.63,2174.77,2,3.4007,2,34.9447,2,231.8116014,2,34.9548,2,245.345,2,1.38,2,24.5,2,20.2,2,0.01,2,0.44308,3,0.16793,2,0.33542,2,18.65357,2,2173.220242,2,2315.954851,2,7.719361923,2,25,767.76,2,20
33H320240201,A13.5,15,1,11,150111,11008,2,20240214, 2320,-2.9995,-3.00046,5394.63,1875.329,2,3.771,2,34.9627,2,234.1023266,2,34.9735,2,246.418,2,1.338,2,19.1,2,19.6,2,0,2,0.42915,3,0.34314,2,0.69919,2,17.66911,2,2170.032256,2,2312.611485,2,7.71933835,2,25,767.07,2,20
33H320240201,A13.5,15,1,12,150112,-999,2,20240214, 2320,-2.99944,-3.00043,5394.63,1609.659,2,4.1585,2,34.9553,2,219.4729549,2,34.963,2,229.7,2,1.455,2,18.9,2,21.2,2,0.01,2,0.3104,3,0.28618,2,0.57752,2,18.75879,2,2176.372181,2,2308.160317,2,7.701404102,2,25,807.27,2,20
33H320240201,A13.5,15,1,13,150113,11058,2,20240214, 2320,-2.99949,-3.00038,5394.63,1349.638,2,4.4314,2,34.8848,2,191.1563264,2,34.8914,2,199.008,2,1.735,2,22.8,2,25.1,2,0.01,2,0.19925,3,0.1343,2,0.24626,2,21.94938,2,2191.906491,6,2311.483723,2,7.655752243,2,25,904.94,2,20
33H320240201,A13.5,15,1,14,150114,11124,2,20240214, 2320,-2.99948,-3.00038,5394.63,1150.063,2,4.4083,2,34.7319,2,163.1271271,2,34.7384,2,168.147,2,2.086,2,29,2,30.1,2,0.01,2,0.22454,3,0.04863,2,0.08374,2,24.83979,2,2209.841347,2,2307.122376,2,7.596915907,2,25,1055.78,2,20
33H320240201,A13.5,15,1,15,150115,11081,2,20240214, 2320,-2.99946,-3.0004,5394.63,950.366,2,4.4826,2,34.5692,2,144.0398393,2,34.5759,2,147.804,2,2.355,2,32.7,2,34.1,2,0.01,2,0.189725,3,0.068925,6,0.12617,6,27.87589,6,2223.543463,2,2300.665188,2,7.548811298,2,25,1196.72,2,20
33H320240201,A13.5,15,1,16,150116,11126,2,20240214, 2320,-2.99938,-3.00038,5394.63,751.487,2,5.2425,2,34.5027,2,124.3303389,2,34.5069,2,125.267,2,2.471,2,29.2,2,36.2,2,0.01,2,0.32036,3,0.25478,2,0.46236,2,29.48209,2,2227.891433,2,2292.72095,2,7.508680832,2,25,1314.14,2,20
33H320240201,A13.5,15,1,17,150117,11020,2,20240214, 2320,-2.99942,-3.00051,5394.63,549.686,2,6.8951,2,34.5868,2,126.5567287,2,34.5892,2,128.869,2,2.179,2,20.5,2,32.8,2,0.01,2,0.87085,3,0.84357,2,1.6328,2,29.67863,2,2213.992947,2,2291.433505,2,7.54446883,2,25,1212.83,2,20
33H320240201,A13.5,15,1,18,150118,11128,2,20240214, 2320,-2.99958,-3.00058,5394.63,330.794,2,10.8705,2,35.0256,2,57.65939856,2,35.2212,2,58.141,2,2.024,2,13,2,31.8,2,0.01,2,0.78355,3,1.01923,2,1.85957,2,40.04548,2,2236.942789,2,2301.733069,2,7.499969188,3,25,1343.63,2,20
33H320240201,A13.5,15,1,19,150119,11031,2,20240214, 2320,-2.99961,-3.00046,5394.63,250.374,2,12.5414,2,35.2165,2,91.23384719,2,35.221,2,93.114,2,1.622,2,9.5,2,24.9,2,0.02,2,1.20656,3,1.29114,2,2.14045,2,32.56855,2,2209.945996,2,2310.545584,2,7.607792815,2,25,1032.96,2,20
33H320240201,A13.5,15,1,20,150120,11122,2,20240214, 2320,-2.99954,-3.0003,5394.63,180.981,2,14.0521,2,35.4124,2,87.27124918,2,35.4151,2,87.953,2,1.534,2,7.9,2,23.2,2,0.02,2,1.21439,3,1.34252,2,2.29472,2,31.19208,2,2210.700218,2,2320.136554,2,7.631092783,2,25,975.55,2,20
33H320240201,A13.5,15,1,21,150121,11120,2,20240214, 2320,-2.99928,-3.00022,5394.63,130.555,2,14.8219,2,35.5119,2,95.59812842,2,35.5145,2,96.201,2,1.418,2,6.9,2,20.9,2,0.02,2,1.46858,3,1.36105,2,2.21104,2,28.738,2,2203.002201,2,2325.106693,2,7.662397865,2,25,897.69,2,20
33H320240201,A13.5,15,1,22,150122,11026,2,20240214, 2320,-2.99932,-3.00029,5394.63,80.169,2,15.5962,2,35.5952,2,100.6429669,2,35.5948,2,100.4495,6,1.327,2,6.1,2,19.3,2,0.07,2,1.4697,3,1.35927,2,2.30325,2,28.66333,2,2197.608448,2,2327.881188,2,7.685943287,2,25,848.58,2,20
33H320240201,A13.5,15,1,23,150123,11102,2,20240214, 2320,-2.99947,-3.00044,5394.63,30.402,2,24.2447,2,36.0131,2,199.1253295,2,35.9872,2,200.41,2,0.179,2,1.6,2,0.1,2,0.01,2,1.82547,3,1.11869,2,1.82488,2,13.99149,2,2089.642745,6,2357.462495,6,7.963577931,6,25,403.7,2,20
33H320240201,A13.5,15,1,24,150124,11023,2,20240214, 2320,-2.99969,-3.00043,5394.63,2.444,2,29.1602,2,35.207,2,196.2274469,2,35.2235,2,198.455,3,0.022,2,1.7,2,0,2,0.01,2,1.71522,3,0.90079,2,1.34032,2,6.35328,2,2004.008118,2,2309.427802,2,8.044412282,2,25,314.79,2,20
33H320240201,A13.5,16,1,1,160101,11113,2,20240215, 0602,-3.50042,-3.00014,4945.631,4923.631,2,2.227,2,34.8511,2,225.3912855,2,34.8595,2,241.07,2,1.613,6,55.6,6,23.2,6,0.01,6,0.24986,3,0.07817,2,0.1277,2,19.93956,2,2209.53578,6,2344.697822,2,7.704058811,2,25,807.84,2,20
33H320240201,A13.5,16,1,2,160102,11067,2,20240215, 0602,-3.50034,-3.00044,4945.631,4676.174,2,2.2235,2,34.8539,2,225.0648517,2,34.863,2,240.254,2,1.599,6,54.1,6,23.1,6,0.01,6,0.52786,3,0.07051,2,0.11721,2,19.44232,2,2206.955146,2,2343.829545,2,7.706761707,2,25,806.99,2,20
33H320240201,A13.5,16,1,3,160103,11121,2,20240215, 0602,-3.50054,-3.00023,4945.631,4424.351,2,2.2784,2,34.8616,2,224.7864174,2,34.8703,2,241.843,2,1.581,6,51.9,6,22.8,6,0.01,6,0.42573,3,0.05979,2,0.09747,2,20.0574,2,2204.54775,2,2343.809584,2,7.700744086,2,25,802.97,2,20
33H320240201,A13.5,16,1,4,160104,11118,2,20240215, 0602,-3.50048,-3.00042,4945.631,4124.823,2,2.3219,2,34.8681,2,224.3515721,2,34.8767,2,240.406,2,1.564,6,49.7,6,22.7,6,0.01,6,0,3,0.04781,2,0.0865,2,18.4283,2,2201.174432,2,2339.977188,2,7.705333091,2,25,799.29,2,20
33H320240201,A13.5,16,1,5,160105,11136,2,20240215, 0602,-3.50049,-3.0004,4945.631,3823.852,2,2.4014,2,34.8768,2,221.9574043,2,34.8844,2,238.347,2,1.578,2,48.1,2,22.7,2,0.01,2,0.37578,3,0.02191,2,0.03675,2,18.87564,2,2201.145207,2,2339.248634,2,7.70902055,2,25,798.17,2,20
33H320240201,A13.5,16,1,6,160106,11027,2,20240215, 0602,-3.50063,-3.00028,4945.631,3524.699,2,2.4593,2,34.883,2,221.9356753,2,34.8909,2,238.133,2,1.563,2,46.7,2,22.7,2,0.01,2,0.28538,3,0.015005,6,0.02177,6,17.728545,6,2198.107289,2,2338.230653,2,7.71395831,2,25,795.52,2,20
33H320240201,A13.5,16,1,7,160107,-999,2,20240215, 0602,-3.50058,-3.00012,4945.631,3224.812,2,2.5666,2,34.8901,2,221.7496143,2,34.8974,6,237.353,2,1.551,2,44.1,2,22.5,2,0.01,2,0.16227,3,0.01227,2,0.01834,2,18.06949,2,2197.608452,2,2335.645782,2,7.711396814,2,25,793.68,2,20
33H320240201,A13.5,16,1,8,160108,11004,2,20240215, 0602,-3.50034,-3.00004,4945.631,2960.416,2,2.7076,2,34.8991,2,222.4980913,2,34.9068,2,237.769,2,1.545,2,40.7,2,22.2,2,0.01,2,0.34754,3,0.01126,2,0.01905,2,17.3702,2,2193.938869,2,2331.404198,2,7.71176857,2,25,789.335,6,20
33H320240201,A13.5,16,1,9,160109,11082,2,20240215, 0602,-3.50006,-3.00028,4945.631,2625.641,2,2.931,2,34.9143,2,224.8635671,2,34.9209,2,239.579,3,1.498,2,35.2,2,21.7,2,0.01,2,0,3,0.02655,2,0.04809,2,18.10409,2,2187.168364,2,2327.501941,2,7.716413788,2,25,772.01,2,20
33H320240201,A13.5,16,1,10,160110,11115,2,20240215, 0602,-3.50004,-3.00008,4945.631,2324.27,2,3.2204,2,34.9335,2,230.1672251,2,34.9398,2,243.988,2,1.42,2,28.3,2,20.7,2,0.01,2,0.52675,3,0.11193,2,0.20992,2,17.91547,2,2178.688516,2,2320.445941,6,7.720276693,6,25,782.23,2,20
33H320240201,A13.5,16,1,11,160111,11008,2,20240215, 0602,-3.49986,-3.0001,4945.631,2025.458,2,3.5401,2,34.9501,2,231.8354514,2,34.9561,2,244.143,2,1.385,2,22.7,2,20.1,2,0.01,2,0.33893,3,0.20286,2,0.38858,2,17.15764,2,2171.641564,2,2325.895129,3,7.716028923,2,25,767.3,2,20
33H320240201,A13.5,16,1,12,160112,-999,2,20240215, 0602,-3.49978,-3.0003,4945.631,1739.896,2,3.917,2,34.9616,2,228.678604,2,34.9681,2,240.068,2,1.385,2,19,2,20.2,2,0.01,2,0.51517,3,0.3006,2,0.62397,2,18.11644,2,2172.238668,2,2310.276119,2,7.714151735,2,25,777.07,2,20
33H320240201,A13.5,16,1,13,160113,11058,2,20240215, 0602,-3.4997,-3.00038,4945.631,1501.348,2,4.1999,2,34.9416,2,213.0882722,2,34.948,2,222.154,2,1.511,2,20.1,2,22.1,2,0.01,2,0.29936,3,0.21186,2,0.39396,2,20.69897,2,2179.82168,2,2309.218218,2,7.688417367,2,25,823.42,2,20
33H320240201,A13.5,16,1,14,160114,11124,2,20240215, 0602,-3.49974,-3.00028,4945.631,1240.596,2,4.4366,2,34.8278,2,179.7912737,2,34.835,2,184.849,2,1.867,2,25,2,27.2,2,0.01,2,0.33334,3,0.09837,2,0.17186,2,22.4494,2,2202.050105,2,2306.733149,2,7.631594232,2,25,958.02,2,20
33H320240201,A13.5,16,1,15,160115,11081,2,20240215, 0602,-3.49989,-3.00016,4945.631,976.664,2,4.4027,2,34.5825,2,150.0183979,2,34.5878,2,153.686,2,2.305,2,32.7,2,33.5,2,0.01,2,0.32605,3,0.07879,2,0.14078,2,26.16942,2,2221.229827,2,2299.507485,2,7.556373293,2,25,1160.68,2,20
33H320240201,A13.5,16,1,16,160116,11126,2,20240215, 0602,-3.49992,-3.0002,4945.631,750.54,2,5.3512,2,34.5028,2,122.001595,2,34.504,2,127.274,2,2.454,2,28.5,2,35.9,2,0.01,2,0.30198,3,0.29733,2,0.60005,2,28.94305,2,2228.381754,2,2290.146059,2,7.509978744,2,25,1304.65,2,20
33H320240201,A13.5,16,1,17,160117,11020,2,20240215, 0602,-3.49997,-3.00018,4945.631,579.966,2,6.9088,2,34.5886,2,125.7654254,2,34.5886,2,122.722,2,2.224,2,20.9,2,33.5,2,0.01,2,0.62208,3,0.78032,2,1.50912,2,29.34622,2,2222.340786,2,2290.714931,2,7.527041061,2,25,1250.8,2,20
33H320240201,A13.5,16,1,18,160118,11128,2,20240215, 0602,-3.50004,-3.0002,4945.631,424.904,2,8.4056,2,34.741,2,95.42894745,2,34.7391,2,98.602,2,2.147,2,16.8,2,32.8,2,0.01,2,0.80139,3,0.92131,2,1.83494,2,33.4178,2,2226.790385,2,2291.433505,2,7.516467354,2,25,1292.57,2,20
33H320240201,A13.5,16,1,19,160119,11031,2,20240215, 0602,-3.50004,-3.00038,4945.631,274.868,2,11.5671,2,35.0882,2,99.87759974,2,35.0954,2,101.189,2,1.679,2,10.3,2,25.5,2,0.01,2,1.19682,3,1.28405,2,2.31802,2,31.77151,2,2209.22206,2,2303.559446,2,7.598702473,2,25,1050.42,2,20
33H320240201,A13.5,16,1,20,160120,11122,2,20240215, 0602,-3.50005,-3.00047,4945.631,189.924,2,13.674,2,35.3642,2,82.23843457,2,35.3627,2,83.217,2,1.581,2,8.4,2,24.2,2,0.01,2,1.22852,3,1.33025,2,2.27522,2,33.00842,2,2214.644504,2,2314.667406,2,7.614875116,2,25,1013.28,2,20
33H320240201,A13.5,16,1,21,160121,11120,2,20240215, 0602,-3.50014,-3.00052,4945.631,140.104,2,14.5926,2,35.4831,2,91.60133688,2,35.4799,2,91.6935,6,1.472,2,7.5,2,22,2,0.01,2,1.23953,3,1.34591,2,2.26617,2,29.99809,2,2206.559019,2,2322.92103,2,7.651429451,2,25,929.9,2,20
33H320240201,A13.5,16,1,22,160122,11026,2,20240215, 0602,-3.50029,-3.00056,4945.631,91.031,2,15.4873,2,35.5978,2,110.4267726,2,35.594,2,110.295,2,1.292,2,6.1,2,18.4,2,0.03,2,1.36499,3,1.37027,2,2.28063,2,25.11942,2,2192.347937,2,2329.068832,2,7.706531299,2,25,809.26,2,20
33H320240201,A13.5,16,1,23,160123,11102,2,20240215, 0602,-3.50044,-3.00054,4945.631,43.414,2,18.1178,2,35.7502,2,138.2094056,2,35.7562,2,144.729,2,0.912,2,3.7,2,10.8,2,0.33,2,1.43848,3,1.32047,2,2.17074,2,24.33372,2,2163.657083,2,2342.971248,2,7.80214797,2,25,629.91,2,20
33H320240201,A13.5,16,1,24,160124,11023,2,20240215, 0602,-3.50051,-3.0005,4945.631,3.236,2,29.1517,2,35.4953,2,194.2720742,2,35.4983,6,195.356,2,0.072,2,1.4,2,0,2,0.01,2,1.55919,3,0.88966,2,1.34291,2,6.51168,2,2017.58346,6,2325.316277,2,8.050937677,2,25,316.5,2,20
33H320240201,A13.5,17,1,1,170101,11113,2,20240215, 1239,-4.0001,-3.00006,4605.557,4590.747,2,2.2198,2,34.8543,2,226.7201773,2,34.8711,6,239.867,2,1.594,2,54.3,2,23.2,2,0,2,0.15777,3,0.07433,2,0.13153,2,16.98089,2,2206.38009,6,2343.450297,2,7.707923877,2,25,806.31,2,20
33H320240201,A13.5,17,1,2,170102,11067,2,20240215, 1239,-4.00002,-3.00028,4605.557,4464.845,2,2.2102,2,34.8551,2,226.2114914,2,34.8651,2,240.38,2,1.593,2,54.1,2,23.1,2,0.01,2,0.01072,3,0.07231,2,0.1279,2,17.22758,2,2207.471933,2,2344.029149,6,7.706718346,6,25,806.26,2,20
33H320240201,A13.5,17,1,3,170103,11121,2,20240215, 1239,-3.99988,-3.0004,4605.557,4350.796,2,2.2377,2,34.8586,2,225.3814729,2,34.8678,2,240.86,2,1.595,2,53.3,2,23.1,2,0,2,0.14242,3,0.06293,2,0.10721,2,18.0245,2,-999,5,2343.60998,2,7.704028486,2,25,803.63,2,20
33H320240201,A13.5,17,1,4,170104,11118,2,20240215, 1239,-3.99976,-3.0005,4605.557,4050.443,2,2.3636,2,34.872,2,223.0698715,2,34.8812,2,238.2235,6,1.582,2,50,2,22.9,2,0,2,0,3,0.0309,2,0.04695,2,16.75739,2,2203.053946,2,2341.504158,2,7.708433498,2,25,797.78,2,20
33H320240201,A13.5,17,1,5,170105,11136,2,20240215, 1239,-3.99974,-3.00046,4605.557,3749.305,2,2.4337,2,34.8794,2,221.9532043,2,34.8885,2,-999,5,1.56,2,48,2,22.9,2,0,2,0.02012,3,0.01448,2,0.02121,2,15.89489,2,2201.137007,2,2341.713743,2,7.708684036,2,25,796.46,2,20
33H320240201,A13.5,17,1,6,170106,11027,2,20240215, 1239,-4.00008,-3.00038,4605.557,3450.807,2,2.4878,2,34.8847,2,222.8092633,2,34.8935,2,237.814,2,1.56,2,46,2,22.7,2,0,2,0.34731,3,0.01808,2,0.02145,2,15.39554,2,2197.950004,2,2340.037069,2,7.713313319,2,25,793.51,2,20
33H320240201,A13.5,17,1,7,170107,-999,2,20240215, 1239,-4.00015,-3.00058,4605.557,3151.529,2,2.5886,2,34.8918,2,222.4623237,2,34.9008,2,235.363,2,1.554,2,43.8,2,22.4,2,0,2,0,3,0.01169,2,0.01074,2,15.25213,2,2196.343992,2,2335.106851,2,7.708638457,2,25,793.25,2,20
33H320240201,A13.5,17,1,8,170108,11004,2,20240215, 1239,-4.00021,-3.0002,4605.557,2850.144,2,2.7183,2,34.8982,2,223.4109196,2,34.9071,2,237.334,2,1.547,2,41,2,22.3,2,0.01,2,0.07584,3,0.01745,2,0.02551,2,15.26012,2,2192.015583,2,2332.591842,2,7.712801593,2,25,790.39,2,20
33H320240201,A13.5,17,1,9,170109,11082,2,20240215, 1239,-4.00032,-3.00026,4605.557,2551.084,2,2.8955,2,34.9094,2,224.4856883,2,34.917,6,236.116,2,1.511,2,36.7,2,22.1,2,0.01,2,0.00066,3,0.02294,2,0.04007,2,15.01039,2,2187.497283,2,2327.242455,2,7.713262838,2,25,786.5,2,20
33H320240201,A13.5,17,1,10,170110,11115,2,20240215, 1239,-4.00018,-3.00044,4605.557,2250.989,2,3.1938,2,34.9282,2,226.5220139,2,34.9354,2,239.044,2,1.472,2,30.3,2,21.5,2,0.01,2,0,3,0.05373,2,0.08505,2,15.25895,2,2178.814355,2,2319.497822,2,7.711028744,2,25,780.72,2,20
33H320240201,A13.5,17,1,11,170111,11008,2,20240215, 1239,-4.00016,-3.00002,4605.557,1950.176,2,3.5654,2,34.9465,2,228.7558811,2,34.954,2,239.841,2,1.421,2,23.7,2,20.8,2,0,2,0,3,0.12952,2,0.2346,2,15.23362,2,2172.79989,2,2312.821069,2,7.711421009,2,25,777,2,20
33H320240201,A13.5,17,1,12,170112,-999,2,20240215, 1239,-4.00015,-3.00032,4605.557,1700.41,2,3.8725,2,34.9485,2,222.6224406,2,34.9572,2,233.547,2,1.459,2,21.4,2,21.4,2,0,2,0.23063,3,0.14629,2,0.26676,2,15.91543,2,2173.411026,2,2311.393901,2,7.706150428,2,25,795.76,2,20
33H320240201,A13.5,17,1,13,170113,11058,2,20240215, 1239,-4.00016,-3.0006,4605.557,1448.668,2,4.2127,2,34.9207,2,205.9869079,2,34.9324,2,214.224,2,1.604,2,21.6,2,23.1,2,0,2,0.13728,3,0.14413,2,0.25654,2,17.55543,2,2182.904949,6,2310.395881,2,7.677278195,2,25,857.93,2,20
33H320240201,A13.5,17,1,14,170114,11124,2,20240215, 1239,-4.00011,-3.00048,4605.557,1201.102,2,4.2856,2,34.7656,2,170.7874218,2,34.7719,2,176.213,2,2.009,2,28.6,2,29.3,2,0,2,0.01535,3,0.03704,2,0.06519,2,21.09832,2,2205.70972,2,2308.739168,2,7.606578873,2,25,1020.01,2,20
33H320240201,A13.5,17,1,15,170115,11081,2,20240215, 1239,-3.99999,-3.00044,4605.557,1000.467,2,4.4164,2,34.5867,2,147.3143939,2,34.5911,2,150.738,2,2.333,2,32.9,2,33.9,2,0,2,0.13903,3,0.06177,2,0.10735,2,23.81905,2,2220.486129,2,2300.994535,2,7.552959837,2,25,1181.76,2,20
33H320240201,A13.5,17,1,16,170116,11126,2,20240215, 1239,-4,-3.00034,4605.557,800.903,2,5.1741,2,34.5053,2,116.916667,2,34.5093,2,118.652,2,2.533,2,29.8,2,37.3,2,0,2,0.1914,3,0.14999,2,0.26142,2,27.10717,2,2230.925053,2,2292.481426,2,7.499459441,2,25,1359.67,2,20
33H320240201,A13.5,17,1,17,170117,11020,2,20240215, 1239,-3.99994,-3.00037,4605.557,600.459,2,6.7257,2,34.5695,2,126.6990503,2,34.5677,2,129.544,2,2.228,2,21.3,2,33.4,2,0,2,0.54326,3,0.80931,2,1.53506,2,26.90218,2,2213.332064,2,2289.307723,2,7.535357788,2,25,1224.86,2,20
33H320240201,A13.5,17,1,18,170118,11128,2,20240215, 1239,-4.00002,-3.00026,4605.557,399.703,2,8.9736,2,34.8027,2,81.47334565,2,34.7997,2,82.528,2,2.15,2,16,2,33.6,2,0.01,2,0.46868,3,0.89914,2,1.71324,2,33.98195,2,2229.960983,2,2296.174099,2,7.50220837,2,25,1349.57,2,20
33H320240201,A13.5,17,1,19,170119,11031,2,20240215, 1239,-3.99996,-3.00034,4605.557,300.953,2,10.981,2,35.0288,2,76.09326049,2,35.0224,2,77.668,2,1.922,2,12.1,2,29.8,2,0.01,2,0.77476,3,1.1144,2,1.95368,2,34.8116,2,2222.370363,2,2301.523485,2,7.54151419,2,25,1215.21,6,20
33H320240201,A13.5,17,1,20,170120,11122,2,20240215, 1239,-3.99994,-3.00034,4605.557,200.023,2,12.8157,2,35.2474,2,102.2555873,2,35.2499,2,103.517,6,1.561,2,8.7,2,23.6,2,0.01,2,1.07793,3,1.32234,2,2.48721,2,28.29108,2,2202.023061,2,2314.647446,2,7.632714823,2,25,970.57,2,20
33H320240201,A13.5,17,1,21,170121,11120,2,20240215, 1239,-3.99992,-3.00026,4605.557,150.419,2,13.5519,2,35.3448,2,106.7222527,2,35.3413,2,109.141,2,1.449,2,7.6,2,21.5,2,0.01,2,1.18149,3,1.3656,2,2.3717,2,26.39375,2,2196.292605,2,2320.306218,2,7.659303719,2,25,901.94,2,20
33H320240201,A13.5,17,1,22,170122,11026,2,20240215, 1239,-3.99996,-3.00014,4605.557,99.604,2,14.9783,2,35.5319,2,99.35061502,2,35.5273,2,99.063,2,1.4,2,6.7,2,20.6,2,0.01,2,1.34926,3,1.364255,6,2.34882,6,25.36639,6,2199.491448,6,2326.054812,2,7.673300828,2,25,879.96,2,20
33H320240201,A13.5,17,1,23,170123,11102,2,20240215, 1239,-3.99998,-3.00032,4605.557,50.807,2,19.6737,2,35.7906,2,165.1954667,2,35.7827,2,163.586,2,0.697,2,3,2,6.7,2,0.1,2,1.41046,3,1.26151,2,2.1816,2,20.08302,2,2142.158253,2,2345.675881,2,7.846638276,2,25,558.33,2,20
33H320240201,A13.5,17,1,24,170124,11023,2,20240215, 1239,-3.9998,-3.0002,4605.557,2.766,2,29.428,2,35.5863,2,193.8443212,2,35.589,2,195.093,2,0.077,2,1.4,2,0,2,0,2,1.48772,3,0.86835,2,1.35559,2,5.78027,2,2019.482418,2,2333.100832,2,8.054591878,2,25,315.54,2,20
33H320240201,A13.5,18,1,1,180101,11113,2,20240215, 1926,-4.50009,-3.00066,4962.524,4866.934,2,2.2619,2,34.8547,2,224.5092411,2,34.8689,2,240.633,2,1.607,6,54.1,6,23.1,6,0.01,6,0,3,0.06961,2,0.12799,2,14.85865,2,2208.43461,2,2345.925386,2,7.702040577,2,25,803.3,2,20
33H320240201,A13.5,18,1,2,180102,11067,2,20240215, 1926,-4.50011,-3.00056,4962.524,4645.236,2,2.261,2,34.8575,2,224.0047093,2,34.8759,2,240.129,2,1.599,6,53.4,6,23.1,6,0,6,0.01836,3,0.06601,2,0.11743,2,15.26353,2,2207.7839,6,2341.464238,2,7.706049532,2,25,805.67,2,20
33H320240201,A13.5,18,1,3,180103,11121,2,20240215, 1926,-4.50012,-3.0004,4962.524,4274.672,2,2.3162,2,34.866,2,221.8968865,2,34.876,2,236.46,2,1.596,6,51.5,6,23,6,0,6,0,3,0.03767,6,0.064445,6,15.05703,6,2205.845472,2,2343.999208,2,7.704422362,2,25,801.47,2,20
33H320240201,A13.5,18,1,4,180104,11118,2,20240215, 1926,-4.50022,-3.00046,4962.524,3975.68,2,2.3766,2,34.8739,2,221.1449294,2,34.8931,2,237.089,2,1.59,6,49.6,6,22.6,6,0,6,0,3,0.02314,2,0.03672,2,14.75298,2,2204.568991,2,2340.625901,2,7.707740191,2,25,799.46,2,20
33H320240201,A13.5,18,1,5,180105,11136,2,20240215, 1926,-4.50022,-3.00064,4962.524,3677.138,2,2.4375,2,34.8803,2,220.9581057,2,34.8905,2,237.8335,6,1.578,2,47.4,2,22.7,2,0.01,2,0,3,0.01952,2,0.02601,2,14.38479,2,2202.32566,2,2339.418297,2,7.711425567,2,25,795.88,2,20
33H320240201,A13.5,18,1,6,180106,11027,2,20240215, 1926,-4.50024,-3.0006,4962.524,3375.268,2,2.4896,2,34.8851,2,220.8496152,2,34.8999,2,236.9,2,1.577,2,46,2,22.6,2,0,2,0.02947,3,0.0131,2,0.01439,2,14.56949,2,2198.277704,2,2336.933228,2,7.71235903,2,25,795.27,2,20
33H320240201,A13.5,18,1,7,180107,-999,2,20240215, 1926,-4.50012,-3.0008,4962.524,3076.292,2,2.5944,2,34.8921,2,221.4760544,2,34.9007,2,236.019,2,1.559,2,43.4,2,22.5,2,0.01,2,0.06314,3,0.00972,2,0.01263,2,14.72682,2,2197.544976,2,2334.53798,2,7.708176426,2,25,794.22,2,20
33H320240201,A13.5,18,1,8,180108,11004,2,20240215, 1926,-4.50006,-3.00097,4962.524,2775.331,2,2.7714,2,34.9028,2,222.1988737,2,34.9121,6,236.735,2,1.542,2,39.6,2,22.2,2,0,2,0.02611,3,0.01179,2,0.01737,2,14.88986,2,2192.699923,2,2331.234535,2,7.714346882,2,25,790.89,2,20
33H320240201,A13.5,18,1,9,180109,11082,2,20240215, 1926,-4.5,-3.00084,4962.524,2474.808,2,2.9656,2,34.9147,2,223.9995146,2,34.9291,2,236.15,2,1.514,2,35,2,21.8,2,0,2,0,3,0.02381,2,0.04307,2,14.82873,2,2187.005753,2,2325.086733,2,7.71067001,2,25,786.69,2,20
33H320240201,A13.5,18,1,10,180110,11115,2,20240215, 1926,-4.49985,-3.00112,4962.524,2175.932,2,3.3043,2,34.9344,2,226.6927162,2,34.9543,2,238.847,2,1.459,2,28,2,21.1,2,0,2,0,3,0.06776,2,0.11775,2,14.39706,2,2181.278755,2,2318.739327,2,7.715712745,2,25,779.25,2,20
33H320240201,A13.5,18,1,11,180111,11008,2,20240215, 1926,-4.50015,-3.001,4962.524,1875.437,2,3.6986,2,34.9473,2,224.9565714,2,34.9542,2,235.745,2,1.453,2,22.8,2,21,2,0,2,0.02496,3,0.11351,2,0.21289,2,14.88662,2,2176.848859,2,2313.409901,2,7.709697864,2,25,785.9,2,20
33H320240201,A13.5,18,1,12,180112,-999,2,20240215, 1926,-4.50024,-3.00114,4962.524,1610.473,2,3.9953,2,34.9432,2,217.4159265,2,34.9637,2,227.664,2,1.5,2,20.9,2,21.7,2,0.01,2,0.12216,3,0.1502,2,0.28692,2,15.63998,2,2179.654027,6,2312.471762,2,7.699068894,2,25,811.27,2,20
33H320240201,A13.5,18,1,13,180113,11058,2,20240215, 1926,-4.50052,-3.00124,4962.524,1351.214,2,4.2517,2,34.8876,2,194.8418217,2,34.8974,2,202.279,2,1.731,2,23.5,2,24.8,2,0,2,0.05003,3,0.08657,2,0.15728,2,17.94103,2,2194.438482,2,2309.34796,2,7.664354735,2,25,896.14,2,20
33H320240201,A13.5,18,1,14,180114,11124,2,20240215, 1926,-4.50063,-3.00112,4962.524,1150.123,2,4.3421,2,34.7138,2,161.4114486,2,34.7263,2,166.671,2,2.137,2,29.8,2,30.4,2,0,2,0.02772,3,0.03631,2,0.05694,2,21.26482,2,2215.573127,2,2305.325941,2,7.590793696,2,25,1073.17,2,20
33H320240201,A13.5,18,1,15,180115,11081,2,20240215, 1926,-4.50069,-3.00098,4962.524,950.143,2,4.4372,2,34.5658,2,145.6044133,2,34.5726,2,149.296,2,2.365,2,32.8,2,34.1,2,0,2,0,3,0.07138,2,0.13123,2,22.95075,2,2225.057703,2,2301.064396,2,7.550150829,2,25,1195.69,2,20
33H320240201,A13.5,18,1,16,180116,11126,2,20240215, 1926,-4.50084,-3.00078,4962.524,701.438,2,5.658,2,34.5159,2,117.6353608,2,34.529,2,119.397,2,2.46,2,26.4,2,36.3,2,0.01,2,0.10386,3,0.36849,2,0.77474,2,26.01687,2,2230.967387,2,2291.573228,2,7.502022126,2,25,1336.53,2,20
33H320240201,A13.5,18,1,17,180117,11020,2,20240215, 1926,-4.50092,-3.00078,4962.524,550.569,2,6.9441,2,34.5911,2,119.4783599,2,34.591,2,123.227,2,2.23,2,20.4,2,33.3,2,0.01,2,0.43469,3,0.81071,2,1.5543,2,27.12563,2,2220.475278,2,2290.006337,2,7.526743726,2,25,1246.65,2,20
33H320240201,A13.5,18,1,18,180118,11128,2,20240215, 1926,-4.50102,-3.00076,4962.524,374.322,2,9.6173,2,34.8742,2,68.37393089,2,34.8768,2,71.615,2,2.149,2,14.9,2,33.3,2,0.01,2,0.4359,3,0.90367,2,1.72301,2,36.39449,2,2238.04302,2,2294.956515,2,7.493601779,2,25,1384.37,2,20
33H320240201,A13.5,18,1,19,180119,11031,2,20240215, 1926,-4.50112,-3.0007,4962.524,249.887,2,11.8681,2,35.1246,2,106.6312828,2,35.1346,2,105.4585,6,1.648,2,9.8,2,24.8,2,0.01,2,0.95921,3,1.3116,2,2.54251,2,28.23797,2,2207.662382,2,2305.146297,2,7.613818108,2,25,1015.28,2,20
33H320240201,A13.5,18,1,20,180120,11122,2,20240215, 1926,-4.50116,-3.0007,4962.524,180.161,2,12.7778,2,35.2412,2,106.4184343,2,35.2488,6,107.579,2,1.541,2,8.6,2,23,2,0.01,2,1.02717,3,1.33313,2,2.37035,2,27.67519,2,2202.854769,2,2312.282139,2,7.638604886,2,25,950.31,2,20
33H320240201,A13.5,18,1,21,180121,11120,2,20240215, 1926,-4.50126,-3.00076,4962.524,130.125,2,13.3753,2,35.3163,2,122.6303396,2,35.3146,2,122.506,2,1.389,2,7.5,2,20.1,2,0.01,2,1.19358,3,1.39129,2,2.58855,2,24.04955,2,2191.580875,2,2326.713505,2,7.679450659,2,25,847.13,6,20
33H320240201,A13.5,18,1,22,180122,11026,2,20240215, 1926,-4.50142,-3.00096,4962.524,90.519,2,14.576,2,35.4797,2,104.9239606,2,35.4881,2,107.672,2,1.391,2,6.6,2,20.2,2,0.03,2,1.2067,3,1.3349,2,2.25285,2,25.95155,2,2198.953104,2,2325.136634,6,7.676653522,6,25,862.38,2,20
33H320240201,A13.5,18,1,23,180123,11102,2,20240215, 1926,-4.50156,-3.00118,4962.524,30.904,2,25.0108,2,36.0735,2,212.1171165,2,36.0959,2,214.139,2,0.188,2,1.3,2,0,2,0.01,2,1.6073,3,1.0607,2,1.73467,2,9.34024,2,2074.122859,6,2364.927683,2,8.003877133,2,25,364.89,2,20
33H320240201,A13.5,18,1,24,180124,11023,2,20240215, 1926,-4.50192,-3.0013,4962.524,2.474,2,29.3249,2,35.5716,2,194.6086198,2,35.5871,2,203.481,4,0.08,2,1.6,2,0,2,0.01,2,1.50334,3,0.8835,2,1.35502,2,5.8348,2,2020.390965,2,2334.937188,2,8.043036138,2,25,314.59,2,20
33H320240201,A13.5,19,1,1,190101,11113,2,20240216, 0154,-4.99964,-3.00017,4869.415,4852.845,2,2.2696,2,34.8555,2,225.4738444,2,34.864,2,240.896,2,1.597,6,53.7,6,23,6,0.01,6,0,3,0.06855,2,0.11525,2,15.17523,2,2206.934589,6,2343.390416,2,7.707503781,2,25,806.53,2,20
33H320240201,A13.5,19,1,2,190102,11067,2,20240216, 0154,-4.99942,-3.00026,4869.415,4549.455,2,2.2859,2,34.8605,2,223.7743505,2,34.8719,6,-0.994,4,1.595,6,53,6,22.9,6,0.01,6,0,3,0.05533,2,0.08665,2,15.00224,2,2206.457563,2,2343.290614,2,7.707239154,2,25,804.1,6,20
33H320240201,A13.5,19,1,3,190103,11121,2,20240216, 0154,-4.99942,-3.00024,4869.415,4200.047,2,2.3748,2,34.8717,2,221.5015689,2,34.8801,2,238.297,2,1.589,6,50.3,6,22.7,6,0.01,6,-999,5,-999,5,-999,5,-999,5,2203.936639,2,2343.639921,2,7.706277204,2,25,800.68,2,20
33H320240201,A13.5,19,1,4,190104,11118,2,20240216, 0154,-4.99964,-3.00028,4869.415,3900.778,2,2.3969,2,34.8761,2,219.4894626,2,34.8841,2,235.284,2,1.592,6,50,6,22.6,6,0.01,6,0,3,0.01768,2,0.02385,2,14.76411,2,2205.754149,2,2344.797624,6,7.707388648,6,25,802.49,2,20
33H320240201,A13.5,19,1,5,190105,11136,2,20240216, 0154,-4.99974,-3.00038,4869.415,3598.953,2,2.434,2,34.8807,2,221.1100488,2,34.8876,2,237.064,2,1.581,2,47.6,2,22.7,2,0.01,2,0,3,0.0183,2,0.02247,2,14.73226,2,2200.99998,2,2344.019168,2,7.708415098,2,25,798.04,2,20
33H320240201,A13.5,19,1,6,190106,11027,2,20240216, 0154,-5.00002,-3.00034,4869.415,3300.239,2,2.504,2,34.8865,2,221.2363498,2,34.8961,2,236.919,6,1.564,2,45.7,2,22.6,2,0.01,2,0,3,0.01196,2,0.01351,2,14.66546,2,2198.497335,2,2340.895366,2,7.707548603,2,25,796.05,2,20
33H320240201,A13.5,19,1,7,190107,-999,2,20240216, 0154,-4.99994,-3.00038,4869.415,2999.515,2,2.6256,2,34.8933,2,221.550303,2,34.9019,2,236.206,2,1.557,2,43.1,2,22.5,2,0.01,2,0,3,0.00907,2,0.00891,2,14.65048,2,2195.407978,2,2333.989069,2,7.709683848,2,25,794.63,2,20
33H320240201,A13.5,19,1,8,190108,11004,2,20240216, 0154,-4.9998,-3.00042,4869.415,2695.201,2,2.7932,2,34.9034,2,222.6510828,2,34.9112,2,236.642,2,1.541,2,39.1,2,22.2,2,0.01,2,0,3,0.012845,6,0.01747,6,14.143465,6,2191.930096,2,2331.354297,2,7.709036342,2,25,791.25,2,20
33H320240201,A13.5,19,1,9,190109,11082,2,20240216, 0154,-4.99966,-3.00034,4869.415,2400.331,2,3.037,2,34.9183,2,224.3783555,2,34.9265,2,238.229,2,1.504,2,33.7,2,21.7,2,0.01,2,0.01732,3,0.03066,2,0.04566,2,14.56718,2,2185.151865,2,2325.016871,2,7.708279595,2,25,785.98,2,20
33H320240201,A13.5,19,1,10,190110,11115,2,20240216, 0154,-4.99964,-3.00034,4869.415,2100.415,2,3.3714,2,34.9353,2,225.4990572,2,34.942,2,236.621,2,1.469,2,27.3,2,21.2,2,0.01,2,0,3,0.05811,2,0.10525,2,14.6745,2,2179.410892,2,2318.799208,2,7.715202791,2,25,783.23,2,20
33H320240201,A13.5,19,1,11,190111,11008,2,20240216, 0154,-4.9998,-3.00014,4869.415,1800.801,2,3.7285,2,34.9461,2,223.6886094,2,34.953,2,234.556,2,1.467,2,22.8,2,21.2,2,0.01,2,0,3,0.10804,2,0.18936,2,15.03651,2,2174.500332,2,2315.316119,2,7.709100513,2,25,790.66,2,20
33H320240201,A13.5,19,1,12,190112,-999,2,20240216, 0154,-4.9997,-3.00031,4869.415,1501.496,2,4.1283,2,34.9218,2,207.4102767,2,34.9267,2,214.01,2,1.601,2,22.1,2,23.1,2,0.01,2,0,3,0.11633,2,0.21775,2,16.40517,2,2184.495814,6,2311.503683,2,7.682375624,2,25,848.97,2,20
33H320240201,A13.5,19,1,13,190113,11058,2,20240216, 0154,-4.99959,-3.0004,4869.415,1250.241,2,4.2732,2,34.8191,2,179.8893326,2,34.8251,2,184.91,2,1.912,2,26.4,2,27.4,2,0.01,2,0,3,0.05358,2,0.09168,2,19.49189,2,2201.282309,2,2308.858931,2,7.626762564,2,25,962.8,2,20
33H320240201,A13.5,19,1,14,190114,11124,2,20240216, 0154,-4.99956,-3.00046,4869.415,999.034,2,4.439,2,34.58,2,145.7462892,2,34.5863,2,147.521,2,2.349,2,32.8,2,33.8,2,0.01,2,0.04569,3,0.05908,2,0.10445,2,22.903,2,2223.017639,2,2302.451644,2,7.549571613,2,25,1181.42,2,20
33H320240201,A13.5,19,1,15,190115,11081,2,20240216, 0154,-4.9996,-3.00032,4869.415,751.001,2,5.3309,2,34.4961,2,130.3753865,2,34.4991,2,132.353,2,2.415,2,28,2,35.4,2,0.01,2,0.11246,3,0.37229,2,0.74442,2,25.07103,2,2225.566582,2,2293.19002,2,7.519674975,2,25,1264.07,2,20
33H320240201,A13.5,19,1,16,190116,11126,2,20240216, 0154,-4.99986,-3.00016,4869.415,580.542,2,6.8489,2,34.5929,2,109.784793,2,34.5913,6,110.984,2,2.311,2,21.4,2,34.5,2,0.01,2,0.28176,3,0.68143,2,1.43742,2,28.02638,2,2225.833729,2,2292.381624,2,7.510434753,2,25,1298.82,2,20
33H320240201,A13.5,19,1,17,190117,11020,2,20240216, 0154,-4.99988,-3.00018,4869.415,439.233,2,8.7728,2,34.7833,2,72.00064919,2,34.7818,2,72.593,2,2.225,2,16.8,2,34.7,2,0.01,2,0.53894,3,0.77194,2,1.57481,2,34.65387,2,2238.787265,2,2294.267881,2,7.480514756,2,25,1411.47,2,20
33H320240201,A13.5,19,1,18,190118,11128,2,20240216, 0154,-4.99984,-3.0002,4869.415,329.878,2,10.5356,2,34.9735,2,77.23875323,2,34.9681,2,77.809,6,1.964,2,13,2,30.3,2,0.01,2,0.66306,3,1.06951,2,2.02863,2,34.31147,2,2229.123034,2,2301.264,2,7.53062387,2,25,1255.76,2,20
33H320240201,A13.5,19,1,19,190119,11031,2,20240216, 0154,-4.9998,-3.0002,4869.415,260.112,2,11.6456,2,35.1023,2,93.04457697,2,35.1001,2,90.005,2,1.765,2,10.8,2,27,2,0.01,2,0.84147,3,1.2206,2,2.14694,2,31.85887,2,2215.215707,2,2307.741149,2,7.579453833,2,25,1108.15,2,20
33H320240201,A13.5,19,1,20,190120,11122,2,20240216, 0154,-4.99974,-3.00012,4869.415,200.816,2,12.342,2,35.1867,2,104.8783601,2,35.1856,2,106.147,2,1.601,2,9.1,2,23.7,2,0.01,2,1.05537,3,1.33906,2,2.60499,2,28.33912,2,2202.762214,2,2310.984713,2,7.629253308,2,25,981.85,2,20
33H320240201,A13.5,19,1,21,190121,11120,2,20240216, 0154,-4.99964,-3.00008,4869.415,140.592,2,13.3732,2,35.316,2,124.8446919,2,35.3141,2,127.528,2,1.365,2,7.2,2,19.5,2,0.02,2,1.14182,3,1.37571,2,2.49864,2,23.78732,2,2187.182348,2,2319.487842,2,7.688027763,2,25,836.31,2,20
33H320240201,A13.5,19,1,22,190122,11026,2,20240216, 0154,-4.99963,-3.00012,4869.415,90.246,2,15.3484,2,35.5668,2,114.8470284,2,35.5207,2,112.9075086,3,1.319,2,6.1,2,18.7,2,0.03,2,1.21095,3,1.34149,2,2.44334,2,24.45941,2,2189.935465,2,2328.220515,2,7.702939227,2,25,819.27,2,20
33H320240201,A13.5,19,1,23,190123,11102,2,20240216, 0154,-4.99976,-3.00014,4869.415,50.365,2,21.4222,2,35.9793,2,184.4867484,2,35.9602,2,180.481,3,0.519,2,2.6,2,3.8,2,0.08,2,1.55675,3,1.19633,2,2.35751,2,17.21061,2,2123.14665,2,2360.336792,2,7.901329117,2,25,477.93,2,20
33H320240201,A13.5,19,1,24,190124,11023,2,20240216, 0154,-4.9999,-3.00004,4869.415,2.425,2,29.2406,2,35.8171,2,193.2885096,2,35.8211,2,194.358,2,0.101,2,1.7,2,0,2,0.01,2,1.64792,3,0.87933,2,1.54268,2,5.85912,2,2034.416545,6,2351.085149,2,8.049299148,2,25,322.97,2,20
33H320240201,A13.5,20,1,1,200101,11113,2,20240216, 0850,-5.49907,-2.8452,5167.971,5127.471,2,2.3192,2,34.8564,2,224.601236,2,34.8682,2,239.751,3,1.598,6,53.9,6,23,6,0,6,0.32977,3,0.06591,2,0.1379,2,15.25389,2,2211.61115,6,2347.302653,2,7.705941911,2,25,806.53,2,20
33H320240201,A13.5,20,1,2,200102,11067,2,20240216, 0850,-5.49915,-2.84602,5167.971,4751.321,2,2.2783,2,34.8575,2,223.3793352,2,34.8707,2,239.414,3,1.612,6,53.1,6,23,6,0,6,0,3,0.05916,2,0.13016,2,15.08725,2,2210.019676,2,2348.709861,2,7.702805547,2,25,807.51,2,20
33H320240201,A13.5,20,1,3,200103,11121,2,20240216, 0850,-5.49911,-2.84636,5167.971,4349.899,2,2.3143,2,34.8649,2,222.1056043,2,34.8764,6,237.309,3,1.608,6,51.5,6,23,6,0,6,0,3,0.04038,2,0.06828,2,15.25292,2,2208.383773,2,2344.518178,2,7.70558768,2,25,-999,9,20
33H320240201,A13.5,20,1,4,200104,11118,2,20240216, 0850,-5.4992,-2.84641,5167.971,3950.22,2,2.3812,2,34.8743,2,220.3932532,2,34.8841,2,236.773,3,1.6,6,49.4,6,22.8,6,0,6,0.29667,3,0.02613,2,0.048,2,15.02393,2,2206.928678,2,2343.58004,2,7.710759297,2,25,799.045,6,20
33H320240201,A13.5,20,1,5,200105,11136,2,20240216, 0850,-5.49924,-2.84654,5167.971,3551.146,2,2.4306,2,34.8807,2,219.5979152,2,34.8892,2,236.345,3,1.598,2,48,2,22.8,2,0,2,0.1677,3,0.01128,2,0.02251,2,15.081,2,2205.289342,2,2343.370455,2,7.708415098,6,25,799.56,2,20
33H320240201,A13.5,20,1,6,200106,11027,2,20240216, 0850,-5.49945,-2.84644,5167.971,3199.821,2,2.501,2,34.8866,2,220.6062464,2,34.8953,2,236.58,3,1.584,2,45.5,2,22.7,2,0.01,2,0.20295,3,0.00715,2,0.01444,2,15.21659,2,2202.542352,2,2343.719762,2,7.711912918,2,25,797.19,2,20
33H320240201,A13.5,20,1,7,200107,-999,2,20240216, 0850,-5.49936,-2.84676,5167.971,2901.195,2,2.6439,2,34.8944,2,221.4070734,2,34.8966,2,234.942,3,1.572,2,42.3,2,22.5,2,0,2,0.18197,3,0.01035,2,0.01225,2,15.21855,2,2198.320354,2,2336.04499,2,7.712285859,2,25,794.55,2,20
33H320240201,A13.5,20,1,8,200108,11004,2,20240216, 0850,-5.49934,-2.84662,5167.971,2599.61,2,2.8432,2,34.9058,2,222.6168845,2,34.9143,2,235.971,3,1.547,2,37.9,2,22.2,2,0.01,2,0.2177,3,0.0154,2,0.02974,2,15.20905,2,2194.336045,2,2331.254495,2,7.710821375,2,25,791.47,2,20
33H320240201,A13.5,20,1,9,200109,11082,2,20240216, 0850,-5.49934,-2.84688,5167.971,2299.754,2,3.1338,2,34.9218,2,224.3623437,2,34.93,2,234.969,3,1.518,2,32,2,21.7,2,0,2,0.22693,3,0.03412,2,0.07815,2,15.18318,2,2186.607022,2,2325.076752,2,7.710586771,2,25,786.27,2,20
33H320240201,A13.5,20,1,10,200110,11115,2,20240216, 0850,-5.4995,-2.8468,5167.971,1999.514,2,3.5003,2,34.9387,2,224.7408142,2,34.9452,2,236.356,3,1.481,2,25.6,2,21.1,2,0,2,0.24159,3,0.07098,2,0.15733,2,15.3218,2,2181.110324,6,2317.691406,2,7.713502883,2,25,786.1,2,20
33H320240201,A13.5,20,1,11,200111,11008,2,20240216, 0850,-5.49957,-2.8467,5167.971,1700.034,2,3.9113,2,34.9398,2,218.1533685,2,34.9492,2,225.11,3,1.523,2,21.8,2,21.9,2,0,2,0.29594,3,0.11815,2,0.23118,2,16.1499,2,2181.595952,2,2312.282139,2,7.697668537,2,25,808.5,2,20
33H320240201,A13.5,20,1,12,200112,-999,2,20240216, 0850,-5.4995,-2.84662,5167.971,1398.456,2,4.2237,2,34.8694,2,192.2669344,2,34.8757,2,199.764,3,1.775,2,24.2,2,25,2,0.01,2,0.2215,3,0.07557,2,0.15951,2,17.99015,2,2198.449799,2,2311.473743,2,7.652610437,2,25,899.33,2,20
33H320240201,A13.5,20,1,13,200113,11058,2,20240216, 0850,-5.49961,-2.84636,5167.971,1151.04,2,4.3254,2,34.7023,2,159.3002456,2,34.7106,2,164.349,3,2.178,2,30.3,2,30.9,2,0.01,2,0.21616,3,0.03004,2,0.03653,2,20.82797,2,-999,5,2307.541545,2,7.589013554,2,25,1082.17,2,20
33H320240201,A13.5,20,1,14,200114,11124,2,20240216, 0850,-5.49972,-2.84634,5167.971,900.267,2,4.6776,2,34.5229,2,131.1412541,2,34.5282,6,134.537,3,2.494,2,32.5,2,35.9,2,0,2,0.16878,3,0.07819,2,0.12432,2,24.0276,2,2167.190164,2,2299.178139,2,7.523242584,2,25,1277.77,2,20
33H320240201,A13.5,20,1,15,200115,11081,2,20240216, 0850,-5.49967,-2.84644,5167.971,701.214,2,5.6162,2,34.5215,2,107.9998808,2,34.5242,2,110.133,3,2.54,2,27.4,2,37.4,2,0,2,0.2608,3,0.24011,2,0.49241,2,26.13555,2,2191.41324,2,2291.433505,2,7.490703568,2,25,1391.88,2,20
33H320240201,A13.5,20,1,16,200116,11126,2,20240216, 0850,-5.49992,-2.84606,5167.971,520.329,2,7.6664,2,34.6799,2,72.66417891,2,34.6809,2,73.153,3,2.423,2,19.9,2,37.1,2,0,2,0.27881,3,0.51979,2,1.14846,2,31.38113,2,2240.788292,2,2290.455446,2,7.455299954,2,25,1501.35,2,20
33H320240201,A13.5,20,1,17,200117,11020,2,20240216, 0850,-5.49982,-2.84634,5167.971,400.722,2,9.0892,2,34.8186,2,66.96205421,2,34.8233,2,67.5575,3,2.228,2,16,2,34.5,2,0.01,2,0.45079,3,0.75999,2,1.71567,2,34.37503,2,2246.735524,2,2297.21204,2,7.47846293,2,25,1435.03,2,20
33H320240201,A13.5,20,1,18,200118,11128,2,20240216, 0850,-5.49968,-2.84651,5167.971,301.951,2,10.4787,2,34.9586,2,96.71060099,2,34.9596,2,97.919,3,1.876,2,12.1,2,28.4,2,0.01,2,0.99069,3,1.136545,6,2.1547,6,29.583105,6,2221.986816,2,2301.443644,2,7.592384063,2,25,1146.96,2,20
33H320240201,A13.5,20,1,19,200119,11031,2,20240216, 0850,-5.4997,-2.84642,5167.971,240.712,2,10.9473,2,35.0118,2,104.0129684,2,35.0162,2,105.585,3,1.753,2,11.1,2,26.6,2,0.01,2,-999,5,-999,5,-999,5,-999,5,2213.77815,2,2305.505584,2,7.587609661,2,25,1071.03,2,20
33H320240201,A13.5,20,1,20,200120,11122,2,20240216, 0850,-5.4997,-2.84643,5167.971,181.015,2,12.2037,2,35.1757,2,89.87797426,2,35.1534,2,90.378,3,1.725,2,10,2,25.8,2,0.01,2,-999,5,1.93485,2,2.59883,2,30.24015,2,2220.227371,2,2309.986693,2,7.708718645,3,25,1076.24,2,20
33H320240201,A13.5,20,1,21,200121,11120,2,20240216, 0850,-5.49962,-2.84658,5167.971,121.069,2,14.4127,2,35.4566,2,83.7550049,2,35.4518,2,83.791,3,1.566,2,7.6,2,23.1,2,0.02,2,1.29055,3,1.38056,2,2.17466,2,26.0133,2,2217.348527,2,2323.489901,2,7.631740577,2,25,978.11,2,20
33H320240201,A13.5,20,1,22,200122,11026,2,20240216, 0850,-5.4996,-2.84647,5167.971,60.264,2,19.7132,2,35.897,2,160.3632219,2,35.858,2,151.051,3,0.833,2,3.5,2,9.5,2,0.22,2,1.65237,3,1.30869,2,2.11423,2,19.19579,2,2157.277271,6,2352.342653,2,7.832704195,2,25,583.46,2,20
33H320240201,A13.5,20,1,23,200123,11102,2,20240216, 0850,-5.49958,-2.84644,5167.971,39.722,2,26.3409,2,36.1252,2,208.6350134,2,36.1407,2,210.109,3,0.144,2,1.1,2,0,2,0.01,2,1.99434,3,1.02656,2,1.57911,2,7.0835,2,2069.888194,2,2362.462574,2,8.025863926,2,25,348.19,2,20
33H320240201,A13.5,20,1,24,200124,11023,2,20240216, 0850,-5.49942,-2.84644,5167.971,3.258,2,29.026,2,36.1099,2,193.6437224,2,36.1126,2,195.224,3,0.106,2,1,2,0,2,0.01,2,1.88989,3,0.93606,2,1.3952,2,5.40684,2,2055.635505,2,2367.911762,2,8.043134787,2,25,328.3,2,20
33H320240201,A13.5,21,1,1,210101,11113,2,20240216,1632,-5.99976,-2.40513,4889.239,4860.619,2,2.3016,2,34.858,2,224.75705610040782,2,34.8699,2,239.329,2,1.645,6,54.1,6,23.2,6,0,6,0.13402,3,0.05684,2,0.10709,2,13.83704,2,2206.482126,2,2346.683881,2,7.705010946,2,25,805.5,2,20
33H320240201,A13.5,21,1,2,210102,11067,2,20240216,1632,-5.99938,-2.4053,4889.239,4449.447,2,2.3068,2,34.8632,2,222.72275916561955,2,34.8728,2,238.56,2,1.623,6,53.2,6,23.2,6,0,6,0.18273,3,0.041745,6,0.075245,6,13.66231,6,2203.704945,2,2345.675881,2,7.705080495,2,25,804.92,2,20
33H320240201,A13.5,21,1,3,210103,11121,2,20240216,1632,-5.99964,-2.40511,4889.239,4149.869,2,2.3296,2,34.868,2,221.5013853444642,2,34.8803,2,237.835,2,1.595,6,51.9,6,23.1,6,0,6,0.1017,3,0.0258,2,0.04645,2,13.69188,2,2204.885508,2,2344.248713,2,7.707415809,2,25,801.38,2,20
33H320240201,A13.5,21,1,4,210104,11118,2,20240216,1632,-5.99954,-2.40476,4889.239,3774.499,2,2.3748,2,34.8747,2,221.10130857141078,2,34.8841,6,237.017,2,1.598,6,50.3,6,22.9,6,0,6,0,3,0.0152,2,0.02771,2,13.54166,2,2201.352515,2,2342.162851,2,7.707289967,2,25,798.23,6,20
33H320240201,A13.5,21,1,5,210105,11136,2,20240216,1632,-5.99962,-2.4047,4889.239,3425.494,2,2.4562,2,34.8823,2,220.83644477943292,2,34.8932,2,236.916,2,1.578,2,47.5,2,22.9,2,0,2,0.13061,3,0.00966,2,0.01326,2,13.45757,2,2199.066982,2,2341.035089,2,7.71070471,2,25,-999,9,20
33H320240201,A13.5,21,1,6,210106,11027,2,20240216,1632,-5.99971,-2.40512,4889.239,3101.282,2,2.5498,2,34.8882,2,220.99358809079177,2,34.8989,2,235.918,2,1.581,2,45.6,2,22.7,2,0,2,0,3,0.00298,2,0.00602,2,13.16115,2,2197.404738,2,2338.380356,2,7.713163381,2,25,796.02,2,20
33H320240201,A13.5,21,1,7,210107,-999,2,20240216,1632,-5.9999,-2.40506,4889.239,2799.105,2,2.7089,2,34.8979,2,221.42509009642066,2,34.9121,2,236.21,2,1.571,2,41.9,2,22.6,2,0,2,0.22268,3,0.00254,2,0.00657,2,13.33459,2,2192.344134,2,2333.799446,2,7.711998076,2,25,794.18,2,20
33H320240201,A13.5,21,1,8,210108,11004,2,20240216,1632,-5.99956,-2.4054,4889.239,2500.679,2,2.919,2,34.9098,2,222.82190816488006,2,34.9188,2,236.384,6,1.547,2,37.4,2,22.2,2,0,2,0,3,0.01465,2,0.02337,2,12.89717,2,2185.967633,2,2327.731485,2,7.713740431,2,25,791.64,2,20
33H320240201,A13.5,21,1,9,210109,11082,2,20240216,1632,-5.99908,-2.40562,4889.239,2199.816,2,3.3,2,34.9297,2,224.12109300153782,2,34.9396,2,237.095,2,1.491,2,29.8,2,21.6,2,0,2,0.22212,3,0.03929,2,0.08294,2,12.59143,2,2178.853851,2,2321.314218,2,7.71149637,2,25,785.52,2,20
33H320240201,A13.5,21,1,10,210110,11115,2,20240216,1632,-5.99888,-2.40569,4889.239,1900.69,2,3.6626,2,34.9383,2,221.7113891171129,2,34.947,2,233.535,2,1.491,2,24.8,2,21.7,2,0,2,0,3,0.074,2,0.12946,2,13.09903,2,2174.698418,2,2315.35604,2,7.707169014,2,25,795.46,2,20
33H320240201,A13.5,21,1,11,210111,11008,2,20240216,1632,-5.99911,-2.40532,4889.239,1599.375,2,4.0296,2,34.9255,2,211.17514744055612,2,34.9354,2,-0.96,4,1.561,2,22.7,2,22.9,2,0,2,0.20314,3,0.1056,2,0.19076,2,14.22678,2,2178.493343,2,2311.463762,6,7.68969845,6,25,830.48,2,20
33H320240201,A13.5,21,1,12,210112,-999,2,20240216,1632,-5.99946,-2.4049,4889.239,1300.164,2,4.2409,2,34.8087,2,177.00876521424854,2,34.8163,2,183.404,2,1.937,2,28.3,2,28,2,0,2,0,3,0.0391,2,0.06598,2,16.56174,2,2201.736344,6,2308.140356,2,7.622421248,2,25,976.7,2,20
33H320240201,A13.5,21,1,13,210113,11058,2,20240216,1632,-5.99967,-2.40475,4889.239,1051.029,2,4.3985,2,34.5926,2,144.8183729291319,2,34.5991,2,-999,5,2.368,2,33.6,2,34,2,0,2,0,3,0.04261,2,0.06219,2,20.09031,2,2218.879146,2,2302.531485,2,7.54868959,2,25,1184.41,2,20
33H320240201,A13.5,21,1,14,210114,11124,2,20240216,1632,-5.99946,-2.4049,4889.239,800.266,2,5.0859,2,34.508,2,116.05445905434348,2,34.5181,2,117.019,2,2.542,2,31,2,37.5,2,0,2,0.11742,3,0.11384,2,0.17804,2,22.46325,2,2231.185668,2,2295.545347,2,7.494569635,2,25,1364.49,2,20
33H320240201,A13.5,21,1,15,210115,11081,2,20240216,1632,-5.99952,-2.40481,4889.239,600.755,2,6.727,2,34.6004,2,83.26399921,2,34.6087,6,83.87,2,2.512,2,23.5,2,38.1,2,0.01,2,0.36268,3,0.36313,2,0.64,2,24.82734,2,2240.079076,2,2291.104158,2,7.463689087,2,25,1490.93,2,20
33H320240201,A13.5,21,1,16,210116,11126,2,20240216,1632,-5.9995,-2.40476,4889.239,410.134,2,9.1507,2,34.8228,2,69.39780467175602,2,34.8298,2,70.067,6,2.21,2,16.3,2,34.4,2,0.01,2,0.54018,3,0.89049,2,1.55279,2,30.6457,2,2234.483863,2,2294.906614,2,7.480352716,2,25,1414.91,2,20
33H320240201,A13.5,21,1,17,210117,11020,2,20240216,1632,-5.99944,-2.4047,4889.239,360.46,2,9.5445,2,34.859,2,84.48235934500786,2,34.8677,2,84.742,2,2.068,2,14.7,2,31.9,2,0.01,2,0.81915,3,0.96407,2,1.69527,2,29.2095,2,2222.014499,2,2297.840792,2,7.523297675,2,25,1280.19,2,20
33H320240201,A13.5,21,1,18,210118,11128,2,20240216,1632,-5.99932,-2.40472,4889.239,280.561,2,10.4866,2,34.9674,2,85.89348265262245,2,34.9731,2,83.661,2,1.952,2,12.9,2,30.1,2,0.01,2,0.88763,3,1.24738,2,1.69571,2,32.00201,2,2222.490512,2,2302.242059,2,7.537648245,2,25,1221.98,2,20
33H320240201,A13.5,21,1,19,210119,11031,3,20240216,1632,-5.99936,-2.40468,4889.239,220.848,2,11.4534,2,35.0853,2,90.66327915378828,2,35.088,2,92.227,2,1.788,2,10.9,2,27.3,2,0.01,2,1.11263,3,1.33415,2,1.92362,2,29.53215,2,2216.532715,2,2306.603406,2,7.582153876,2,25,1108.6,2,20
33H320240201,A13.5,21,1,20,210120,11122,2,20240216,1632,-5.99964,-2.40462,4889.239,160.468,2,13.197,2,35.3031,2,93.79754631152825,2,35.3035,2,95.2,2,1.577,2,8.4,2,23.8,2,0.01,2,1.50788,3,1.41079,2,1.91941,2,28.08288,2,2203.454812,2,2316.354059,2,7.633077395,2,25,988.11,2,20
33H320240201,A13.5,21,1,21,210121,11120,2,20240216,1632,-5.99967,-2.40454,4889.239,100.02,2,15.551,2,35.5876,2,111.68240930481603,2,35.5879,2,112.475,2,1.28,2,5.9,2,18.3,2,0.03,2,1.93102,3,1.44032,2,2.09247,2,23.46049,2,2186.156229,2,2332.362297,2,7.705568238,2,25,803.84,2,20
33H320240201,A13.5,21,1,22,210122,11026,2,20240216,1632,-5.99948,-2.40451,4889.239,50.708,2,24.9681,2,36.117,2,215.56983642079243,2,36.1152,2,215.905,2,0.164,2,1.3,2,0,2,0.01,2,1.95327,3,1.1229,2,1.50131,2,9.89828,2,2063.736726,2,2369.738139,2,8.009762212,2,25,359.94,2,20
33H320240201,A13.5,21,1,23,210123,11102,2,20240216,1632,-5.99952,-2.40452,4889.239,30.531,2,28.7077,2,36.1329,2,197.04287359676965,2,36.1315,2,199.945,2,0.119,2,1.1,2,0,2,0,2,1.90566,3,0.94655,2,1.25047,2,5.96073,2,2047.760298,6,2366.863842,2,8.040648635,2,25,327.21,2,20
33H320240201,A13.5,21,1,24,210124,11023,2,20240216,1632,-5.99974,-2.40444,4889.239,1.81,2,29.2457,2,36.05,2,195.79275903920075,2,36.0597,2,197.027,2,0.102,2,1.1,2,0,2,0,2,1.97599,3,0.9384,2,1.2076,2,5.82773,2,2036.545392,2,2357.931564,2,8.042587856,2,25,320.82,2,20
33H320240201,A13.5,22,1,1,220101,11113,2,20240216,2346,-6.49946,-1.97023,4252.643,4240.703,2,2.3245,2,34.8669,2,224.26058354002507,2,34.8779,2,238.641,3,1.593,6,51.6,6,23.1,6,0,6,0.14482,3,0.03588,2,0.05574,2,14.79736,2,2207.933546,2,2345.845545,2,7.704945976,2,25,796.39,2,20
33H320240201,A13.5,22,1,2,220102,11067,2,20240216,2346,-6.49948,-1.97012,4252.643,3899.707,2,2.3347,2,34.8712,2,223.31714826385527,2,34.8804,2,236.792,2,1.588,6,50.7,6,23,6,0,6,0,3,0.02403,2,0.03873,2,14.74066,2,2208.833037,6,2345.226772,2,7.710995223,2,25,799.55,2,20
33H320240201,A13.5,22,1,3,220103,11121,2,20240216,2346,-6.49938,-1.97012,4252.643,3600.193,2,2.4037,2,34.8779,2,222.49169533958448,2,34.8861,2,236.731,3,1.583,6,48.6,6,23,6,0,6,0,3,0.01044,2,0.0161,2,14.40438,2,2207.482521,2,2343.659881,2,7.709276133,2,25,798.96,2,20
33H320240201,A13.5,22,1,4,220104,11118,2,20240216,2346,-6.49931,-1.97022,4252.643,3299.193,2,2.4938,2,34.8841,2,222.4140804219812,2,34.8963,2,235.54,2,1.574,6,46.1,6,22.8,6,0.01,6,0,3,0.00789,2,0.00704,2,13.75768,2,2203.206815,2,2341.933307,2,7.71259737,2,25,797.62,2,20
33H320240201,A13.5,22,1,5,220105,11136,2,20240216,2346,-6.49936,-1.97018,4252.643,2999.424,2,2.6116,2,34.8925,2,222.43656792842475,2,34.9012,6,235.997,2,1.562,2,43.1,2,22.6,2,0,2,0,3,0.00463,2,0.00498,2,13.81937,2,2200.193034,2,2343.869465,2,7.707540662,2,25,795.79,2,20
33H320240201,A13.5,22,1,6,220106,11027,2,20240216,2346,-6.49922,-1.97014,4252.643,2700.239,2,2.7903,2,34.9025,2,223.04658537893522,2,34.9093,2,236.207,2,1.552,2,39.6,2,22.4,2,0,2,0,3,0.009675,6,0.013435,6,14.22672,6,2195.468575,2,2335.416238,2,7.709329233,2,25,793.19,2,20
33H320240201,A13.5,22,1,7,220107,-999,2,20240216,2346,-6.4992,-1.96998,4252.643,2399.882,2,3.0275,2,34.9158,2,224.25693457519304,2,34.923,2,236.353,2,1.526,2,34.5,2,22,2,0,2,0,3,0.01883,2,0.03427,2,14.42321,2,2188.883678,2,2328.729505,2,7.710850876,2,25,790.41,2,20
33H320240201,A13.5,22,1,8,220108,11004,2,20240216,2346,-6.49928,-1.96979,4252.643,2101.056,2,3.3793,2,34.9315,2,224.7177497084831,2,34.9404,2,236.272,2,1.491,2,27.6,2,21.5,2,0.01,2,0.16873,3,0.04768,2,0.09305,2,13.47555,2,2183.555633,2,2322.072713,2,7.713512343,2,25,788.49,2,20
33H320240201,A13.5,22,1,9,220109,11082,2,20240216,2346,-6.4993,-1.96974,4252.643,1800.927,2,3.6888,2,34.9331,2,219.77917164878804,2,34.9401,2,227.719,2,1.512,2,23.9,2,22,2,0,2,0,3,0.05387,2,0.10318,2,13.68317,2,2183.02933,2,2317.940911,2,7.699209371,2,25,804.16,2,20
33H320240201,A13.5,22,1,10,220110,11115,2,20240216,2346,-6.49938,-1.96995,4252.643,1499.913,2,4.1216,2,34.8952,2,201.36088692910835,2,34.9001,2,208.608,2,1.675,2,23.7,2,24.2,2,0,2,0,3,0.07329,2,0.14213,2,16.82087,2,2192.535502,2,2314.218297,2,7.66934922,2,25,873.99,2,20
33H320240201,A13.5,22,1,11,220111,11008,2,20240216,2346,-6.49954,-1.97027,4252.643,1250.44,2,4.2702,2,34.7438,2,166.26993208701637,2,34.7497,2,169.636,2,2.07,2,29.2,2,29.9,2,0,2,0,3,0.02595,2,0.04526,2,19.01515,2,2214.784464,2,2309.85695,2,7.600126163,2,25,1044.055,6,20
33H320240201,A13.5,22,1,12,220112,-999,2,20240216,2346,-6.49948,-1.97046,4252.643,949.9,2,4.545,2,34.5408,2,135.84107323033226,2,34.5457,2,137.622,2,2.439,2,32.8,2,35.4,2,0.01,2,0.21464,3,0.06012,2,0.10329,2,21.27364,2,2231.842238,6,2302.102337,2,7.527607917,2,25,1252,2,20
33H320240201,A13.5,22,1,13,220113,11058,2,20240216,2346,-6.49934,-1.97066,4252.643,750.608,2,5.2411,2,34.5127,2,110.34350249240529,2,34.5172,2,111.628,2,2.562,2,29.4,2,37.5,2,0.01,2,0.22797,3,0.11298,2,0.22212,2,22.93079,2,2239.945532,2,2296.343762,2,7.484394484,2,25,1386.83,2,20
33H320240201,A13.5,22,1,14,220114,11124,2,20240216,2346,-6.4996,-1.97067,4252.643,560.73,2,7.0947,2,34.6385,2,64.21674223011594,2,34.6411,2,64.345,2,2.568,2,22,2,39.3,2,0,2,0.15393,3,0.30822,2,0.54423,2,29.54594,2,2255.047891,2,2291.563248,2,7.426613185,2,25,1610.62,2,20
33H320240201,A13.5,22,1,15,220115,11081,2,20240216,2346,-6.4995,-1.97064,4252.643,439.611,2,8.797,2,34.7949,2,46.913029178012955,2,34.7942,2,46.751,6,2.389,2,17.4,2,37.5,2,0.01,2,0.45626,3,0.50366,2,1.01855,2,32.99177,2,2257.227342,2,2294.936554,2,7.436050631,2,25,1610.44,2,20
33H320240201,A13.5,22,1,16,220116,11126,2,20240216,2346,-6.49962,-1.97058,4252.643,330.044,2,10.4782,2,34.973,2,62.35059770941374,2,34.9738,2,61.848,2,2.055,2,13.2,2,32.3,2,0,2,0.82079,3,0.9555,2,1.85977,2,30.34176,2,2242.197189,2,2302.222099,2,7.505428525,2,25,1360,2,20
33H320240201,A13.5,22,1,17,220117,11020,2,20240216,2346,-6.49958,-1.97055,4252.643,259.813,2,11.2509,2,35.0575,2,84.74650050069674,2,35.0647,2,83.329,2,1.831,2,11.1,2,28.5,2,0,2,1.11043,3,1.10025,2,2.19517,2,28.06106,2,2226.070003,2,2305.335921,2,7.561454541,2,25,1167.8,2,20
33H320240201,A13.5,22,1,18,220118,11128,2,20240216,2346,-6.49946,-1.97054,4252.643,200.986,2,12.1897,2,35.1656,2,103.83302539504155,2,35.1643,2,103.655,2,1.617,2,9.4,2,24.6,2,0.01,2,1.32597,3,1.25995,2,2.23026,2,25.34747,2,2208.202886,2,2312.062574,6,7.618453164,6,25,1005.94,2,20
33H320240201,A13.5,22,1,19,220119,11031,2,20240216,2346,-6.49934,-1.97045,4252.643,139.451,2,13.7816,2,35.378,2,86.21147499270305,2,35.3788,2,87.166,2,1.566,2,7.9,2,23.4,2,0.01,2,-999,5,1.23948,2,2.29198,2,24.56577,2,2215.08799,2,2319.817188,2,7.62436437,2,25,993.38,2,20
33H320240201,A13.5,22,1,20,220120,11122,2,20240216,2346,-6.49938,-1.97036,4252.643,110.221,2,15.1711,2,35.5455,2,113.13872020062779,2,35.5433,2,114.884,2,1.301,2,5.9,2,18.7,2,0.03,2,1.72219,3,1.2678,2,2.33441,2,21.25228,2,2195.320612,2,2331.883248,2,7.702010954,2,25,814.48,2,20
33H320240201,A13.5,22,1,21,220121,11120,2,20240216,2346,-6.49934,-1.9703,4252.643,80.462,2,16.9005,2,35.6768,2,110.68180848924848,2,35.6788,6,111.656,2,1.206,2,4.9,2,16.6,2,0.64,2,1.68005,3,1.21453,2,2.23775,2,21.87687,2,2191.342247,2,2338.320475,2,7.725743865,2,25,765.1,2,20
33H320240201,A13.5,22,1,22,220122,11026,2,20240216,2346,-6.49934,-1.97022,4252.643,60.479,2,19.754,2,35.9061,2,164.64900614794618,2,35.8883,2,160.425,4,0.73,2,3,2,8.2,2,0.18,2,1.90322,3,1.14362,2,2.05221,2,18.82158,2,2149.357944,2,2355.16705,2,7.848874019,2,25,551.25,2,20
33H320240201,A13.5,22,1,23,220123,11102,2,20240216,2346,-6.49938,-1.9702,4252.643,39.263,2,27.6646,2,36.2014,2,201.32623895656124,2,36.2018,2,204.067,2,0.105,2,0.9,2,0,2,0,2,2.06178,3,0.9462,2,1.42871,2,5.80039,2,2060.936643,6,2373.470733,2,8.038157706,2,25,333.56,2,20
33H320240201,A13.5,22,1,24,220124,11023,2,20240216,2346,-6.49928,-1.97022,4252.643,2.471,2,29.0106,2,35.9049,2,195.03868153622005,2,35.9048,2,197.226,2,0.069,2,1.1,2,0,2,0.01,2,-999,5,-999,5,-999,5,-999,5,2038.43658,2,2355.556277,2,8.044892258,2,25,319.68,2,20
33H320240201,A13.5,23,1,1,230101,11113,2,20240217, 0643,-6.99843,-1.55704,4144.297,4132.927,2,2.3575,2,34.8694,2,223.97832545374638,2,34.8784,2,237.992,2,1.577,6,51.1,6,23.1,6,0,6,0.31965,3,0.1556,2,0.22675,2,13.46583,2,2205.715217,6,2355.396594,2,7.707012247,2,25,801.59,2,20
33H320240201,A13.5,23,1,2,230102,11067,2,20240217, 0643,-6.99824,-1.55675,4144.297,3801.342,2,2.3523,2,34.8722,2,223.1478403,2,34.8809,2,236.375,2,1.58,6,50.8,6,23,6,0.01,6,0.20058,3,0.01689,2,0.02714,2,-999,5,2204.0625,2,2347.292673,2,7.709283692,2,25,801.99,2,20
33H320240201,A13.5,23,1,3,230103,11052,2,20240217, 0643,-6.99846,-1.55668,4144.297,3500.531,2,2.3922,2,34.8772,2,222.54809049359105,2,34.8864,2,-0.932,4,1.582,6,49,6,22.8,6,0.01,6,0.18405,3,0.01373,2,0.01754,2,-999,5,2202.212105,2,2345.216792,2,7.706399161,2,25,800.14,2,20
33H320240201,A13.5,23,1,4,230104,11118,2,20240217, 0643,-6.99868,-1.55648,4144.297,3200.911,2,2.5115,2,34.8855,2,222.80087762059892,2,34.8934,2,235.597,2,1.564,6,45.7,6,22.8,6,0.01,6,0,3,0.00614,2,0.00456,2,-999,5,2198.656077,2,2341.60396,2,7.708708972,2,25,797.41,2,20
33H320240201,A13.5,23,1,5,230105,11136,2,20240217, 0643,-6.99896,-1.55626,4144.297,2899.995,2,2.6186,2,34.8921,2,223.08418430182755,2,34.8998,2,236.139,2,1.54,2,43.3,2,22.7,2,0.01,2,0,3,0.00441,2,0.00348,2,-999,5,2193.286341,2,2337.721663,2,7.70577595,2,25,795.78,2,20
33H320240201,A13.5,23,1,6,230106,11027,2,20240217, 0643,-6.99922,-1.55618,4144.297,2601.518,2,2.7876,2,34.9023,2,223.0074615542632,2,34.9171,6,235.094,2,1.536,2,39.7,2,22.5,2,0.01,2,0.16927,3,0.00956,2,0.01655,2,-999,5,2189.922822,2,2334.787485,6,7.707806592,6,25,794.31,6,20
33H320240201,A13.5,23,1,7,230107,-999,2,20240217, 0643,-6.99944,-1.55617,4144.297,2300.771,2,3.1462,2,34.9204,2,224.8147405781103,2,34.9282,2,236.294,2,1.505,2,32.2,2,21.8,2,0.01,2,0,3,0,2,0,2,-999,5,2182.242629,2,2326.094733,2,7.705522875,2,25,787.89,2,20
33H320240201,A13.5,23,1,8,230108,11004,3,20240217, 0643,-6.99922,-1.55612,4144.297,2000.565,2,3.4869,2,34.932,2,223.02965659205736,2,-999,9,-999,9,-999,9,-999,9,-999,9,-999,9,0,3,0.02882,2,0.04924,2,-999,5,-999,9,-999,9,-999,9,25,-999,9,20
33H320240201,A13.5,23,1,9,230109,11082,2,20240217, 0643,-6.99936,-1.55642,4144.297,1700.002,2,3.8843,2,34.923,2,212.84979503183237,2,34.9289,2,221.602,2,1.566,2,23.5,2,22.9,2,0,2,0,3,0.05561,2,0.0866,2,-999,5,2180.943507,2,2314.328079,2,7.691780824,2,25,828.54,2,20
33H320240201,A13.5,23,1,10,230110,11115,2,20240217, 0643,-6.99896,-1.55652,4144.297,1401.868,2,4.1851,2,34.8525,2,189.1570536200724,2,34.8579,2,196.8585,6,1.791,2,25.4,2,26.2,2,0.01,2,0.20779,3,0.04667,2,0.07056,2,-999,5,2195.150564,2,2314.008713,2,7.647559355,2,25,924.94,2,20
33H320240201,A13.5,23,1,11,230111,11008,2,20240217, 0643,-6.99862,-1.55664,4144.297,1150.017,2,4.3121,2,34.6681,2,154.60565098404462,2,34.6729,2,157.983,2,2.211,2,31.6,2,32.2,2,0.01,2,0.23452,3,0.01095,2,0.01887,2,-999,5,2217.389943,6,2308.120396,2,7.573902482,2,25,1122.36,2,20
33H320240201,A13.5,23,1,12,230112,-999,2,20240217, 0643,-6.99898,-1.55688,4144.297,899.336,2,4.6496,2,34.5258,2,132.30994556078096,2,34.5309,2,134.18,2,2.446,2,32.7,2,35.9,2,0.01,2,0,3,0,2,0.02549,2,-999,5,2226.934658,2,2301.343842,2,7.522166023,2,25,1275.44,2,20
33H320240201,A13.5,23,1,13,230113,11058,2,20240217, 0643,-6.99924,-1.55702,4144.297,682.143,2,5.5914,2,34.5226,2,105.79522151329358,2,34.5259,2,106.116,2,2.534,2,27.8,2,37.8,2,0.01,2,0.45988,3,0.23314,2,0.37216,2,25.76757,2,2236.158162,2,2296.144158,2,7.482803848,2,25,1412.42,2,20
33H320240201,A13.5,23,1,14,230114,11124,2,20240217, 0643,-6.9989,-1.55704,4144.297,520.366,2,7.2898,2,34.6516,2,69.65734852670163,2,34.6526,2,71.087,2,2.475,2,21.5,2,38.1,2,0.01,2,0.41077,3,0.38277,2,0.773,2,29.5681,2,1258.100493,4,2294.447525,2,7.447559677,2,25,1554.74,2,20
33H320240201,A13.5,23,1,15,230115,11081,2,20240217, 0643,-6.9989,-1.55716,4144.297,401.124,2,9.166,2,34.832,2,47.49713867730175,2,34.8268,2,47.088,6,2.318,2,16.9,2,36.6,2,0.01,2,0.57068,3,0.58494,2,1.16619,2,33.90099,2,2252.153972,2,2296.623208,2,7.442251564,2,25,1581.65,2,20
33H320240201,A13.5,23,1,16,230116,11126,2,20240217, 0643,-6.99906,-1.55725,4144.297,300.713,2,10.6511,2,34.9869,2,79.50550178623389,2,34.9872,2,80.785,2,1.925,2,12.4,2,29.8,2,0.01,2,1.03294,3,1.05788,2,1.9974,2,29.47092,2,2223.814877,2,2305.954693,2,7.544165687,2,25,1228.04,2,20
33H320240201,A13.5,23,1,17,230117,11020,2,20240217, 0643,-6.99888,-1.55723,4144.297,239.499,2,11.3238,2,35.0639,2,88.57917843968262,2,35.0655,2,90.137,2,1.779,2,11,2,27.5,2,0.01,2,1.06616,3,1.22711,2,2.20791,2,28.49447,2,2216.367645,2,2308.210218,2,7.569904833,2,25,1131.65,2,20
33H320240201,A13.5,23,1,18,230118,11128,2,20240217, 0643,-6.99868,-1.55732,4144.297,180.924,2,12.5181,2,35.2109,2,102.10027747372867,2,35.2152,6,103.92,2,1.577,2,9,2,23.7,2,0.01,2,1.29805,3,1.26438,2,2.29341,2,25.84616,2,2205.014181,2,2316.214337,2,7.625438112,2,25,985.8,2,20
33H320240201,A13.5,23,1,19,230119,11031,2,20240217, 0643,-6.99858,-1.55732,4144.297,144.879,2,13.4593,2,35.3363,2,110.98439217463336,2,35.3334,2,107.925,2,1.462,2,7.8,2,21.8,2,0.02,2,-999,5,1.30203,2,2.32516,2,24.54415,2,2197.912842,2,2320.815208,2,7.65869302,2,25,911.42,2,20
33H320240201,A13.5,23,1,20,230120,11122,2,20240217, 0643,-6.99862,-1.55729,4144.297,120.025,2,14.1552,2,35.425,2,90.4657537,2,35.4155,2,-0.959,4,1.507,2,7.7,2,22.6,2,0.02,2,1.52804,3,1.42247,2,2.27636,2,25.21247,2,2207.445228,2,2321.583683,2,7.640173907,2,25,953.53,2,20
33H320240201,A13.5,23,1,21,230121,11120,2,20240217, 0643,-6.99878,-1.55718,4144.297,90.177,2,16.0348,2,35.6361,2,95.37525047962399,2,35.6171,2,95.766,2,1.368,2,5.9,2,20.2,2,0.14,2,1.7388,3,1.2672,2,2.17386,2,23.60434,2,2201.230977,2,2331.953109,2,7.681120277,2,25,866.98,2,20
33H320240201,A13.5,23,1,22,230122,11026,2,20240217, 0643,-6.99884,-1.55712,4144.297,70.448,2,17.7728,2,35.7829,2,119.35853056352319,2,35.743,2,114.633,2,1.146,2,4.8,2,15.9,2,0.38,2,1.769245,3,1.280435,6,2.07683,6,21.756345,6,2182.885383,2,2340.915327,2,7.748297059,2,25,734.58,2,20
33H320240201,A13.5,23,1,23,230123,11102,2,20240217, 0643,-6.99886,-1.55706,4144.297,40.651,2,27.334,2,36.2281,2,203.26030119926853,2,36.2127,2,206.087,2,0.14,2,1.2,2,0,2,0.01,2,1.90989,3,0.94605,2,1.46488,2,6.95237,2,2065.518307,2,2371.454733,2,8.033713301,2,25,344.33,2,20
33H320240201,A13.5,23,1,24,230124,11023,2,20240217, 0643,-6.99896,-1.55692,4144.297,3.179,2,28.7891,2,35.9899,2,195.1040595777377,2,35.9926,2,196.576,2,0.077,2,1.2,2,0.1,2,0,2,1.86875,3,0.78903,2,1.32323,2,5.63132,2,2040.726986,6,2358.101228,2,8.04708709,2,25,319.93,2,20
33H320240201,A13.5,24,1,1,240101,11113,2,20240217,1353,-7.4997,-1.15028,4516.494000000001,4499.944,2,2.3548,2,34.8668,2,222.31022934332088,2,34.8831,6,235.816,2,1.571,6,52.5,6,23.1,6,0,6,-999,5,-999,5,-999,5,-999,5,2215.884979,6,2348.091089,2,7.705129272,2,25,799.87,2,20
33H320240201,A13.5,24,1,2,240102,11067,2,20240217,1353,-7.49972,-1.15024,4516.494000000001,4420.721,2,2.347,2,34.8671,2,221.9450511078914,2,34.8801,2,-999,5,1.559,6,52.7,6,23.1,6,0,6,0.10943,3,0.02287,2,0.02981,2,16.43353,2,2213.258622,2,2350.047208,2,7.707195978,2,25,802.5,2,20
33H320240201,A13.5,24,1,3,240103,11052,2,20240217,1353,-7.49976,-1.15007,4516.494000000001,3701.378,2,2.3989,2,34.8766,2,220.08033809943726,2,34.8875,2,234.887,2,1.563,6,50,6,22.9,6,0,6,0,3,0.00835,2,0.01082,2,14.63378,2,2208.667475,2,2346.274693,2,7.711502532,2,25,801.9,2,20
33H320240201,A13.5,24,1,4,240104,11118,2,20240217,1353,-7.49961,-1.15009,4516.494000000001,3100.369,2,2.5687,2,34.8887,2,221.17634802475254,2,34.9025,2,234.336,2,1.549,6,45,6,22.6,6,0,6,0.17245,3,0.00348,2,0.00443,2,13.65837,2,2202.057202,2,2339.06899,2,7.707644959,2,25,797.09,2,20
33H320240201,A13.5,24,1,5,240105,11136,2,20240217,1353,-7.49952,-1.15032,4516.494000000001,2801.453,2,2.7123,2,34.8979,2,221.95959978036927,2,34.9082,2,237.029,2,1.531,2,41.5,2,22.4,2,0,2,0.28702,3,0.00584,2,0.0068,2,13.92954,2,2198.709459,2,2329.00895,2,7.707339222,2,25,795.58,2,20
33H320240201,A13.5,24,1,6,240106,11027,2,20240217,1353,-7.49962,-1.15021,4516.494000000001,2500.824,2,2.9159,2,34.9086,2,222.11814513337293,2,34.9185,2,234.648,2,1.512,2,37.1,2,22.2,2,0,2,0.14636,3,0.00809,2,0.01329,2,11.41506,2,2193.861388,2,2328.559842,2,7.706224055,2,25,795.84,2,20
33H320240201,A13.5,24,1,7,240107,-999,2,20240217,1353,-7.49954,-1.1503,4516.494000000001,2199.913,2,3.2449,2,34.9246,2,223.89922226643236,2,34.9351,2,235.613,2,1.466,2,30.4,2,21.6,2,0,2,0.348785,3,0.03158,6,0.062975,6,13.960885,6,2186.840556,2,2322.721426,2,7.708217226,2,25,789.35,2,20
33H320240201,A13.5,24,1,8,240108,11004,2,20240217,1353,-7.49988,-1.14988,4516.494000000001,1900.809,2,3.5901,2,34.9319,2,221.10257668974816,2,34.9405,2,232.551,2,1.473,2,25.4,2,21.7,2,0,2,0.49523,3,0.05678,2,0.09092,2,15.06751,2,2183.888338,2,2317.551683,2,7.70314868,2,25,800.02,2,20
33H320240201,A13.5,24,1,9,240109,11082,2,20240217,1353,-7.49968,-1.14968,4516.494000000001,1600.372,2,3.9648,2,34.9182,2,210.14940353105962,2,34.9277,2,216.043,2,1.548,2,23.2,2,22.9,2,0,2,0.39502,3,0.0733,2,0.13443,2,16.10625,2,2188.311893,2,2312.062574,2,7.685309478,2,25,838.91,2,20
33H320240201,A13.5,24,1,10,240110,11115,2,20240217,1353,-7.49973,-1.1498,4516.494000000001,1299.958,2,4.2142,2,34.8145,2,180.43645731330582,2,34.8231,2,185.185,2,1.872,2,26.9,2,27.4,2,0,2,0.80559,3,0.04126,2,0.06265,2,19.12307,2,2206.292059,2,2310.86495,2,7.629066819,2,25,970.5,2,20
33H320240201,A13.5,24,1,11,240111,11008,2,20240217,1353,-7.49958,-1.15016,4516.494000000001,1050.35,2,4.3203,2,34.6079,2,146.51938274314915,2,34.6182,2,148.6775,6,2.286,2,33.3,2,33.5,2,0,2,0.65611,3,0.03299,2,0.04351,2,22.79071,2,2227.95116,2,2303.729109,2,7.55427048,2,25,1179.98,2,20
33H320240201,A13.5,24,1,12,240112,-999,2,20240217,1353,-7.49976,-1.15002,4516.494000000001,809.84,2,4.9401,2,34.5001,2,125.77834694492329,2,34.5086,2,128.578,2,2.45,2,31,2,36.4,2,0,2,0.5569,3,0.12944,2,0.22342,2,25.16394,2,2235.412865,6,2295.245941,2,7.513082115,2,25,1310.65,2,20
33H320240201,A13.5,24,1,13,240113,11058,2,20240217,1353,-7.49958,-1.15008,4516.494000000001,621.135,2,6.3085,2,34.5719,2,85.52653639323844,2,34.5758,2,86.30790962,2,2.528,2,24.8,2,38.4,2,0.01,2,0.7318,3,0.23925,2,0.44918,2,28.61345,2,2246.136548,2,2291.19398,2,7.487856019,2,25,1504.965,3,20
33H320240201,A13.5,24,1,14,240114,11124,2,20240217,1353,-7.49968,-1.15014,4516.494000000001,443.226,2,8.5326,2,34.7729,2,41.39363909,2,34.7733,2,41.72291782,2,2.424,2,18.6,2,38.4,2,0.01,2,0.85623,3,0.46129,2,0.82142,2,36.70768,2,2262.723528,2,2295.685069,2,7.416487435,2,25,1675.4,3,20
33H320240201,A13.5,24,1,15,240115,11081,2,20240217,1353,-7.4998,-1.1501,4516.494000000001,360.507,2,9.824,2,34.9007,2,53.28386157600041,2,34.9064,2,53.68233004,2,2.163,2,14.9,2,34.3,2,0.01,2,0.82746,3,0.81353,2,1.54433,2,36.08188,2,2248.850213,2,2303.828911,2,7.471219336,2,25,1471.09,3,20
33H320240201,A13.5,24,1,16,240116,11126,2,20240217,1353,-7.49954,-1.1502,4516.494000000001,279.941,2,10.4638,2,34.9623,2,90.36016664,2,34.967,2,90.696,2,1.851,2,12.4,2,28.9,2,0.01,2,1.27544,3,1.12237,2,1.96511,2,31.49534,2,2226.123776,2,2302.651248,2,7.558105299,2,25,1183.32,3,20
33H320240201,A13.5,24,1,17,240117,11020,2,20240217,1353,-7.49946,-1.15018,4516.494000000001,219.755,2,11.2751,2,35.0623,2,81.66708128852152,2,35.0647,2,82.393,2,1.814,2,11.3,2,28.3,2,0.01,2,1.46872,3,1.1662,2,2.22201,2,30.71688,2,2226.460554,2,2304.737109,2,7.556844992,2,25,1172.91,3,20
33H320240201,A13.5,24,1,18,240118,11128,2,20240217,1353,-7.49968,-1.15008,4516.494000000001,159.978,2,12.8365,2,35.2582,2,89.64836585312092,2,35.2522,2,91.128,2,1.622,2,8.9,2,24.8,2,0.02,2,1.67342,3,1.27793,2,2.40296,2,28.53509,2,2216.914387,2,2315.735287,2,7.608043882,2,25,1034.06,3,20
33H320240201,A13.5,24,1,19,240119,11031,2,20240217,1353,-7.49982,-1.15002,4516.494000000001,130.417,2,13.5186,2,35.3455,2,88.84103187670473,2,35.3416,6,89.089,2,1.56,2,8.3,2,23.8,2,0.02,2,-999,5,1.31478,2,2.47033,2,28.91163,2,2214.909472,2,2318.739327,2,7.620567643,2,25,1001.89,3,20
33H320240201,A13.5,24,1,20,240120,11122,2,20240217,1353,-7.49966,-1.15008,4516.494000000001,99.086,2,15.4971,2,35.5894,2,90.55011017779881,2,35.5963,2,92.192,2,1.399,2,6,2,20.9,2,0.07,2,1.87561,3,1.30227,2,2.3268,2,26.35597,2,2212.246656,2,2331.893228,6,7.66658982,6,25,893.26,3,20
33H320240201,A13.5,24,1,21,240121,11120,2,20240217,1353,-7.49957,-1.15006,4516.494000000001,60.388,2,21.5754,2,36.0432,2,212.31947014309574,2,36.0126,2,209.561,2,0.315,2,2.2,2,0.8,2,0.03,2,1.9474,3,1.19473,2,2.26087,2,15.80804,2,2106.353905,2,2365.147248,2,7.955049115,2,25,419.26,3,20
33H320240201,A13.5,24,1,22,240122,11026,2,20240217,1353,-7.49973,-1.14988,4516.494000000001,46.372,2,23.3685,2,36.2862,2,226.39367055640452,2,36.2929,2,228.691,2,0.094,2,0.9,2,0,2,0,2,2.31347,3,1.12195,2,2.06835,2,7.96597,2,2074.670801,2,2378.88,2,8.02565175,2,25,342.82,3,20
33H320240201,A13.5,24,1,23,240123,11102,2,20240217,1353,-7.49999,-1.1497,4516.494000000001,30.74,2,27.4884,2,36.2223,2,203.17946772147909,2,36.2246,2,204.271,2,0.1,2,0.9,2,0,2,0,2,2.29472,3,0.9641,2,1.75017,2,5.73024,2,2067.713758,6,2374.169347,2,8.033219102,2,25,333.89,3,20
33H320240201,A13.5,24,1,24,240124,11023,2,20240217,1353,-7.5,-1.14948,4516.494000000001,3.611,2,29.1112,2,35.8448,2,194.14102146609446,2,35.8511,2,195.067,2,0.056,2,1.3,2,0,2,0,2,2.58569,3,0.89678,2,1.3438,2,5.3628,2,2037.63258,2,2348.001267,2,8.046448219,2,25,321.12,2,20
33H320240201,A13.5,25,1,1,250101,11113,2,20240217,2149,-7.99925,-0.7176,5114.973,5097.353,2,2.3893,2,34.8637,2,220.95573388701195,2,34.8756,2,238.1793532,2,1.621,6,53.9,6,23.3,6,0,6,0.12491,3,0.0326,2,0.04681,2,14.05023,2,2210.54478,6,2350.775762,2,7.709551883,2,25,800.82,2,20
33H320240201,A13.5,25,1,2,250102,11067,2,20240217,2149,-7.99949,-0.7177,5114.973,4602.006,2,2.3584,2,34.8667,2,219.2035992,2,34.8769,2,235.813,2,1.614,6,53.1,6,23.2,6,0,6,0.21194,3,0.01779,2,0.02934,2,13.38786,2,2210.305544,2,2350.486337,2,7.710446027,2,25,803.33,2,20
33H320240201,A13.5,25,1,3,250103,11052,2,20240217,2149,-7.99924,-0.71761,5114.973,4200.2,2,2.348,2,34.8694,2,219.53317431486218,2,34.8804,2,235.814,2,1.609,6,51.8,6,23.1,6,0,6,0.25555,3,0.02098,2,0.03139,2,13.63883,2,2206.01165,2,2348.200871,2,7.708086739,2,25,801.58,2,20
33H320240201,A13.5,25,1,4,250104,11118,2,20240217,2149,-7.99922,-0.71776,5114.973,3900.654,2,2.366,2,34.8733,2,218.4378837203308,2,34.8858,2,234.223,2,1.616,6,50.9,6,23.2,6,0,6,0.30958,3,0.01178,2,0.01585,2,13.36856,2,2206.999106,2,2348.091089,2,7.70953914,2,25,803.1,2,20
33H320240201,A13.5,25,1,5,250105,11136,2,20240217,2149,-7.99922,-0.71776,5114.973,3600.004,2,2.4152,2,34.8787,2,218.11632022071925,2,34.8903,2,234.212,2,1.619,2,49.9,2,23.1,2,0,2,0.18474,3,0.00774,2,0.00768,2,13.31895,2,2204.287308,2,2346.554139,2,7.709703178,2,25,800.27,6,20
33H320240201,A13.5,25,1,6,250106,11027,2,20240217,2149,-7.9991,-0.71771,5114.973,3301.404,2,2.4869,2,34.8838,2,219.05528636960324,2,34.8956,2,235.705,2,1.603,2,47.2,2,23.1,2,0,2,0.14683,3,0.00361,2,0.00501,2,13.22868,2,2200.046958,2,2342.352475,2,7.708325177,2,25,799.82,2,20
33H320240201,A13.5,25,1,7,250107,-999,2,20240217,2149,-7.99914,-0.71764,5114.973,3000.22,2,2.5866,2,34.8901,2,219.66870834284757,2,34.8995,2,234.801,2,1.591,2,44.6,2,22.9,2,0,2,0.13813,3,0.00029,2,0.00148,2,12.84806,2,2197.310803,2,2337.981149,2,7.705994208,2,25,798.7,2,20
33H320240201,A13.5,25,1,8,250108,11004,2,20240217,2149,-7.99932,-0.71778,5114.973,2700.603,2,2.7676,2,34.9011,2,219.18360288709874,2,34.9107,2,233.784,2,1.581,2,40.7,2,22.6,2,0,2,0.26353,3,0.00023,2,0.00264,2,14.68586,2,2192.924528,2,2333.130772,2,7.702865751,2,25,800.41,2,20
33H320240201,A13.5,25,1,9,250109,11082,3,20240217,2149,-7.99931,-0.71804,5114.973,2401.536,2,3.0222,2,34.9144,2,219.21236237978377,2,34.9264,2,232.223,2,1.562,2,35.3,2,22.3,2,0,2,0.1299,3,0.01024,2,0.01309,2,16.58436,2,2188.53249,2,2326.623683,2,7.707038751,2,25,800.12,2,20
33H320240201,A13.5,25,1,10,250110,11115,2,20240217,2149,-7.99912,-0.71823,5114.973,2099.868,2,3.3202,2,34.9252,2,221.2457622,2,34.9372,2,234.954,2,1.526,2,29.6,2,21.9,2,0.01,2,0.35193,3,0.02294,2,0.04163,2,15.65496,2,2181.735776,2,2321.563723,2,7.708527906,2,25,795.01,2,20
33H320240201,A13.5,25,1,11,250111,11008,2,20240217,2149,-7.99906,-0.71836,5114.973,1800.125,2,3.6832,2,34.9311,2,218.46274864600235,2,34.9431,6,229.583,2,1.53,2,24.6,2,22,2,0,2,0.14721,3,0.05769,2,0.1104,2,17.30867,2,2178.805314,2,2315.39596,2,7.700216176,2,25,800.84,2,20
33H320240201,A13.5,25,1,12,250112,-999,2,20240217,2149,-7.99938,-0.71843,5114.973,1500.591,2,4.0106,2,34.8988,2,203.54387179796188,2,34.9066,2,212.956,2,1.65,2,24.2,2,24,2,0.01,2,0.2803,3,0.05601,2,0.10493,2,17.78906,2,2186.0434,6,2310.84499,2,7.676170725,2,25,861.79,2,20
33H320240201,A13.5,25,1,13,250113,11058,2,20240217,2149,-7.99955,-0.71834,5114.973,1250.739,2,4.1541,2,34.7572,2,170.97307844185045,2,34.7652,2,176.774,2,2.036,2,29.8,2,29.2,2,0,2,0.19119,3,0.02181,2,0.0323,2,21.28606,2,2208.418009,2,2309.447762,2,7.601445922,2,25,1022.32,2,20
33H320240201,A13.5,25,1,14,250114,11124,2,20240217,2149,-7.99942,-0.71832,5114.973,950.08,2,4.3849,2,34.5555,2,140.64057328728097,2,34.563,2,144.58,2,2.427,2,33.8,2,34.8,2,0,2,0,3,0.04034,2,0.07002,2,24.06974,2,2225.858953,2,2303.379802,2,7.537655958,2,25,1225.74,2,20
33H320240201,A13.5,25,1,15,250115,11081,2,20240217,2149,-7.9996,-0.71816,5114.973,751.935,2,5.1957,2,34.5083,2,111.63884923733083,2,34.515,2,113.217,3,2.553,2,29.8,2,37.8,2,0,2,0.22628,3,0.10997,2,0.20228,2,26.76226,2,2236.054032,2,2295.71501,2,7.487470163,2,25,1391.22,2,20
33H320240201,A13.5,25,1,16,250116,11126,2,20240217,2149,-7.99964,-0.71804,5114.973,560.313,2,6.9208,2,34.6224,2,68.74232498503446,2,34.6283,2,69.638,2,2.586,2,22.9,2,39.2,2,0,2,0.3425,3,0.26233,2,0.48709,2,33.258,2,2247.611045,2,2290.834693,6,7.43431193,6,25,1586.88,2,20
33H320240201,A13.5,25,1,17,250117,11020,2,20240217,2149,-7.99957,-0.71806,5114.973,440.483,2,8.9363,2,34.8069,2,51.24055376864059,2,34.8133,2,52.582,2,2.361,2,17.2,2,36.7,2,0.01,2,0.59433,3,0.62525,2,1.14525,2,38.43189,2,2248.654893,2,2294.317782,2,7.445491759,2,25,1558.97,2,20
33H320240201,A13.5,25,1,18,250118,11128,2,20240217,2149,-7.99948,-0.71802,5114.973,331.243,2,10.3892,2,34.9587,2,71.03135587239399,2,34.9879,2,74.562,2,2.03,2,13.3,2,31.5,2,0.01,2,0.88606,3,1.00821,2,1.92969,2,35.34653,2,2229.910949,2,2300.505505,2,7.517576907,2,25,1302.79,2,20
33H320240201,A13.5,25,1,19,250119,11031,2,20240217,2149,-7.99938,-0.71796,5114.973,263.589,2,11.1222,2,35.044,2,80.70474531949014,2,35.0482,2,80.869,2,1.878,2,11.6,2,28.8,2,0.01,2,-999,5,1.15021,2,2.17902,2,35.01752,2,2222.181543,2,2305.166257,2,7.552269238,2,25,1189.11,2,20
33H320240201,A13.5,25,1,20,250120,11122,2,20240217,2149,-7.99929,-0.71791,5114.973,201.35,2,11.9657,2,35.1474,2,83.56430541057703,2,35.1453,2,84.245,2,1.772,2,10.5,2,27.1,2,0.01,2,1.1119,3,1.23483,2,2.41098,2,32.19482,2,2217.964046,2,2309.048554,2,7.575931173,2,25,1118.35,2,20
33H320240201,A13.5,25,1,21,250121,11120,2,20240217,2149,-7.99917,-0.71802,5114.973,141.268,2,13.4714,2,35.3388,2,88.47084894523645,2,35.3425,2,89.466,2,1.592,2,8.3,2,23.8,2,0.01,2,1.41508,3,1.3202,2,2.4965,2,31.10631,2,2208.984692,2,2319.38804,2,7.623538569,2,25,1000.6,2,20
33H320240201,A13.5,25,1,22,250122,11026,2,20240217,2149,-7.99922,-0.7181,5114.973,81.582,2,15.493,2,35.5724,2,89.72874337,2,35.559,2,89.845,2,1.449,2,6.5,2,21.2,2,0.07,2,1.53545,3,1.32499,2,2.43109,2,28.5841,2,2202.914458,2,2336.623842,2,7.658598138,2,25,909.91,2,20
33H320240201,A13.5,25,1,23,250123,11102,2,20240217,2149,-7.99932,-0.71816,5114.973,50.266,2,20.2976,2,35.9728,2,183.03451126322076,2,35.9163,6,170.714,2,0.667,2,3,2,6.5,2,0.12,2,1.700695,3,1.23115,6,1.971565,6,22.031995,6,2136.058491,6,2357.672079,2,7.871227471,2,25,512.13,2,20
33H320240201,A13.5,25,1,24,250124,11023,2,20240217,2149,-7.99936,-0.71825,5114.973,3.172,2,29.1194,2,35.8094,2,194.33438024588946,2,35.8144,2,199.488,3,0.08,2,1.6,2,0,2,0.01,2,1.85829,3,0.88716,2,1.33716,2,6.20162,2,2031.516953,2,2350.206891,2,8.03529414,2,25,316,2,20
33H320240201,A13.5,26,1,1,260101,11113,2,20240218, 0534,-8.49954,-0.28528,5196.548,5169.148,2,2.3966,2,34.8632,2,220.92119242518322,2,34.8741,2,235.741,2,1.615,6,54.5,6,23.4,6,0,6,-999,5,0.03945,2,0.04831,2,14.84945335,2,2213.761579,6,2352.602139,6,7.709701959,6,25,800.7,2,20
33H320240201,A13.5,26,1,2,260102,11067,2,20240218, 0534,-8.5001,-0.28526,5196.548,4649.639,2,2.354,2,34.8666,2,217.41337556484694,2,34.8805,6,234.086,2,1.626,6,54.4,6,23.4,6,0,6,0.21281,3,0.02048,2,0.02724,2,17.41088321,2,2215.235069,2,2353.749861,2,7.708305075,2,25,805.04,2,20
33H320240201,A13.5,26,1,3,260103,11052,2,20240218, 0534,-8.50015,-0.28507,5196.548,4201.346,2,2.3483,2,34.871,2,215.73100036477956,2,34.8787,2,232.244,2,1.636,6,53.6,6,23.4,6,0.01,6,0.12764,3,0.01008,2,0.01406,2,15.21863842,2,2216.612843,2,2352.622099,2,7.707483187,2,25,808.42,2,20
33H320240201,A13.5,26,1,4,260104,11118,2,20240218, 0534,-8.49998,-0.28509,5196.548,3902.606,2,2.3593,2,34.8744,2,215.43081716269663,2,34.883,2,231.514,2,1.632,6,52.7,6,23.4,6,0,6,0,3,0.00814,2,0.01105,2,14.86011178,2,2213.367386,2,2348.63002,2,7.707177687,2,25,809.66,2,20
33H320240201,A13.5,26,1,5,260105,11136,2,20240218, 0534,-8.50012,-0.2849,5196.548,3550.75,2,2.4148,2,34.879,2,217.65134362645495,2,34.8881,2,234.252,3,1.611,2,50,2,23.3,2,0.01,2,0.25136,3,0.00574,2,0.00565,2,15.04892162,2,2208.455088,2,2343.759683,2,7.710044998,2,25,804.97,2,20
33H320240201,A13.5,26,1,6,260106,11027,2,20240218, 0534,-8.49998,-0.28523,5196.548,3202.666,2,2.5094,2,34.8854,2,218.92073074077766,2,34.895,2,234.482,2,1.601,2,46.9,2,23.1,2,0.01,2,0.28703,3,0.00325,2,0.00273,2,15.07680667,2,2202.992438,2,2341.494178,2,7.709608711,2,25,800.88,2,20
33H320240201,A13.5,26,1,7,260107,-999,2,20240218, 0534,-8.50002,-0.28517,5196.548,2900.717,2,2.6622,2,34.8953,2,218.71766920187528,2,34.9107,2,233.147,2,1.598,2,43.4,2,22.9,2,0,2,0.15821,3,0.00274,2,0.00074,2,14.65946013,2,2198.811671,2,2338.56,2,7.709852342,2,25,801.81,2,20
33H320240201,A13.5,26,1,8,260108,11004,2,20240218, 0534,-8.50002,-0.28522,5196.548,2600.774,2,2.8658,2,34.9069,2,219.46259170369828,2,34.9144,2,233.566,2,1.558,2,38.7,2,22.5,2,0,2,0.43582,3,0.00759,2,0.01272,2,15.00266627,2,2192.967377,2,2331.134733,2,7.709665879,2,25,799.07,2,20
33H320240201,A13.5,26,1,9,260109,11082,3,20240218, 0534,-8.50008,-0.28544,5196.548,2302.562,2,3.1185,2,34.9186,2,220.8299678121718,2,34.9281,2,235.305,3,1.544,2,33.2,2,22.1,2,0.01,2,-999,5,0.01835,2,0.02885,2,15.448017,2,2188.72759,2,2326.014891,2,7.706085886,2,25,794.44,2,20
33H320240201,A13.5,26,1,10,260110,11115,2,20240218, 0534,-8.50008,-0.28514,5196.548,2001.907,2,3.4131,2,34.9274,2,220.17839382800858,2,34.9354,2,233.219,3,1.537,2,28.4,2,22.1,2,0,2,0.26924,3,0.02939,2,0.04661,2,15.84190229,2,2184.64229,2,2319.837149,2,7.705254684,2,25,798.77,2,20
33H320240201,A13.5,26,1,11,260111,11008,2,20240218, 0534,-8.49974,-0.28538,5196.548,1702.965,2,3.8013,2,34.9257,2,214.48580644327487,2,34.9363,2,224.6505,6,1.576,2,24.2,2,22.7,2,0,2,0.26389,3,0.06055,2,0.10956,2,16.14697,2,2182.927873,2,2315.90495,2,7.696282219,2,25,820.66,2,20
33H320240201,A13.5,26,1,12,260112,-999,2,20240218, 0534,-8.49988,-0.2851,5196.548,1401.379,2,4.0775,2,34.8517,2,191.89726505621923,2,34.8601,2,199.501,2,1.807,2,26.2,2,26,2,0,2,0.22847,3,0.04716,2,0.08439,2,18.92174,2,2197.170668,2,2313.130455,2,7.65158021,2,25,915.14,2,20
33H320240201,A13.5,26,1,13,260113,11058,2,20240218, 0534,-8.49984,-0.2854,5196.548,1151.144,2,4.1892,2,34.6894,2,158.87797133729117,2,34.6957,2,164.997,3,2.211,2,32.1,2,31.6,2,0,2,0.39753,3,0.01939,2,0.02903,2,22.03892,2,2219.899095,2,2308.070495,2,7.580452272,2,25,1099.53,2,20
33H320240201,A13.5,26,1,14,260114,11124,2,20240218, 0534,-8.49995,-0.28535,5196.548,901.965,2,4.5285,2,34.5214,2,133.81276926596385,2,34.5287,2,135.317,2,2.494,2,33.5,2,36,2,0,2,0.429,3,0.06398,2,0.09735,2,25.63581,2,2233.133121,6,2300.844832,2,7.524566164,2,25,1280.87,2,20
33H320240201,A13.5,26,1,15,260115,11081,2,20240218, 0534,-8.49996,-0.2856,5196.548,681.32,2,5.7586,2,34.5371,2,91.58798416,2,34.5414,2,93.016,2,2.623,2,27.3,2,39.1,2,0,2,0.50266,3,0.133,2,0.24878,2,28.22709,2,2244.506725,2,-999,5,7.459918891,2,25,1502.6,2,20
33H320240201,A13.5,26,1,16,260116,11126,2,20240218, 0534,-8.50014,-0.2857,5196.548,519.239,2,7.7085,2,34.6921,2,51.84442030719039,2,34.6951,6,52.018,2,2.57,2,20.7,2,39.3,2,0,2,0.64408,3,0.31899,2,0.59775,2,34.07948,2,2257.160448,2,2290.295762,2,7.416838478,2,25,1657.63,2,20
33H320240201,A13.5,26,1,17,260117,11020,2,20240218, 0534,-8.50027,-0.28574,5196.548,403.168,2,9.1442,2,34.8301,2,46.84908019697855,2,34.8338,2,47.421,2,2.349,2,16.7,2,36.6,2,0.01,2,0.73067,3,0.61992,2,1.15623,2,36.92277,2,2256.417653,2,2296.084277,2,7.443412354,2,25,1563.195,6,20
33H320240201,A13.5,26,1,18,260118,11128,2,20240218, 0534,-8.50044,-0.28571,5196.548,302.421,2,10.4903,2,34.9753,2,61.88525021588354,2,34.9772,2,62.463,6,2.086,2,13.3,2,32.2,2,0.01,2,0.86544,3,0.95349,2,1.72342,2,35.25795,2,2239.488972,2,2298.73901,2,7.506039409,2,25,1353.66,2,20
33H320240201,A13.5,26,1,19,260119,11031,2,20240218, 0534,-8.5004,-0.28591,5196.548,241.277,2,11.2062,2,35.0567,2,79.56995536745264,2,35.0683,2,79.384,2,1.878,2,11.4,2,28.9,2,0.01,2,1.69119,3,1.14757,2,2.13451,2,31.78216,2,2226.330393,2,2302.621307,2,7.551441063,2,25,1193.99,2,20
33H320240201,A13.5,26,1,20,260120,11122,2,20240218, 0534,-8.50036,-0.28606,5196.548,180.709,2,12.0855,2,35.1625,2,87.18865804942979,2,35.178,2,87.058,2,1.728,2,10.1,2,26.5,2,0.01,2,1.32938,3,1.25784,2,2.11467,2,30.40319,2,1912.853324,2,2308.100436,2,7.58927403,2,25,1091.22,2,20
33H320240201,A13.5,26,1,21,260121,11120,2,20240218, 0534,-8.5005,-0.28622,5196.548,120.032,2,12.9837,2,35.2772,2,88.33588828055116,2,35.2776,2,88.239,2,1.648,2,8.9,2,24.8,2,0.01,2,1.36254,3,1.29246,2,2.07838,2,29.89118,2,1916.136341,2,2314.487762,2,7.613273483,2,25,1029.73,2,20
33H320240201,A13.5,26,1,22,260122,11026,2,20240218, 0534,-8.50076,-0.28639,5196.548,71.202,2,16.2721,2,35.6577,2,96.74534257,2,35.6527,2,97.929,2,1.353,2,5.7,2,19.5,2,0.2,2,1.47619,3,1.27535,2,2.16373,2,22.11938,2,1901.026944,2,2333.280475,2,7.691928138,2,25,845.25,2,20
33H320240201,A13.5,26,1,23,260123,11102,2,20240218, 0534,-8.50082,-0.28672,5196.548,39.28,2,24.7394,2,36.1689,2,221.90385055430795,2,36.1851,2,220.968,2,0.133,2,1.1,2,0,2,0,2,1.88163,3,1.05784,2,1.88424,2,6.94361,2,1784.180012,2,2372.073505,2,8.024881711,2,25,351.35,2,20
33H320240201,A13.5,26,1,24,260124,11023,2,20240218, 0534,-8.50072,-0.28722,5196.548,2.363,2,28.7214,2,35.8655,2,194.14824235470573,2,35.8669,2,199.112,3,0.08,2,1.6,2,0.1,2,0,2,1.87671,3,0.9069,2,1.62419,2,4.85845,2,2040.44113,6,2351.664,2,8.045319515,2,25,323.32,2,20
33H320240201,A13.5,27,1,1,270101,11113,2,20240218,1350,-8.99966,0.13869,6065.197999999999,5972.668,2,2.4957,2,34.8617,2,219.43289586686234,2,34.873,2,236.033,2,1.614,6,54.1,6,23.4,6,0,6,0.17042,3,0.03512,2,0.06016,2,14.81425,2,2210.601199,2,2348.999287,2,7.711196878,2,25,804.29,2,20
33H320240201,A13.5,27,1,2,270102,11067,2,20240218,1350,-8.99977,0.13901,6065.197999999999,5249.139,2,2.4059,2,34.8641,2,215.88526065178192,2,34.8754,2,235.424,2,1.615,6,54.2,6,23.4,6,0,6,0.14753,3,0.02022,2,0.03227,2,14.40201,2,2210.79172,2,2351.803723,2,7.70723093,2,25,804.31,2,20
33H320240201,A13.5,27,1,3,270103,11052,2,20240218,1350,-8.99998,0.13904,6065.197999999999,4550.702,2,2.3627,2,34.8703,2,212.36396490273364,2,34.8805,2,230.841,2,1.634,6,54.3,6,23.6,6,0,6,0.213,3,0.00892,2,0.01355,2,13.79339,2,2213.906249,2,2355.905584,2,7.706925224,6,25,805.4,2,20
33H320240201,A13.5,27,1,4,270104,11118,2,20240218,1350,-8.99984,0.13954,6065.197999999999,3850.265,2,2.3812,2,34.8781,2,207.93107521164998,2,34.8919,2,226.199,2,1.644,6,53.9,6,23.8,6,0,6,0.2201,3,0.00623,2,0.00678,2,14.03715,2,2215.914741,2,2354.049267,2,7.703680853,2,25,817.54,6,20
33H320240201,A13.5,27,1,5,270105,11136,2,20240218,1350,-8.99979,0.13969,6065.197999999999,3450.098,2,2.487,2,34.8836,2,215.86171599566543,2,34.8968,2,234.197,2,1.603,2,48.1,2,23.1,2,0,2,0,3,0.00719,2,0.01054,2,14.39627,2,-999,5,2342.342495,2,7.706475967,2,25,803.61,2,20
33H320240201,A13.5,27,1,6,270106,11027,2,20240218,1350,-8.9996,0.13943,6065.197999999999,3102.54,2,2.6253,2,34.8925,2,217.0011538839564,2,34.902,2,233.8537536,2,1.583,2,44.2,2,22.9,2,0,2,0.20663,3,0.00613,2,0.00707,2,14.4684,2,-999,5,2338.360396,2,7.709257228,2,25,801.97,2,20
33H320240201,A13.5,27,1,7,270107,-999,2,20240218,1350,-8.99994,0.13912,6065.197999999999,2800.001,2,2.7719,2,34.9036,2,215.38131333237678,2,34.9209,2,231.783,2,1.58,2,41.3,2,22.8,2,0,2,0.20611,3,0.00292,2,0.0039,2,14.4978,2,2201.160297,2,2332.771485,2,7.705286502,2,25,808.39,2,20
33H320240201,A13.5,27,1,8,270108,11004,2,20240218,1350,-9,0.139,6065.197999999999,2498.797,2,2.9833,2,34.9135,2,216.65681165647408,2,34.9311,2,232.812,2,1.563,2,36.6,2,22.5,2,0,2,0.25321,3,0.0046,2,0.00791,2,14.15109,2,2194.974979,2,2327.631683,2,7.706358907,2,25,805.42,2,20
33H320240201,A13.5,27,1,9,270109,11082,2,20240218,1350,-9.00022,0.13934,6065.197999999999,2202.625,2,3.2355,2,34.9236,2,218.07663929474094,2,34.9436,2,231.766,2,1.554,2,31.5,2,22.2,2,0,2,-999,5,0.01745,2,0.02553,2,14.36829,2,2187.999126,2,2320.166495,2,7.704724483,2,25,801.84,2,20
33H320240201,A13.5,27,1,10,270110,11115,2,20240218,1350,-9.0003,0.13938,6065.197999999999,1900.249,2,3.5698,2,34.9283,2,216.29249257950212,2,34.9369,2,227.938,2,1.544,2,26.4,2,22.3,2,0,2,0,3,0.02983,2,0.05445,2,14.55313,2,2186.238967,2,2318.290218,2,7.704671182,2,25,809.72,2,20
33H320240201,A13.5,27,1,11,270111,11008,2,20240218,1350,-9.0002,0.13932,6065.197999999999,1601.596,2,3.9477,2,34.9075,2,205.2446547966177,2,34.9392,2,212.43,2,1.632,2,24.3,2,23.8,2,0,2,0,3,0.05392,2,0.07997,2,15.78728,2,2189.880865,2,2313.599525,2,7.679498809,2,25,863.58,2,20
33H320240201,A13.5,27,1,12,270112,-999,2,20240218,1350,-9.00019,0.13936,6065.197999999999,1302.345,2,4.0832,2,34.7722,2,172.96468975567174,2,34.779,6,177.886,2,2.009,2,29.9,2,29,2,0,2,0,3,0.01826,2,0.03453,2,19.60623,2,2212.468708,2,2308.170297,2,7.615808422,2,25,1016.57,2,20
33H320240201,A13.5,27,1,13,270113,11058,2,20240218,1350,-9.00028,0.13952,6065.197999999999,1050.767,2,4.2485,2,34.6129,2,147.46963896508512,2,34.6239,2,151.6216892,2,2.331,2,33.7,2,33.6,2,0,2,0.23767,3,0.02136,2,0.04279,2,21.97297,2,2227.509437,2,2304.866851,2,7.555630585,2,25,1179.97,2,20
33H320240201,A13.5,27,1,14,270114,11124,2,20240218,1350,-9.00006,0.1395,6065.197999999999,809.364,2,4.8008,2,34.5068,2,125.25407780225964,2,34.5163,2,128.349,2,2.515,2,32.1,2,36.9,2,0,2,0.18191,3,0.08808,2,0.16993,2,24.48696,2,2236.188428,2,2300.665188,2,7.508924524,2,25,1324.24,2,20
33H320240201,A13.5,27,1,15,270115,11081,2,20240218,1350,-9.00011,0.13972,6065.197999999999,620.365,2,6.3438,2,34.5779,2,76.31778373353936,2,34.5817,2,78.449,2,2.621,2,24.8,2,39.6,2,0,2,0.1781,3,0.18035,2,0.4002,2,29.38272,2,2252.149338,2,2292.20198,2,7.440399027,2,25,1573.9,2,20
33H320240201,A13.5,27,1,16,270116,11126,2,20240218,1350,-8.9999,0.13966,6065.197999999999,480.367,2,7.9987,2,34.7194,2,46.53180985462564,2,34.7256,2,46.647,2,2.53,2,19.7,2,39.2,2,0.01,2,0.30809,3,0.36405,2,0.84512,2,35.19907,2,2261.299424,2,2310.006653,3,7.415729905,2,25,1667.4,6,20
33H320240201,A13.5,27,1,17,270117,11020,2,20240218,1350,-8.99964,0.13944,6065.197999999999,359.411,2,9.7875,2,34.8943,2,61.80781720487159,2,34.9009,2,62.272,2,2.141,2,14.5,2,33.6,2,0.01,2,0.66288,3,0.85987,2,2.12558,2,34.23028,2,2241.268698,2,2296.75295,2,7.485937328,2,25,1406.43,2,20
33H320240201,A13.5,27,1,18,270118,11128,2,20240218,1350,-8.99964,0.13949,6065.197999999999,280.25,2,10.6497,2,34.9892,2,76.31730114801067,2,34.9907,2,78.062,2,1.944,2,12.4,2,30.3,2,0,2,1.02107,3,1.09706,2,2.66578,2,31.87574,2,2232.365672,2,2304.617347,2,7.534230619,2,25,1251.3,2,20
33H320240201,A13.5,27,1,19,270119,11031,2,20240218,1350,-8.99974,0.13964,6065.197999999999,220.306,2,11.4528,2,35.0838,2,81.96849222,2,35.0857,2,82.9345,6,1.815,2,11,2,28.1,2,0.01,2,1.46881,3,1.1915,2,2.79563,2,30.39213,2,2223.980366,2,2305.256079,2,7.564392696,2,25,1155.91,2,20
33H320240201,A13.5,27,1,20,270120,11122,2,20240218,1350,-8.99962,0.13957,6065.197999999999,161.168,2,12.7728,2,35.2478,2,91.28361707586943,2,35.2479,2,92.332,2,1.647,2,9,2,24.7,2,0.01,2,1.46709,3,1.32992,2,2.69236,2,27.92166,2,2215.286535,2,2314.637465,2,7.607981201,2,25,1031.03,2,20
33H320240201,A13.5,27,1,21,270121,11120,2,20240218,1350,-8.99957,0.13956,6065.197999999999,100.432,2,14.4726,2,35.4644,2,86.01805458690463,2,35.4765,2,85.948,2,1.521,2,7,2,22.7,2,0.03,2,1.47146,3,1.33445,2,2.97311,2,27.88535,2,2212.279749,2,2324.637624,2,7.637740826,2,25,961.01,2,20
33H320240201,A13.5,27,1,22,270122,11026,2,20240218,1350,-8.99964,0.13966,6065.197999999999,61.491,2,18.0865,2,35.7851,2,128.38336200463743,2,35.7984,2,131.934,2,0.998,2,3.8,2,12.8,2,0.39,2,1.87728,3,1.200695,6,2.588465,6,15.462955,6,2173.648091,6,2346.184871,2,7.783222128,2,25,650.65,2,20
33H320240201,A13.5,27,1,23,270123,11102,2,20240218,1350,-8.99966,0.13955,6065.197999999999,30.73,2,24.4824,2,36.0211,2,225.47350753763962,2,36.0363,2,227.851,2,0.138,2,1.1,2,0,2,0,2,1.90031,3,1.11738,2,2.34786,2,9.00964,2,2070.135079,2,2362.422653,2,8.014020166,2,25,351.71,2,20
33H320240201,A13.5,27,1,24,270124,11023,2,20240218,1350,-8.99948,0.1393,6065.197999999999,3.287,2,28.6399,2,36.0482,2,195.17789662921993,2,36.0503,6,199.277,2,0.081,2,0.9,2,0,2,0,2,1.79359,3,0.91736,2,1.90568,2,5.40212,2,2053.403373,2,2363.500515,2,8.043064312,2,25,323.39,2,20
33H320240201,A13.5,28,1,1,280101,11113,2,20240218,2152,-9.49551,0.57116,5123.163,5097.293,2,2.3926,2,34.8643,2,219.46967562568315,2,34.8767,2,233.758,2,1.632,6,54.6,6,23.5,6,0,6,0.32609,3,0.03063,2,0.0347,2,15.09305,2,2213.776435,6,2355.765861,2,7.709936197,2,25,799.45,2,20
33H320240201,A13.5,28,1,2,280102,11067,2,20240218,2152,-9.49588,0.57088,5123.163,4801.946,2,2.3736,2,34.8668,2,216.99222134058328,2,34.8803,2,233.454,2,1.631,6,54.6,6,23.5,6,0,6,0.16172,3,0.01762,2,0.02938,2,14.9552,2,2216.117736,2,2356.923564,2,7.710274947,2,25,803.39,2,20
33H320240201,A13.5,28,1,3,280103,11052,2,20240218,2152,-9.4961,0.57023,5123.163,4401.73,2,2.365,2,34.8716,2,214.8404624424734,2,34.8814,2,230.848,2,1.639,6,54.2,6,23.6,6,0,6,0.25264,3,0.00897,2,0.01556,2,14.72169,2,2215.146702,2,2358.450535,2,7.704507478,2,25,804.62,2,20
33H320240201,A13.5,28,1,4,280104,11118,2,20240218,2152,-9.49658,0.56963,5123.163,4049.688,2,2.3678,2,34.8754,2,213.78403463717996,2,34.8903,2,230.289,2,1.655,6,53.3,6,23.6,6,0,6,0.38715,3,0.00716,2,0.00943,2,14.38984,2,2215.238238,2,2356.334733,2,7.709065255,2,25,806.15,2,20
33H320240201,A13.5,28,1,5,280105,11136,2,20240218,2152,-9.49694,0.56906,5123.163,3675.696,2,2.4135,2,34.8795,2,213.89712967046904,2,34.8883,2,230.034,2,1.633,2,51.6,2,23.6,2,0,2,0.22149,3,0.00338,2,0.00668,2,14.35018,2,2210.822186,2,2350.276752,2,7.704583479,2,25,809.6,2,20
33H320240201,A13.5,28,1,6,280106,11027,2,20240218,2152,-9.49704,0.56847,5123.163,3301.554,2,2.5619,2,34.8885,2,217.01369381808703,2,34.9032,2,234.244,2,1.603,2,46.7,2,23.1,2,0,2,0.21375,3,0.00436,2,0.0067,2,14.28229,2,2201.361348,2,2341.693782,2,7.703879275,2,25,804.07,2,20
33H320240201,A13.5,28,1,7,280107,-999,2,20240218,2152,-9.49737,0.56796,5123.163,2994.588,2,2.6779,2,34.8959,2,217.17970722747407,2,34.9116,2,233.116,2,1.598,2,43.7,2,22.9,2,0,2,0,3,0.00214,2,0.0049,2,14.19487,2,2197.34044,2,2335.815446,6,7.706139311,6,25,804.04,2,20
33H320240201,A13.5,28,1,8,280108,11004,2,20240218,2152,-9.49752,0.56759,5123.163,2701.814,2,2.8457,2,34.9056,2,217.28552771846384,2,34.9148,6,232.086,2,1.577,2,40.1,2,22.8,2,0.01,2,0.26658,3,0.00192,2,0.00702,2,14.21238,2,2194.442248,2,2332.951129,2,7.705153892,2,25,805.39,2,20
33H320240201,A13.5,28,1,9,280109,11082,2,20240218,2152,-9.49778,0.56724,5123.163,2400.281,2,3.0723,2,34.9175,2,219.22586538641718,2,34.9359,2,232.383,2,1.551,2,34.6,2,22.3,2,0,2,0.63325,3,0.0181,2,0.02458,2,13.77384,2,2187.639905,2,2325.026851,2,7.706561227,2,25,799.2,2,20
33H320240201,A13.5,28,1,10,280110,11115,2,20240218,2152,-9.49798,0.56694,5123.163,2100.817,2,3.418,2,34.9291,2,219.86969321612906,2,34.941,2,232.54,2,1.527,2,28.2,2,22.1,2,0,2,0.14438,3,0.02794,2,0.05302,2,13.89377,2,2181.300262,2,2319.138535,2,7.706976365,2,25,798.1,2,20
33H320240201,A13.5,28,1,11,280111,11008,2,20240218,2152,-9.4982,0.56642,5123.163,1801.476,2,3.7155,2,34.9213,2,213.4548534868791,2,34.9405,2,224.294,2,1.571,2,25.4,2,22.8,2,0.01,2,0.2777,3,0.04124,2,0.07616,2,14.44621,2,2181.723816,2,2314.787168,2,7.698218696,2,25,817.27,2,20
33H320240201,A13.5,28,1,12,280112,-999,2,20240218,2152,-9.4983,0.5659,5123.163,1502.309,2,3.9905,2,34.8755,2,194.96007085231747,2,34.8841,2,203.437,2,1.769,2,26.1,2,25.3,2,0,2,0.2521,3,0.02404,2,0.04842,2,16.33513,2,2193.804005,6,2313.629465,2,7.663219832,2,25,904.35,2,20
33H320240201,A13.5,28,1,13,280113,11058,2,20240218,2152,-9.49842,0.56563,5123.163,1251.224,2,4.1393,2,34.7706,2,171.10142702877874,2,34.7808,2,177.692,2,2.04,2,29.8,2,29.2,2,0,2,0.23234,3,0.019925,6,0.03399,6,18.120825,6,2208.541655,2,2310.585505,2,7.60881574,2,25,1020.23,2,20
33H320240201,A13.5,28,1,14,280114,11124,2,20240218,2152,-9.49846,0.56502,5123.163,950.359,2,4.3922,2,34.5456,2,138.11617077605257,2,34.5516,2,139.895,2,2.463,2,34.3,2,35.4,2,0,2,0.11833,3,0.03664,2,0.05938,2,20.99574,2,2228.91417,2,2303.369822,2,7.532866061,2,25,1247.71,2,20
33H320240201,A13.5,28,1,15,280115,11081,2,20240218,2152,-9.49852,0.56494,5123.163,749.735,2,5.167,2,34.5074,2,112.2080778328362,2,34.5104,2,114.101,2,2.571,2,30.4,2,37.9,2,0,2,0.18464,3,0.10621,2,0.19668,2,23.33462,2,2234.937607,2,2293.509386,6,7.489227046,6,25,1393.15,2,20
33H320240201,A13.5,28,1,16,280116,11126,2,20240218,2152,-9.4984,0.56463,5123.163,423.71,2,9.2055,2,34.8384,2,39.65638187424339,2,34.8464,2,31.998,2,2.444,2,17.4,2,38,2,0.01,2,0.56744,3,0.54744,2,1.00648,2,35.69205,2,2260.862138,2,2292.71097,2,7.41342498,2,25,1677.865,6,20
33H320240201,A13.5,28,1,17,280117,11020,2,20240218,2152,-9.49832,0.56454,5123.163,332.063,2,10.4084,2,34.9659,2,63.35050585,2,34.9664,2,63.403,2,2.082,2,13.7,2,32.3,2,0,2,0.68595,3,0.95176,2,1.88889,2,31.99885,2,2235.82104,2,2301.28396,2,7.504404866,2,25,1345.85,2,20
33H320240201,A13.5,28,1,18,280118,11128,2,20240218,2152,-9.49844,0.56438,5123.163,261.316,2,11.0673,2,35.0418,2,73.61448474881037,2,35.0566,2,74.595,2,1.94,2,12,2,29.7,2,0.01,2,0.92144,3,1.1043,2,2.22898,2,30.26372,2,2227.39149,2,2303.559446,2,7.540727593,2,25,1229.48,2,20
33H320240201,A13.5,28,1,19,280119,11031,2,20240218,2152,-9.49838,0.5643,5123.163,201.973,2,12.1296,2,35.171,2,78.85011604979437,2,35.1787,2,80.08,2,1.787,2,10.2,2,27.1,2,0.01,2,1.41627,3,1.23131,2,2.60942,2,28.06093,2,2221.987701,2,2310.216238,2,7.575252875,2,25,1126.34,2,20
33H320240201,A13.5,28,1,20,280120,11122,2,20240218,2152,-9.49842,0.56425,5123.163,140.794,2,13.0847,2,35.2911,2,91.83433856453932,2,35.2976,6,92.1655,6,1.617,2,8.6,2,24.2,2,0.01,2,1.23646,3,1.30913,2,2.76447,2,25.44304,2,2211.733168,2,2316.40396,2,7.619019374,2,25,1006.86,2,20
33H320240201,A13.5,28,1,21,280121,11120,2,20240218,2152,-9.49854,0.56418,5123.163,110.568,2,13.8884,2,35.3895,2,92.89956772975594,2,35.3914,2,93.688,2,1.543,2,7.8,2,22.9,2,0.01,2,1.19953,3,1.33601,2,2.79035,2,24.32933,2,2207.386585,2,2319.328158,2,7.636104988,2,25,956.36,2,20
33H320240201,A13.5,28,1,22,280122,11026,2,20240218,2152,-9.49856,0.564,5123.163,80.57,2,15.9669,2,35.6183,2,94.67877686790115,2,35.6352,2,95.97,2,1.383,2,5.9,2,19.9,2,0.08,2,1.40415,3,1.31125,2,2.7184,2,22.50298,2,2201.415507,2,2332.452119,2,7.684789038,2,25,854.91,2,20
33H320240201,A13.5,28,1,23,280123,11102,2,20240218,2152,-9.49856,0.5639,5123.163,49.104,2,20.0302,2,35.9405,2,176.25405699091556,2,35.9413,2,171.197,2,0.661,2,3,2,6.6,2,0.14,2,1.66274,3,1.22139,2,2.39228,2,16.93784,2,2135.562615,6,2358.969505,2,7.889712404,2,25,511.93,2,20
33H320240201,A13.5,28,1,24,280124,11023,2,20240218,2152,-9.49852,0.56357,5123.163,2.845,2,28.5892,2,36.1014,2,194.3943603757801,2,36.1028,2,195.222,2,0.108,2,1.3,2,0,2,0,2,1.79689,3,0.89899,2,1.5695,2,5.66049,2,2051.069967,2,2370.79604,2,8.042810476,2,25,324.825,6,20
33H320240201,A13.5,29,1,1,290101,11113,2,20240219, 0519,-9.99752,0.78224,5865.557,5795.097,2,2.4721,2,34.8619,2,219.95818683176995,2,34.8719,2,237.954,3,1.602,6,54.3,6,23.4,6,0.02,6,0.29468,3,0.03807,2,0.06558,2,13.51981,2,2214.537979,6,2364.608317,2,7.713052049,2,25,805.55,2,20
33H320240201,A13.5,29,1,2,290102,11067,2,20240219, 0519,-9.99728,0.78218,5865.557,5150.887,2,2.3986,2,34.8645,2,215.9545843421609,2,34.8962,2,234.54,2,1.62,6,54.6,6,23.4,6,0.02,6,0,3,0.01917,2,0.03309,2,13.27629,2,2216.909633,2,2356.664079,2,7.713303564,2,25,804.13,2,20
33H320240201,A13.5,29,1,3,290103,11052,2,20240219, 0519,-9.99716,0.78178,5865.557,4501.954,2,2.3587,2,34.8698,2,213.41982322670282,2,34.8811,6,232.001,2,1.631,6,54,6,23.5,6,0.02,6,0.31299,3,0.01294,2,0.01855,2,12.92686,2,2217.775918,2,2357.113188,2,7.70988612,2,25,804.23,2,20
33H320240201,A13.5,29,1,4,290104,11118,2,20240219, 0519,-9.99688,0.7817,5865.557,4100.453,2,2.3496,2,34.8734,2,212.45446941382696,2,34.8848,2,230.708,2,1.632,6,53.4,6,23.6,6,0.01,6,0.381435,3,0.00789,6,0.00919,6,13.04036,6,2216.924158,2,2356.085228,2,7.7032494,2,25,806.95,2,20
33H320240201,A13.5,29,1,5,290105,11136,2,20240219, 0519,-9.99674,0.78152,5865.557,3602.32,2,2.4138,2,34.8798,2,212.3632898147385,2,34.9119,2,230.317,2,1.623,2,51.2,2,23.5,2,0.02,2,0.28622,3,0.00602,2,0.00873,2,12.20727,2,2213.616908,2,2351.035248,2,7.704020679,2,25,811.5,2,20
33H320240201,A13.5,29,1,6,290106,11027,2,20240219, 0519,-9.99686,0.78138,5865.557,3200.399,2,2.5482,2,34.8859,2,215.9884478163639,2,34.8973,2,233.194,2,1.593,2,46.6,2,23.2,2,0.02,2,0.30613,3,0.00276,2,0.00696,2,12.27745,2,2204.725571,2,2343.550099,2,7.710975742,2,25,804.69,2,20
33H320240201,A13.5,29,1,7,290107,-999,2,20240219, 0519,-9.99718,0.78144,5865.557,2900.878,2,2.7175,2,34.8965,2,216.79363611355564,2,34.9386,2,233.08,2,1.583,2,43.1,2,22.9,2,0.01,2,0,3,0.0042,2,0.00864,2,12.60298,2,2200.822484,2,2338.460198,2,7.70830837,2,25,803.11,2,20
33H320240201,A13.5,29,1,8,290108,11004,2,20240219, 0519,-9.99728,0.78124,5865.557,2602.344,2,2.9236,2,34.9092,2,215.53968210939303,2,34.923,2,232.03,3,1.579,2,38,2,22.7,2,0.02,2,0.54762,3,0.00693,2,0.01552,2,13.23897,2,2196.439157,2,2333.130772,2,7.70700259,2,25,808.25,2,20
33H320240201,A13.5,29,1,9,290109,11082,2,20240219, 0519,-9.99715,0.78108,5865.557,2299.23,2,3.1877,2,34.9189,2,213.6617549814947,2,34.9436,2,227.223,2,1.572,2,33.3,2,22.7,2,0.01,2,0.40567,3,0.0052,2,0.00674,2,14.31667,2,2193.831245,2,2327.48198,2,7.69765222,2,25,816.9,2,20
33H320240201,A13.5,29,1,10,290110,11115,2,20240219, 0519,-9.99748,0.78118,5865.557,1998.576,2,3.4761,2,34.9238,2,216.50855962226487,2,34.9349,2,228.803,2,1.543,2,28.2,2,22.5,2,0.01,2,0,3,0.02356,2,0.04131,2,14.34245,2,2186.521803,2,2321.134574,2,7.702879179,2,25,809.28,2,20
33H320240201,A13.5,29,1,11,290111,11008,2,20240219, 0519,-9.9977,0.78108,5865.557,1699.687,2,3.7964,2,34.9089,2,207.6443642400727,2,34.9286,2,218.621,2,1.618,2,25.4,2,23.5,2,0.02,2,0.27363,3,0.03936,2,0.07549,2,15.28549,2,2189.478778,2,2316.87303,2,7.688281778,2,25,841.82,2,20
33H320240201,A13.5,29,1,12,290112,-999,2,20240219, 0519,-9.99754,0.78076,5865.557,1399.193,2,4.0472,2,34.8344,2,186.12361833184025,2,34.8426,2,193.9605,6,1.856,2,27.5,2,26.8,2,0.02,2,0.284,3,0.02854,2,0.0484,2,17.52405,2,2204.051375,2,2313.579564,2,7.663274714,2,25,939.63,2,20
33H320240201,A13.5,29,1,13,290113,11058,2,20240219, 0519,-9.99778,0.78076,5865.557,1145.289,2,4.1659,2,34.6687,2,154.11207799581769,2,34.6826,2,157.684,2,2.238,2,33.2,2,32.3,2,0.02,2,0.48416,3,0.01348,2,0.02524,2,20.74302,2,2224.614914,2,2308.33996,2,7.574071485,2,25,1135.01,2,20
33H320240201,A13.5,29,1,14,290114,11124,2,20240219, 0519,-9.99792,0.78068,5865.557,900.239,2,4.564,2,34.523,2,129.14865127028946,2,34.5597,2,132.858,2,2.506,2,33.6,2,36.4,2,0.02,2,0.35719,3,0.04393,2,0.07953,2,23.50954,2,2236.488031,2,2300.635248,2,7.516355417,3,25,1299.14,2,20
33H320240201,A13.5,29,1,15,290115,11081,2,20240219, 0519,-9.99801,0.78052,5865.557,679.767,2,5.8106,2,34.5445,2,77.95809132493822,2,34.5596,6,78.705,2,2.697,2,27.5,2,40.5,2,0.02,2,0.57471,3,0.09403,2,0.16259,2,29.05776,2,2255.079042,6,2292.960475,2,7.429947053,2,25,1608.67,2,20
33H320240201,A13.5,29,1,16,290116,11126,2,20240219, 0519,-9.99818,0.78046,5865.557,519.739,2,7.5128,2,34.6784,2,41.277414105929395,2,34.7092,2,40.935,2,2.664,2,21.7,2,40.9,2,0.02,2,0.36591,3,0.24039,2,0.44874,2,34.99496,2,2267.966646,2,2289.068198,2,7.387404546,2,25,1780.72,2,20
33H320240201,A13.5,29,1,17,290117,11020,2,20240219, 0519,-9.99844,0.7806,5865.557,400.179,2,9.1656,2,34.8348,2,34.768246581245656,2,34.854,2,33.856,2,2.428,2,17.1,2,37.9,2,0.02,2,0.64781,3,0.53661,2,0.86463,2,38.86196,2,2265.754214,2,2294.22796,6,7.416982814,6,25,1668.865,6,20
33H320240201,A13.5,29,1,18,290118,11128,2,20240219, 0519,-9.99867,0.78068,5865.557,301.837,2,10.3922,2,34.964,2,55.482722367285575,2,34.9693,2,56.898,2,2.119,2,13.7,2,33,2,0.03,2,0.84684,3,0.92398,2,1.74083,2,36.13296,2,2247.078164,2,2299.198099,2,7.490791159,2,25,1300.33,2,20
33H320240201,A13.5,29,1,19,290119,11031,2,20240219, 0519,-9.99843,0.78038,5865.557,239.517,2,11.2924,2,35.0711,2,60.85428539558444,2,35.1117,2,60.303,2,1.987,2,12.1,2,30.8,2,0.03,2,1.23146,3,1.08316,2,1.99885,2,34.33538,2,2239.233422,2,2305.186218,6,7.517908621,6,25,1305.51,2,20
33H320240201,A13.5,29,1,20,290120,11122,2,20240219, 0519,-9.99825,0.78017,5865.557,180.41,2,12.3575,2,35.1984,2,72.86632285020349,2,35.2008,2,74.327,2,1.799,2,10.3,2,27.4,2,0.03,2,1.2173,3,1.2271,2,2.22792,2,31.01832,2,2229.868107,2,2309.737188,2,7.566928288,2,25,1151.75,2,20
33H320240201,A13.5,29,1,21,290121,11120,2,20240219, 0519,-9.99824,0.78016,5865.557,120.696,2,13.8604,2,35.3884,2,77.14981317189132,2,35.3919,2,78.054,6,1.638,2,8.1,2,24.7,2,0.03,2,1.30002,3,1.31549,2,2.34024,2,28.52818,2,2224.801546,2,2319.817188,2,7.608577216,2,25,1043.17,2,20
33H320240201,A13.5,29,1,22,290122,11026,2,20240219, 0519,-9.99834,0.7802,5865.557,71.136,2,16.4578,2,35.6564,2,90.92627072,2,35.6572,2,88.454,2,1.4,2,5.8,2,20,2,0.36,2,1.51276,3,1.30491,2,2.21447,2,24.42931,2,2210.743568,2,2334.138772,2,7.677963243,2,25,881.63,2,20
33H320240201,A13.5,29,1,23,290123,11102,2,20240219, 0519,-9.99848,0.78021,5865.557,39.412,2,24.9403,2,36.1439,2,223.8353968418781,2,36.149,2,223.022,2,0.177,2,1.1,2,0,2,0.02,2,1.95121,3,1.07014,2,1.72272,2,9.51265,2,2076.628484,2,2372.32301,2,8.034283389,2,25,358.65,2,20
33H320240201,A13.5,29,1,24,290124,11023,2,20240219, 0519,-9.99858,0.7801,5865.557,3.973,2,27.875,2,36.25,2,196.55399381193934,2,36.2571,2,198.308,2,0.115,2,1,2,0.1,2,0.02,2,1.83017,3,0.91102,2,1.43899,2,5.5688,2,2067.936073,6,2378.820119,2,8.020481228,2,25,332.86,6,20
33H320240201,A13.5,30,1,1,300101,11113,2,20240219,1220,-10.50042,0.79859,5886.484,5802.184,2,2.473,2,34.8615,2,219.6150079780479,2,34.8783,2,242.337,3,1.598,6,54.4,6,23.2,6,0.01,6,0.46389,3,0.03806,2,0.07143,2,12.87765,2,2210.476041,6,2352.65204,2,7.710667387,2,25,806.13,2,20
33H320240201,A13.5,30,1,2,300102,11067,2,20240219,1220,-10.5011,0.79808,5886.484,5050.486,2,2.3894,2,34.8652,2,215.9412673933758,2,34.8796,2,236.459,2,1.603,6,54.4,6,23.2,6,0.01,6,0.50619,3,0.02147,2,0.03079,2,12.98393,2,2212.663324,2,2354.837703,2,7.712937565,2,25,804.45,2,20
33H320240201,A13.5,30,1,3,300103,11052,2,20240219,1220,-10.50136,0.7974,5886.484,4300.561,2,2.3504,2,34.8716,2,212.55037187703005,2,34.8823,2,231.15,2,1.635,6,54.1,6,23.4,6,0,6,0.263,3,0.01133,2,0.01577,2,12.62673,2,2214.357672,2,2355.656079,2,7.706202354,2,25,806.98,2,20
33H320240201,A13.5,30,1,4,300104,11118,2,20240219,1220,-10.50158,0.79702,5886.484,3901.095,2,2.3569,2,34.8761,2,210.7031066044234,2,34.8924,6,228.961,2,1.642,6,53.7,6,23.5,6,0.01,6,0,3,0.00338,2,0.00609,2,12.41368,2,2215.557806,2,2354.727921,2,7.708669079,6,25,810.66,2,20
33H320240201,A13.5,30,1,5,300105,11136,2,20240219,1220,-10.50178,0.79669,5886.484,3501.502,2,2.4336,2,34.8807,2,211.07736015580656,2,34.8894,2,229.134,2,1.641,2,51.7,2,23.6,2,0.01,2,0.44667,3,0.00499,2,0.00535,2,12.31976,2,2209.566345,2,2350.037228,2,7.703992215,2,25,815.68,2,20
33H320240201,A13.5,30,1,6,300106,11027,2,20240219,1220,-10.5018,0.79627,5886.484,3101.925,2,2.6026,2,34.8888,2,216.30614736961962,2,34.8996,2,233.01,2,1.6,2,45.6,2,23,2,0.01,2,0.40988,3,0.00149,2,0.00442,2,12.34823,2,2197.624787,2,2340.017109,2,7.706955549,2,25,803.29,2,20
33H320240201,A13.5,30,1,7,300107,-999,2,20240219,1220,-10.50208,0.79584,5886.484,2799.254,2,2.7578,2,34.8963,2,217.7546957208874,2,34.9184,2,233.417,2,1.588,2,41.7,2,22.8,2,0.01,2,0.29029,3,0.00477,2,0.00764,2,12.12684,2,2194.204446,2,2337.53204,2,7.708138249,2,25,800.69,2,20
33H320240201,A13.5,30,1,8,300108,11004,2,20240219,1220,-10.50208,0.79551,5886.484,2501.187,2,2.9814,2,34.9089,2,216.92260271934762,2,34.9176,2,236.073,2,1.572,2,37,2,22.6,2,0.01,2,0,3,0.00622,2,0.00847,2,11.9581,2,2189.792861,2,2330.945109,2,7.704972015,2,25,805.11,2,20
33H320240201,A13.5,30,1,9,300109,11082,2,20240219,1220,-10.5023,0.79512,5886.484,2200.052,2,3.2467,2,34.9206,2,216.20893411664193,2,34.9361,2,229.424,2,1.566,2,32,2,22.4,2,0.01,2,0.7039,3,0.01407,2,0.02519,2,11.37992,2,2184.822704,2,2325.276356,2,7.70053522,2,25,808.19,2,20
33H320240201,A13.5,30,1,10,300110,11115,2,20240219,1220,-10.50211,0.79458,5886.484,1900.13,2,3.5539,2,34.9194,2,211.57461287828554,2,34.9359,2,223.685,2,1.585,2,27.9,2,22.9,2,0.01,2,0,3,0.01508,2,0.02408,2,12.24488,2,2183.853466,2,2320.036752,2,7.692447553,2,25,825.36,2,20
33H320240201,A13.5,30,1,11,300111,11008,2,20240219,1220,-10.50284,0.79466,5886.484,1599.692,2,3.8617,2,34.8904,2,199.93530847224335,2,34.9,2,209.498,2,1.7,2,26.2,2,24.4,2,0.01,2,0,3,0.02907,2,0.04534,2,13.14695,2,2189.882384,2,2316.653465,2,7.669703815,2,25,873.11,2,20
33H320240201,A13.5,30,1,12,300112,-999,2,20240219,1220,-10.50286,0.7943,5886.484,1301.386,2,4.0705,2,34.7611,2,171.1666669350444,2,34.769,2,178.501,2,2.019,2,30.4,2,29.1,2,0.01,2,0.60008,3,0.02194,2,0.02822,2,15.60799,2,2208.26251,2,2310.266139,2,7.613568975,2,25,1017.59,2,20
33H320240201,A13.5,30,1,13,300113,11058,2,20240219,1220,-10.50308,0.79397,5886.484,1050.631,2,4.2179,2,34.5926,2,143.41598818966852,2,34.5984,2,147.981,2,2.378,2,34.9,2,34.1,2,0.01,2,0,3,0.017,2,0.02765,2,18.64923,2,2226.780822,6,2306.194218,2,7.5463414,2,25,1208.66,2,20
33H320240201,A13.5,30,1,14,300114,11124,2,20240219,1220,-10.50297,0.79358,5886.484,812.016,2,4.869,2,34.5034,2,115.92597489172513,2,34.5152,6,118.377,2,2.576,2,32.1,2,37.5,2,0.01,2,0.6211,3,0.05627,2,0.09295,2,20.59551,2,2235.478977,2,2296.124198,2,7.492714787,3,25,1375.52,2,20
33H320240201,A13.5,30,1,15,300115,11081,2,20240219,1220,-10.50331,0.79368,5886.484,620.58,2,6.2734,2,34.5772,2,62.30414353283668,2,34.5825,2,62.298,2,2.723,2,25.7,2,41.2,2,0.01,2,0,3,0.11604,2,0.19438,2,25.3156,2,2257.146784,2,2299.567366,2,7.410183585,2,25,1681.66,2,20
33H320240201,A13.5,30,1,16,300116,11126,2,20240219,1220,-10.50385,0.7938,5886.484,480.982,2,7.8624,2,34.7107,2,37.79110893819107,2,34.7196,2,36.684,2,2.621,2,20.6,2,40.4,2,0.01,2,0.36284,3,0.208255,6,0.36007,6,27.326915,6,2262.42242,2,2292.491406,2,7.392029826,2,25,1767.27,2,20
33H320240201,A13.5,30,1,17,300117,11020,2,20240219,1220,-10.50398,0.79356,5886.484,360.839,2,9.6391,2,34.8856,2,37.38758868,2,34.892,2,36.896,2,2.329,2,15.8,2,36.4,2,0.01,2,0.75281,3,0.68061,2,1.19164,2,31.32875,2,2254.241746,2,2297.371723,2,7.431677796,2,25,1610.425,6,20
33H320240201,A13.5,30,1,18,300118,11128,2,20240219,1220,-10.50394,0.79324,5886.484,281.278,2,10.6153,2,34.9913,2,56.28396522381343,2,34.9944,2,57.88,2,2.087,2,13.3,2,32.4,2,0.01,2,0.9937,3,0.98657,2,1.71611,2,32.75039,2,2238.838373,2,2300.625267,2,7.495552324,2,25,1383.92,2,20
33H320240201,A13.5,30,1,19,300119,11031,2,20240219,1220,-10.50405,0.79318,5886.484,221.171,2,11.2992,2,35.0707,2,65.22131382,2,35.0769,2,65.009,2,1.955,2,12.1,2,30.1,2,0.02,2,1.45547,3,1.12579,2,1.92893,2,26.90778,2,2232.20985,2,2303.519525,2,7.527388417,2,25,1280.24,2,20
33H320240201,A13.5,30,1,20,300120,11122,2,20240219,1220,-10.50412,0.79318,5886.484,161.429,2,12.2422,2,35.1917,2,78.20677061,2,35.1915,2,79.212,2,1.785,2,10,2,27.1,2,0.02,2,1.30271,3,1.26761,2,2.12537,2,25.11447,2,2217.872726,2,2308.479683,2,7.577180604,2,25,1111,2,20
33H320240201,A13.5,30,1,21,300121,11120,2,20240219,1220,-10.5041,0.79312,5886.484,100.614,2,15.3245,2,35.6005,2,86.20770199247902,2,35.6027,2,87.119,2,1.492,2,6.1,2,22,2,0.15,2,1.48836,3,1.22274,2,2.24822,2,24.69246,2,2210.093781,2,2330.51596,6,7.652668796,6,25,923.82,2,20
33H320240201,A13.5,30,1,22,300122,11026,2,20240219,1220,-10.50411,0.79304,5886.484,59.867,2,21.3902,2,36.3586,2,223.8964343062937,2,36.2901,2,216.208,2,0.266,2,1.5,2,1.4,2,0.04,2,2.06067,3,1.19914,2,1.83062,2,8.40953,2,2101.801239,6,2381.245307,2,7.973405557,2,25,403.69,2,20
33H320240201,A13.5,30,1,23,300123,11102,2,20240219,1220,-10.50408,0.79285,5886.484,30.731,2,27.1886,2,36.4573,2,198.66673558537258,2,36.4422,2,203.402,2,0.13,2,0.8,2,0,2,0.01,2,1.85339,3,0.99338,2,1.462,2,5.20008,2,2077.961826,2,2389.45901,2,8.023082625,2,25,347.64,2,20
33H320240201,A13.5,30,1,24,300124,11023,2,20240219,1220,-10.50399,0.79268,5886.484,2.166,2,27.2927,2,36.4641,2,198.67662792362694,2,36.4658,2,200.968,2,0.119,2,0.9,2,0,2,0.01,2,1.93619,3,0.96111,2,1.31598,2,4.90424,2,2081.897783,2,2391.205545,2,8.029228816,2,25,345.4,2,20
33H320240201,A13.5,31,1,1,310101,11113,2,20240219,1935,-10.99748,0.82885,5809.513,5739.963,2,2.4648,2,34.8617,2,219.8929104091091,2,34.8748,2,240.401,2,1.606,6,54.6,6,23.2,6,0,6,0.05687,3,0.03626,6,0.063585,6,11.02886,6,2215.234885,6,2352.821703,2,7.708849439,2,25,801.93,2,20
33H320240201,A13.5,31,1,2,310102,11067,2,20240219,1935,-10.99802,0.82858,5809.513,5098.43,2,2.3932,2,34.8647,2,215.91534874610815,2,34.8753,2,236.848,2,1.617,6,54.7,6,23.4,6,0,6,0,3,0.01742,2,0.02951,2,11.20307,2,2217.468304,2,2355.376634,2,7.70410305,2,25,801.92,2,20
33H320240201,A13.5,31,1,3,310103,11052,2,20240219,1935,-10.99842,0.828,5809.513,4451.324,2,2.3597,2,34.8708,2,213.0025507,2,34.8834,2,231.859,2,1.633,6,54.3,6,23.5,6,0,6,0.15895,3,0.00891,2,0.01255,2,10.63687,2,2218.262498,2,2357.502416,2,7.707648059,2,25,804.465,6,20
33H320240201,A13.5,31,1,4,310104,11118,2,20240219,1935,-10.99858,0.82768,5809.513,4050.361,2,2.3541,2,34.8743,2,212.0285864384293,2,34.8847,2,230.545,2,1.637,6,53.8,6,23.5,6,0,6,0,3,0.00908,2,0.00865,2,10.69868,2,2216.074382,2,2355.67604,2,7.706901609,2,25,807.12,2,20
33H320240201,A13.5,31,1,5,310105,11136,2,20240219,1935,-10.99844,0.82744,5809.513,3676.807,2,2.3898,2,34.8787,2,210.92050215835476,2,34.8879,2,228.921,2,1.649,2,52.9,2,23.6,2,0.01,2,0.13268,3,0.00774,2,0.00472,2,10.86514,2,2217.065765,2,2354.608158,2,7.705287076,2,25,812.1,2,20
33H320240201,A13.5,31,1,6,310106,11027,2,20240219,1935,-10.9986,0.82738,5809.513,3299.791,2,2.5107,2,34.8842,2,214.2500312035519,2,34.893,2,231.719,2,1.62,2,48.4,2,23.3,2,0,2,0,3,0.0018,2,0.00341,2,11.1023,2,2206.43449,2,2345.077069,2,7.70430132,2,25,808.73,2,20
33H320240201,A13.5,31,1,7,310107,-999,2,20240219,1935,-10.99784,0.82654,5809.513,3000.505,2,2.6609,2,34.8926,2,216.11540340154605,2,34.9036,2,235.764,2,1.595,2,44.2,2,23,2,0,2,0,3,0.00342,2,0.00383,2,11.06093,2,2200.578838,2,2338.939248,2,7.705805911,2,25,803.96,2,20
33H320240201,A13.5,31,1,8,310108,11004,2,20240219,1935,-10.99792,0.82654,5809.513,2701.648,2,2.8596,2,34.9042,2,215.9607714809391,2,34.9145,2,231.838,2,1.577,2,39.6,2,22.7,2,0,2,0,3,0.00644,2,0.01439,2,10.64412,2,2197.255232,2,2333.04095,2,7.704402897,2,25,807.01,2,20
33H320240201,A13.5,31,1,9,310109,11082,2,20240219,1935,-10.99828,0.82627,5809.513,2399.665,2,3.0568,2,34.9141,2,216.54517461946162,2,34.923,2,230.972,2,1.556,2,35.5,2,22.5,2,0.01,2,0.20581,3,0.01439,2,0.01202,2,11.19843,2,2192.644893,2,2329.97703,2,7.703185573,2,25,805.1,2,20
33H320240201,A13.5,31,1,10,310110,11115,2,20240219,1935,-10.99848,0.8259,5809.513,2099.401,2,3.3421,2,34.9218,2,215.94560361369258,2,34.931,6,229.227,2,1.557,2,30.4,2,22.5,2,0.01,2,0,3,0.0143,2,0.022,2,11.06765,2,2188.928438,2,2323.679525,2,7.700123302,6,25,809.79,2,20
33H320240201,A13.5,31,1,11,310111,11008,2,20240219,1935,-10.9985,0.8253,5809.513,1800.461,2,3.6392,2,34.912,2,208.47930952826397,2,34.9202,2,219.327,2,1.614,2,27.5,2,23.4,2,0,2,0,3,0.01949,2,0.03165,2,11.43259,2,2189.097735,2,2318.39002,2,7.68690177,2,25,839.91,2,20
33H320240201,A13.5,31,1,12,310112,-999,2,20240219,1935,-10.99864,0.82508,5809.513,1500.939,2,3.9414,2,34.8598,2,191.35453322847195,2,34.8672,2,200.515,2,1.799,2,27.5,2,25.8,2,0,2,0.28845,3,0.02328,2,0.04369,2,12.94103,2,2199.009063,6,2313.729267,2,7.65203789,2,25,915.1,2,20
33H320240201,A13.5,31,1,13,310113,11058,2,20240219,1935,-10.99888,0.82492,5809.513,1250.19,2,4.0693,2,34.7161,2,162.00202652554967,2,34.7256,2,170.608,2,2.156,2,32.7,2,30.8,2,0,2,0,3,0.00998,2,0.02247,2,15.15577,2,2220.237563,2,2311.513663,2,7.588529229,2,25,1075.62,2,20
33H320240201,A13.5,31,1,14,310114,11124,2,20240219,1935,-10.9992,0.82486,5809.513,950.569,2,4.4068,2,34.5331,2,138.90452863850393,2,34.5388,2,142.029,2,2.435,2,34.1,2,35.3,2,0,2,0.27899,3,0.0518,2,0.08295,2,16.56783,2,2232.655111,2,2301.523485,2,7.534480104,3,25,1241.76,2,20
33H320240201,A13.5,31,1,15,310115,11081,2,20240219,1935,-10.99902,0.8246,5809.513,751.225,2,5.2765,2,34.5112,2,105.68355311181624,2,34.5205,2,107.237,2,2.592,6,29.8,6,38.2,6,0,6,0.30913,3,0.09537,2,0.15897,2,19.61034,2,2243.782918,2,2295.255921,2,7.478320261,2,25,1428.89,2,20
33H320240201,A13.5,31,1,16,310116,11126,2,20240219,1935,-10.99887,0.8247,5809.513,560.099,2,7.019,2,34.6315,2,56.463845565686384,2,34.6348,2,56.51,2,2.652,6,22.9,6,40.2,6,0,6,0.2317,3,0.21992,2,0.37844,2,23.63547,2,2259.155495,2,2291.353663,2,7.415760224,2,25,1680.31,2,20
33H320240201,A13.5,31,1,17,310117,11020,2,20240219,1935,-10.9988,0.8248,5809.513,394.407,2,8.9174,2,34.8044,2,54.1454193,2,34.8076,2,54.922,2,2.331,2,16.9,2,36.5,2,0,2,-999,5,0.83012,2,0.90661,2,27.75754,2,2251.221531,2,2296.194059,2,7.454548292,2,25,1531.92,2,20
33H320240201,A13.5,31,1,18,310118,11128,2,20240219,1935,-10.99908,0.82496,5809.513,331.131,2,9.8045,2,34.8975,2,62.01659114110251,2,34.8974,2,64.048,2,2.165,2,14.7,2,33.6,2,0,2,1.08167,3,0.94026,2,1.19311,2,29.04875,2,2244.091759,2,2300.964594,2,7.498041207,2,25,1401.78,2,20
33H320240201,A13.5,31,1,19,310119,11031,2,20240219,1935,-10.99911,0.82483,5809.513,260.632,2,10.4412,2,34.9709,2,64.36398693,2,34.9857,2,60.251,2,2.098,2,13.6,2,32.5,2,0,2,1.15324,3,1.07316,2,1.4175,2,30.29875,2,2241.332212,2,2315.39596,2,7.488440033,2,25,1368.15,2,20
33H320240201,A13.5,31,1,20,310120,11122,2,20240219,1935,-10.99904,0.82461,5809.513,200.829,2,11.3479,2,35.0812,2,67.66145902678932,2,35.081,2,68.321,2,1.945,2,11.7,2,29.8,2,0,2,1.13569,3,1.22395,2,1.64505,2,28.41525,2,2232.348628,2,2305.126337,2,7.553158174,2,25,1254.12,6,20
33H320240201,A13.5,31,1,21,310121,11120,2,20240219,1935,-10.99894,0.82449,5809.513,141.476,2,12.2871,2,35.2026,2,68.67181731352886,2,35.2111,2,70.2565,6,1.828,2,10,2,27.9,2,0.01,2,1.34179,3,1.30013,2,1.68909,2,28.88532,2,2232.04087,2,2311.114455,6,7.559237669,6,25,1179.32,2,20
33H320240201,A13.5,31,1,22,310122,11026,2,20240219,1935,-10.99908,0.82458,5809.513,80.387,2,16.4718,2,35.7767,2,112.1422258007878,2,35.7701,6,111.022,2,1.253,2,5,2,17.8,2,0.37,2,2.02095,3,1.39511,2,2.073,2,20.11003,2,2198.996463,2,2345.685861,2,7.723548295,2,25,778.26,2,20
33H320240201,A13.5,31,1,23,310123,11102,2,20240219,1935,-10.99918,0.82472,5809.513,50.608,2,21.5257,2,36.2545,2,229.12275551161414,2,36.2584,2,-0.958,4,0.188,2,1.2,2,0,2,0,2,1.99403,3,1.24405,2,1.52406,2,7.97684,2,2091.025584,6,2381.724356,2,7.997550318,2,25,366.95,2,20
33H320240201,A13.5,31,1,24,310124,11023,2,20240219,1935,-10.99914,0.82468,5809.513,2.782,2,27.2316,2,36.5554,2,198.67253109936496,2,36.5563,2,200.567,2,0.17,2,0.7,2,0,2,0,2,2.01544,3,0.98043,2,1.26818,2,4.92507,2,2091.012523,2,2399.978139,2,8.021173147,2,25,343.53,2,20
33H320240201,A13.5,32,1,1,320101,11113,2,20240220, 0241,-11.4983,0.8493,5739.836,5695.906,2,2.4585,2,34.8615,2,219.9362801868176,2,34.8751,6,237.138,2,1.611,2,54.3,2,23.3,2,0,2,0,3,0.03859,2,0.05447,2,12.9783,2,2211.820542,6,2352.941465,2,7.707839566,2,25,799.76,2,20
33H320240201,A13.5,32,1,2,320102,11067,2,20240220, 0241,-11.49808,0.849,5739.836,5001.381,2,2.3931,2,34.8663,2,215.6847894480203,2,34.8761,2,233.898,2,1.626,2,54.3,2,23.4,2,0,2,0.16819,3,0.013465,6,0.0227,6,13.360955,6,2213.193158,2,2356.424554,2,7.712025021,2,25,801.72,2,20
33H320240201,A13.5,32,1,3,320103,11052,2,20240220, 0241,-11.49844,0.84864,5739.836,4300.465,2,2.3545,2,34.871,2,213.60638681058072,2,34.8839,2,231.613,2,1.628,2,53.7,2,23.5,2,0,2,0.33036,3,0.01567,2,0.01934,2,13.30702,2,2212.754153,2,2356.69402,2,7.711379472,2,25,805.49,2,20
33H320240201,A13.5,32,1,4,320104,11118,2,20240220, 0241,-11.49872,0.8484,5739.836,3899.553,2,2.3549,2,34.8745,2,213.13654891856933,2,34.8863,2,230.746,2,1.632,2,52.9,2,23.4,2,0,2,0.40119,3,0.00839,2,0.01323,2,13.02219,2,2211.483244,2,2351.973386,2,7.707822306,2,25,807.97,2,20
33H320240201,A13.5,32,1,5,320105,11136,2,20240220, 0241,-11.49898,0.84835,5739.836,3551.372,2,2.4141,2,34.8793,2,213.52350096210495,2,34.8919,2,232.746,2,1.628,2,50.8,2,23.5,2,0,2,0.42634,3,0.00849,2,0.01497,2,12.57039,2,2207.188822,2,2348.12103,6,7.708116271,6,25,807.585,6,20
33H320240201,A13.5,32,1,6,320106,11027,2,20240220, 0241,-11.49912,0.84834,5739.836,3200.121,2,2.549,2,34.8868,2,214.1807685194247,2,34.8986,2,231.18,3,1.62,2,47.3,2,23.3,2,0,2,0,3,0.0011,2,0.00499,2,12.62159,2,2202.345898,2,2340.625901,2,7.701755369,2,25,809.88,2,20
33H320240201,A13.5,32,1,7,320107,-999,2,20240220, 0241,-11.49926,0.84809,5739.836,2901.013,2,2.6959,2,34.895,2,216.5588497051294,2,34.916,2,232.447,2,1.581,2,42.9,2,22.9,2,0,2,0.47927,3,0.00462,2,0.0061,2,12.38624,2,2195.297566,2,2336.264554,2,7.704130391,2,25,803.71,2,20
33H320240201,A13.5,32,1,8,320108,11004,2,20240220, 0241,-11.49914,0.84786,5739.836,2601.551,2,2.8762,2,34.9068,2,214.91348066166194,2,34.9292,2,230.312,3,1.578,2,39.2,2,22.8,2,0,2,0.31566,3,0.00335,2,0.00547,2,12.56018,2,2193.9194,2,2330.645703,2,7.705583963,3,25,811.17,2,20
33H320240201,A13.5,32,1,9,320109,11082,2,20240220, 0241,-11.49912,0.84726,5739.836,2300.848,2,3.0938,2,34.913,2,216.08550000686907,2,34.9236,2,231.988,2,1.568,2,34.6,2,22.6,2,0,2,0.2665,3,0.00816,2,0.01224,2,12.34289,2,2186.809916,2,2325.735446,2,7.704755304,6,25,808.69,2,20
33H320240201,A13.5,32,1,10,320110,11115,2,20240220, 0241,-11.49924,0.84714,5739.836,2000.953,2,3.3716,2,34.9174,2,211.38875240599813,2,34.9236,2,224.276,2,1.596,2,30.6,2,23,2,0,2,0.20953,3,0.00705,2,0.00998,2,12.68726,2,2184.914283,2,2330.316356,2,7.696644758,2,25,827.5,2,20
33H320240201,A13.5,32,1,11,320111,11008,2,20240220, 0241,-11.49945,0.8476,5739.836,1700.429,2,3.6963,2,34.9,2,200.2086482031622,2,34.926,2,210.294,2,1.688,2,27.9,2,24.2,2,0,2,0.48617,3,0.01041,2,0.00956,2,13.73779,2,2190.792812,2,2319.238337,2,7.673735506,2,25,873.8,2,20
33H320240201,A13.5,32,1,12,320112,-999,2,20240220, 0241,-11.49966,0.84786,5739.836,1401.165,2,3.9234,2,34.8147,2,177.16297299641147,2,34.8242,2,184.499,2,1.927,2,30.1,2,27.9,2,0,2,0,3,0.0094,2,0.01408,2,15.67852,2,2205.414746,2,2313.759208,2,7.620747989,2,25,986.78,2,20
33H320240201,A13.5,32,1,13,320113,11058,2,20240220, 0241,-11.49946,0.84744,5739.836,1151.631,2,4.0861,2,34.6405,2,151.2672149110987,2,34.6487,6,156.532,2,2.273,2,34.8,2,32.7,2,0,2,0.18117,3,0.01643,2,0.02875,2,19.11958,2,2222.370305,6,2307.282059,2,7.563233484,2,25,1152.45,2,20
33H320240201,A13.5,32,1,14,320114,11124,2,20240220, 0241,-11.49918,0.8473,5739.836,899.073,2,4.6696,2,34.5084,2,122.59162603251214,2,34.5124,2,125.34,2,2.554,2,33.3,2,37,2,0,2,-999,5,-999,5,-999,5,-999,5,2232.852402,2,2295.685069,2,7.500874529,2,25,1339.59,2,20
33H320240201,A13.5,32,1,15,320115,11081,2,20240220, 0241,-11.49916,0.84712,5739.836,680.403,2,5.933,2,34.552,2,70.60248154198104,2,34.5558,2,70.54,2,2.725,2,27.1,2,41,2,0,2,0.29573,3,0.08353,2,0.16749,2,24.25191,2,2252.014434,2,2288.748832,2,7.415451083,2,25,1651.02,2,20
33H320240201,A13.5,32,1,16,320116,11126,2,20240220, 0241,-11.49921,0.84714,5739.836,520.409,2,7.4774,2,34.67,2,53.87856190570215,2,34.6714,2,53.355,2,2.581,2,21.3,2,39.5,2,0,2,0.48506,3,0.28225,2,0.57549,2,27.10698,2,2253.191909,2,2290.255842,2,7.415444117,2,25,1672.425,6,20
33H320240201,A13.5,32,1,17,320117,11020,2,20240220, 0241,-11.49922,0.84708,5739.836,440.694,2,8.4218,2,34.7595,2,38.684255375552986,2,34.7626,2,38.422,2,2.516,2,19,2,39.1,2,0,2,0.38729,3,0.3868,2,0.79147,2,29.5758,2,2257.089013,2,2291.423525,2,7.407161163,2,25,1714.79,2,20
33H320240201,A13.5,32,1,18,320118,11128,2,20240220, 0241,-11.49932,0.84712,5739.836,300.324,2,10.2271,2,34.9484,2,54.8816446,2,34.9523,2,55.981,2,2.151,2,14,2,33.4,2,0.01,2,0.72799,3,0.83082,2,1.80002,2,29.76577,2,2241.998116,2,2300.565386,2,7.483932079,2,25,1421.9,2,20
33H320240201,A13.5,32,1,19,320119,11031,2,20240220, 0241,-11.49944,0.84718,5739.836,240.844,2,10.8499,2,35.0212,2,62.06962744046435,2,35.0235,2,62.623,2,2.019,2,12.5,2,31.4,2,0.01,2,1.08332,3,0.91044,2,2.15071,2,28.52745,2,2231.980801,2,2303.359842,2,7.513123624,2,25,1321.49,2,20
33H320240201,A13.5,32,1,20,320120,11122,2,20240220, 0241,-11.49948,0.84726,5739.836,180.261,2,11.7111,2,35.1282,2,66.65440000145195,2,35.1281,2,68.249,2,1.885,2,10.9,2,29.2,2,0.01,2,1.02614,3,0.98311,2,2.33594,2,27.06176,2,2228.470726,2,2308.020594,2,7.544823254,2,25,1231.54,2,20
33H320240201,A13.5,32,1,21,320121,11120,2,20240220, 0241,-11.49952,0.84732,5739.836,121.446,2,13.423,2,35.3525,2,72.74249689143188,2,35.3463,2,73.931,2,1.708,2,8.4,2,25.9,2,0.02,2,1.24336,3,1.08837,2,2.6133,2,25.96688,2,2221.019676,2,2318.370059,2,7.5898053,2,25,1096.8,2,20
33H320240201,A13.5,32,1,22,320122,11026,2,20240220, 0241,-11.49942,0.84742,5739.836,65.075,2,16.9267,2,35.7796,2,114.70417035260601,2,35.767,2,113.314,6,1.235,2,4.7,2,17.1,2,0.25,2,1.57641,3,1.09558,2,2.47397,2,20.3562,2,2188.949511,2,2343.190812,2,7.730275937,2,25,768.81,2,20
33H320240201,A13.5,32,1,23,320123,11102,2,20240220, 0241,-11.49946,0.84736,5739.836,35.764,2,22.1877,2,36.2632,2,238.41176574280425,2,36.2658,2,242.187,2,0.166,2,0.9,2,0,2,0.01,2,1.99423,3,0.98841,2,2.17099,2,7.16495,2,2079.931937,6,2380.486812,2,8.012287893,2,25,360.17,2,20
33H320240201,A13.5,32,1,24,320124,11023,2,20240220, 0241,-11.49964,0.84714,5739.836,3.692,2,27.0596,2,36.5555,2,198.12960855207433,2,36.5574,2,201.287,2,0.159,2,0.6,2,0.1,2,0.01,2,1.82384,3,0.94361,2,1.48165,2,4.78028,2,2088.511035,2,2399.918257,2,8.028989236,2,25,345.4,2,20
33H320240201,A13.5,33,1,1,330101,11113,2,20240220, 0953,-11.9977,0.86982,5757.548,5727.508,2,2.4657,2,34.8621,2,219.6929835131659,2,34.877,2,236.326,2,1.598,6,54.6,6,23.4,6,0,6,0,3,0.03188,2,0.06359,2,12.87432,2,2217.68749,6,2351.818693,6,7.707814691,6,25,804.83,2,20
33H320240201,A13.5,33,1,2,330102,11067,2,20240220, 0953,-11.99828,0.86894,5757.548,4947.493,2,2.384,2,34.8659,2,215.69772987090232,2,34.8841,6,235.489,2,1.623,6,54.2,6,23.4,6,0,6,0.39653,3,0.0188,2,0.03362,2,13.10622,2,2218.598443,2,2353.849663,2,7.708692084,2,25,805.15,2,20
33H320240201,A13.5,33,1,3,330103,11052,2,20240220, 0953,-11.99884,0.86806,5757.548,4150.226,2,2.3505,2,34.8737,2,212.91500832734843,2,34.8848,2,231.484,2,1.63,6,53.4,6,23.6,6,0,6,0.44653,3,0.00837,2,0.01055,2,12.77899,2,2216.954558,2,2353.021307,2,7.705234986,2,25,805.18,2,20
33H320240201,A13.5,33,1,4,330104,11118,2,20240220, 0953,-11.99901,0.86762,5757.548,3775.046,2,2.3604,2,34.8767,2,212.08913023794543,2,34.8867,2,230.414,3,1.639,6,52.5,6,23.7,6,0,6,0.51245,3,0.00572,2,0.00661,2,12.59055,2,2216.880845,2,2354.099168,2,7.706050762,2,25,808.86,6,20
33H320240201,A13.5,33,1,5,330105,11136,2,20240220, 0953,-11.99912,0.86728,5757.548,3426.45,2,2.4616,2,34.8828,2,209.43942869462637,2,34.8945,2,227.609,2,1.638,2,51.1,2,23.8,2,0,2,0.40514,3,0.00365,2,0.00504,2,12.44506,2,2216.517444,2,2349.12903,2,7.700628778,2,25,822.48,3,20
33H320240201,A13.5,33,1,6,330106,11027,2,20240220, 0953,-11.99924,0.86714,5757.548,3101.593,2,2.6144,2,34.89,2,215.41976923434513,2,34.9265,2,232.158,2,1.61,2,45.2,2,23.3,2,0,2,0.19421,3,0.00248,2,0.00455,2,12.36469,2,2204.367583,2,2339.767604,2,7.708131559,2,25,807.61,2,20
33H320240201,A13.5,33,1,7,330107,-999,2,20240220, 0953,-11.99938,0.86672,5757.548,2800.725,2,2.7831,2,34.898,2,217.3334134663076,2,34.9107,2,233.036,2,1.591,2,41,2,22.9,2,0,2,0,3,0.00219,2,0.00708,2,12.00555,2,2197.211849,2,2333.639762,2,7.706716133,2,25,803.4,2,20
33H320240201,A13.5,33,1,8,330108,11004,2,20240220, 0953,-11.9997,0.86625,5757.548,2500.428,2,2.9747,2,34.9091,2,216.36626056669596,2,34.9247,2,231.277,2,1.583,2,36.9,2,22.8,2,0,2,0.31915,3,0.01396,2,0.02238,2,12.01061,2,2195.764464,2,2329.228515,2,7.703644165,2,25,808.83,2,20
33H320240201,A13.5,33,1,9,330109,11082,2,20240220, 0953,-11.99992,0.86594,5757.548,2201.923,2,3.1884,2,34.9153,2,215.33092424780335,2,34.9295,2,230.892,2,1.578,2,32.9,2,22.8,2,0,2,0.46854,3,0.00918,2,0.01385,2,11.97865,2,2191.694525,2,-999,5,7.704579374,2,25,812.84,2,20
33H320240201,A13.5,33,1,10,330110,11115,2,20240220, 0953,-12.00004,0.86578,5757.548,1902.523,2,3.4768,2,34.9164,2,207.94519490584432,2,34.9273,2,219.915,2,1.631,2,29.4,2,23.6,2,0,2,0.43598,3,0.01603,2,0.01322,2,12.35,2,2194.305566,2,2323.96895,2,7.688093088,2,25,838.12,2,20
33H320240201,A13.5,33,1,11,330111,11008,2,20240220, 0953,-12.0002,0.8654,5757.548,1603.661,2,3.7482,2,34.89,2,196.72177038885408,2,34.9057,2,205.7,2,1.735,2,28,2,25,2,0,2,0,3,0.0033,6,0.00909,6,13.11648,6,2198.300089,2,2318.988832,2,7.666789738,2,25,888.81,2,20
33H320240201,A13.5,33,1,12,330112,-999,2,20240220, 0953,-12.00022,0.86498,5757.548,1299.784,2,3.9171,2,34.7514,2,168.84883828525295,2,34.8124,2,175.78,2,2.052,2,32.7,2,29.8,2,0,2,0.36847,3,0.00539,2,0.01187,2,15.23697,2,2217.389516,2,2316.334099,2,7.602971423,2,25,1040.84,2,20
33H320240201,A13.5,33,1,13,330113,11058,2,20240220, 0953,-12.00039,0.86468,5757.548,1051.281,2,4.1873,2,34.5623,2,143.05376433471054,2,34.568,2,147.555,2,2.409,2,35.7,2,34.8,2,0,2,0.22553,3,0.02613,2,0.04395,2,17.50031,2,2233.481529,6,2302.820911,2,7.541844431,2,25,1212.72,2,20
33H320240201,A13.5,33,1,14,330114,11124,2,20240220, 0953,-12.00082,0.86428,5757.548,810.21,2,5.0196,2,34.499,2,109.3289356153475,2,34.5034,2,110.9,2,2.592,2,31.3,2,38.4,2,0,2,0.39021,3,0.07797,2,0.12515,2,20.11455,2,2243.8012,2,2292.770851,2,7.48038099,2,25,1424.8,2,20
33H320240201,A13.5,33,1,15,330115,11081,2,20240220, 0953,-12.00078,0.86428,5757.548,621.255,2,6.5606,2,34.5884,2,70.44958794007883,2,34.6202,2,73.54,2,2.598,2,23.9,2,39.9,2,0,2,0.28316,3,0.22151,2,0.40441,2,23.08083,2,2255.969044,2,2290.205941,2,7.432147681,2,25,1610.16,2,20
33H320240201,A13.5,33,1,16,330116,11126,2,20240220, 0953,-12.00068,0.86425,5757.548,481.815,2,8.3042,2,34.7446,2,47.72014170631483,2,34.7546,6,47.8175,6,2.448,2,18.8,2,38.4,2,0,2,0.41215,3,0.46394,2,0.80738,2,27.15384,2,2258.191826,2,2293.71897,2,7.425846301,2,25,1639,2,20
33H320240201,A13.5,33,1,17,330117,11020,2,20240220, 0953,-12.00082,0.8642,5757.548,360.951,2,9.7791,2,34.8966,2,48.26056848718166,2,34.8985,2,48.139,2,2.237,2,15.1,2,35.3,2,0,2,0.60676,3,0.7265,2,1.43589,2,29.78481,2,2254.015926,2,2296.992475,2,7.459278647,2,25,1509.19,2,20
33H320240201,A13.5,33,1,18,330118,11128,2,20240220, 0953,-12.00094,0.86406,5757.548,280.929,2,10.5798,2,34.9893,2,59.99361978420796,2,34.9962,2,60.963,2,2.04,2,13,2,32.1,2,0.01,2,0.793,3,0.92831,2,1.92594,2,26.03852,2,2242.915928,2,2301.802931,2,7.500875723,2,25,1334.3,6,20
33H320240201,A13.5,33,1,19,330119,11031,2,20240220, 0953,-12.00096,0.86406,5757.548,219.901,2,11.3109,2,35.0776,2,69.64022613584216,2,35.095,2,70.795,2,1.918,2,11.4,2,29.8,2,0.01,2,1.00726,3,1.07791,2,2.31076,2,26.90448,2,2234.407523,2,2305.705188,2,7.539934301,2,25,1236.67,2,20
33H320240201,A13.5,33,1,20,330120,11122,2,20240220, 0953,-12.00089,0.86387,5757.548,166.698,2,12.1336,2,35.1811,2,71.58098809896941,2,35.1868,2,73.426,2,1.814,2,10,2,28,2,0.01,2,-999,5,-999,5,-999,5,-999,5,2230.076692,2,2307.401822,2,7.559083408,2,25,1167.38,2,20
33H320240201,A13.5,33,1,21,330121,11120,2,20240220, 0953,-12.00088,0.86382,5757.548,164.244,2,12.1528,2,35.1832,2,71.62463140885666,2,35.1899,2,72.256,2,1.812,2,10.1,2,27.9,2,0.01,2,1.00339,3,0.91339,2,2.45402,2,26.22911,2,2230.45753,2,2323.380119,2,7.563146122,2,25,1169.04,2,20
33H320240201,A13.5,33,1,22,330122,11026,2,20240220, 0953,-12.001,0.86355,5757.548,75.625,2,15.2015,2,35.5585,2,68.08056589813653,2,35.5386,2,66.415,2,1.605,2,6.5,2,24,2,0.47,2,1.42721,3,1.06205,2,2.72622,2,25.15386,2,2230.271392,2,2325.196515,2,7.606473201,2,25,1050.75,2,20
33H320240201,A13.5,33,1,23,330123,11102,2,20240220, 0953,-12.00124,0.86346,5757.548,31.457,2,24.882,2,36.3364,2,218.20622851153203,2,36.3513,2,220.141,2,0.153,2,0.5,2,0,2,0,2,2.17692,3,0.89191,2,2.04183,2,5.83436,2,2083.981837,6,2385.506851,2,8.023790554,6,25,346.66,2,20
33H320240201,A13.5,33,1,24,330124,11023,2,20240220, 0953,-12.0014,0.86332,5757.548,3.256,2,26.9714,2,36.5657,2,198.37561539785548,2,36.5678,2,200.647,2,0.165,2,0.6,2,0.1,2,0,2,1.49353,3,0.55033,2,0.98521,2,1.96817,2,2094.778931,2,2399.54899,2,8.023859187,2,25,345.61,2,20
33H320240201,A13.5,34,1,1,340101,11113,2,20240220,1712,-12.49964,0.89661,5642.78,5621.07,2,2.4489,2,34.8616,2,219.8404949343255,2,34.8823,2,236.897,2,1.609,6,54,6,23.3,6,0,6,0.17992,3,0.03472,2,0.04649,2,12.32199,2,2210.812168,6,2354.558257,2,7.713519788,2,25,806.76,2,20
33H320240201,A13.5,34,1,2,340102,11067,2,20240220,1712,-12.49948,0.8953,5642.78,5100.989,2,2.3994,2,34.8652,2,216.21084024734503,2,34.8781,2,235.015,2,1.612,6,54.3,6,23.2,6,0,6,0,3,0.01544,2,0.02727,2,12.12898,2,2212.198747,2,2356.384634,2,7.712877615,2,25,804.51,2,20
33H320240201,A13.5,34,1,3,340103,11052,2,20240220,1712,-12.50024,0.89539,5642.78,4450.787,2,2.365,2,34.8714,2,213.6021595375678,2,34.8859,2,262.128,2,1.629,6,53.6,6,23.4,6,0,6,0,3,0.00911,2,0.01064,2,11.75248,2,2213.084633,2,2357.262891,2,7.70842743,2,25,805.27,2,20
33H320240201,A13.5,34,1,4,340104,11118,2,20240220,1712,-12.50022,0.89491,5642.78,4050.356,2,2.3505,2,34.8739,2,212.6282034392306,2,34.8832,2,230.463,2,1.631,6,53.3,6,23.4,6,0,6,0,3,0.00766,2,0.00788,2,11.66025,2,2213.084483,2,2355.985426,2,7.708938685,2,25,807.65,2,20
33H320240201,A13.5,34,1,5,340105,11136,2,20240220,1712,-12.50016,0.89496,5642.78,3674.009,2,2.3808,2,34.8773,2,212.57168515525223,2,34.8927,6,229.996,2,1.623,2,52,2,23.5,2,0,2,0.13718,3,0.0083,2,0.01893,2,11.56346,2,2208.755753,2,2351.364594,2,7.706958737,2,25,811.24,2,20
33H320240201,A13.5,34,1,6,340106,11027,2,20240220,1712,-12.50088,0.89504,5642.78,3300.39,2,2.4906,2,34.8831,2,213.78927835310745,2,34.8915,2,230.011,2,1.621,2,49,2,23.3,2,0,2,0,3,0.00637,2,0.00914,2,11.82068,2,2204.888169,2,2343.879446,2,7.70062838,2,25,811.78,2,20
33H320240201,A13.5,34,1,7,340107,-999,2,20240220,1712,-12.501,0.89472,5642.78,3001.951,2,2.6203,2,34.8895,2,216.64092665102575,2,-999,9,235.02,2,1.598,2,44.8,2,23,2,0,2,-999,5,-999,5,-999,5,-999,5,2198.470822,2,2336.993109,2,7.706339784,2,25,804.98,2,20
33H320240201,A13.5,34,1,8,340108,11004,2,20240220,1712,-12.50076,0.8944,5642.78,2699.768,2,2.8024,2,34.8998,2,217.12925649234495,2,34.9118,2,232.673,2,1.574,2,40.4,2,22.7,2,0,2,0,3,0.003125,6,0.007225,6,12.752335,6,2193.041763,2,2333.869307,2,7.705220931,6,25,804.75,2,20
33H320240201,A13.5,34,1,9,340109,11082,2,20240220,1712,-12.50076,0.89402,5642.78,2401.387,2,3.0098,2,34.9074,2,218.4051093836433,2,34.9168,2,232.605,2,1.56,2,35.9,2,22.5,2,0,2,-999,5,-999,5,-999,5,-999,5,2189.669439,2,2329.318337,2,7.702900811,2,25,803.445,6,20
33H320240201,A13.5,34,1,10,340110,11115,2,20240220,1712,-12.5011,0.8941,5642.78,2099.204,2,3.2693,2,34.915,2,214.09419843094707,2,34.9306,2,226.549,2,1.574,2,31.7,2,22.7,2,0,2,-999,5,-999,5,-999,5,-999,5,2184.399776,2,2324.717465,2,7.698577227,2,25,817.62,2,20
33H320240201,A13.5,34,1,11,340111,11008,2,20240220,1712,-12.50094,0.89388,5642.78,1800.816,2,3.5642,2,34.9097,2,206.7182832843548,2,34.9188,2,217.162,2,1.635,6,28.4,6,23.5,6,0.01,6,-999,5,-999,5,-999,5,-999,5,2187.998623,2,2319.857109,2,7.683250146,2,25,847.57,2,20
33H320240201,A13.5,34,1,12,340112,-999,2,20240220,1712,-12.5011,0.89406,5642.78,1501.362,2,3.8408,2,34.8609,2,190.0139723104619,2,34.8707,2,200.885,2,1.794,2,28.2,2,25.8,2,0,2,-999,5,-999,5,-999,5,-999,5,2197.043436,6,2329.298376,2,7.646964899,2,25,922.65,2,20
33H320240201,A13.5,34,1,13,340113,11058,2,20240220,1712,-12.50078,0.89404,5642.78,1252.244,2,3.9184,2,34.7147,2,160.70021547269815,2,34.7297,2,166.537,2,2.15,2,34.3,2,30.9,2,0,2,0.23513,3,0.0064,2,0.01234,2,17.30221,2,2216.62749,2,2313.290139,2,7.585859516,2,25,1093.21,2,20
33H320240201,A13.5,34,1,14,340114,11124,2,20240220,1712,-12.50088,0.8939,5642.78,951.274,2,4.3705,2,34.5189,2,134.5584759037697,2,34.5492,2,137.598,2,2.466,2,35.1,2,35.8,2,0.01,2,0,3,0.04188,2,0.07072,2,21.73451,2,2230.265407,2,2301.154218,2,7.524318275,2,25,1275.09,2,20
33H320240201,A13.5,34,1,15,340115,11081,2,20240220,1712,-12.50092,0.894,5642.78,751.165,2,5.3721,2,34.5118,2,92.87243739040441,2,34.5248,2,94.7595,2,2.653,6,29.5,6,39.4,6,0,6,0.22442,3,0.09069,2,0.15737,2,26.07607,2,2246.138972,2,2293.968475,2,7.452395658,2,25,1517.74,2,20
33H320240201,A13.5,34,1,16,340116,11126,2,20240220,1712,-12.5007,0.89388,5642.78,559.658,2,7.4217,2,34.6674,2,44.78186526545425,2,34.6732,2,44.772,2,2.655,2,21.8,2,40.5,2,0.01,2,0.23386,3,0.24993,2,0.45772,2,32.13831,2,2260.544278,2,2289.826693,2,7.400214034,2,25,1753.01,2,20
33H320240201,A13.5,34,1,17,340117,11020,2,20240220,1712,-12.50057,0.89384,5642.78,440.717,2,8.8516,2,34.8011,2,40.077130061728894,2,34.8073,2,39.945,2,2.42,2,17.5,2,37.7,2,0.01,2,0.53681,3,0.51727,2,0.87695,2,34.51479,2,2257.217731,2,2295.675089,2,7.423281567,2,25,1659.16,2,20
33H320240201,A13.5,34,1,18,340118,11128,2,20240220,1712,-12.50058,0.89388,5642.78,330.848,2,10.1596,2,34.9398,2,51.236827058247144,2,34.9402,2,54.072,2,2.162,2,14,2,33.8,2,0.01,2,0.47549,3,0.84319,2,1.24848,2,34.81154,2,2243.933829,2,2300.066376,2,7.476148222,2,25,1453.82,2,20
33H320240201,A13.5,34,1,19,340119,11031,2,20240220,1712,-12.50056,0.89392,5642.78,261.949,2,10.7754,2,35.0121,2,61.012360708477715,2,35.0267,6,61.078,2,2.016,2,12.6,2,31.5,2,0.01,2,0.92578,3,1.00835,2,1.93909,2,33.28392,2,2234.750583,2,2304.258059,2,7.509217063,2,25,1334.79,2,20
33H320240201,A13.5,34,1,20,340120,11122,2,20240220,1712,-12.50065,0.89395,5642.78,201.378,2,11.6454,2,35.1173,2,75.27951660847141,2,35.1267,2,75.106,2,1.843,2,10.7,2,28.3,2,0,2,1.00814,3,1.18963,2,1.8068,2,31.27612,2,2225.534644,2,2306.633347,2,7.55618167,2,25,1190.16,2,20
33H320240201,A13.5,34,1,21,340121,11120,2,20240220,1712,-12.50071,0.89392,5642.78,139.856,2,12.838,2,35.263,2,69.57208543438252,2,35.2687,2,70.14,2,1.757,2,9.3,2,26.9,2,0.01,2,1.12991,3,1.18422,2,2.48737,2,30.25547,2,2225.552451,2,2314.038653,2,7.587176196,2,25,1146.44,2,20
33H320240201,A13.5,34,1,22,340122,11026,2,20240220,1712,-12.50064,0.89386,5642.78,80.363,2,15.1847,2,35.5597,2,67.02289345714311,2,35.555,2,66.985,2,1.599,2,6.5,2,23.9,2,0.42,2,-999,5,-999,5,-999,5,-999,5,2224.532545,2,2327.102733,2,7.604514856,2,25,1051.85,2,20
33H320240201,A13.5,34,1,23,340123,11102,2,20240220,1712,-12.50068,0.89383,5642.78,50.416,2,20.7838,2,36.1722,2,227.0442336024348,2,36.1936,2,228.683,2,0.247,2,1.6,2,0,2,0.01,2,2.1214,3,1.341,2,2.54769,2,14.14592,2,2094.582798,6,2378.959842,6,7.985315292,2,25,394.11,2,20
33H320240201,A13.5,34,1,24,340124,11023,2,20240220,1712,-12.50085,0.89362,5642.78,2.625,2,26.6333,2,36.532,2,200.6405917466712,2,36.5339,2,202.869,2,0.129,2,0.5,2,0,2,0,2,1.93953,3,0.96251,2,1.63917,2,5.7493,2,2088.122265,2,2398.231604,2,8.025298437,6,25,345.885,6,20
33H320240201,A13.5,35,1,1,350101,11113,2,20240221, 0012,-12.99828,0.92774,5613.639,5596.259,2,2.4483,2,34.8621,2,219.9142651174201,2,34.8727,2,236.738,2,1.612,6,53.9,6,23.1,6,0,6,0,3,0.03004,2,0.03942,2,13.8661,2,2215.990322,6,2352.332673,2,7.710110184,2,25,799.21,2,20
33H320240201,A13.5,35,1,2,350102,11067,2,20240221, 0012,-12.9987,0.92676,5613.639,4898.919,2,2.3885,2,34.8671,2,215.39779907769008,2,34.8765,2,233.295,2,1.614,6,53.9,6,23.1,6,0,6,0.1573,3,0.01022,2,0.0209,2,13.56767,2,2217.880281,2,2355.246891,2,7.71074451,2,25,802.11,2,20
33H320240201,A13.5,35,1,3,350103,11052,2,20240221, 0012,-12.99906,0.92651,5613.639,4300.813,2,2.3628,2,34.8729,2,213.29771904986438,2,34.8841,2,232.175,2,1.616,6,53.3,6,23.2,6,0,6,0,3,0.00297,2,0,2,12.71052,2,2215.729802,2,2355.865663,2,7.712612211,2,25,802.5,2,20
33H320240201,A13.5,35,1,4,350104,11118,2,20240221, 0012,-12.99902,0.92617,5613.639,3900.932,2,2.3511,2,34.875,2,213.2493700397781,2,34.905,2,230.632,2,1.623,6,52.9,6,23.2,6,0,6,0,3,0,2,0,2,12.01296,2,2216.857567,2,2354.518337,2,7.708594238,2,25,805.14,2,20
33H320240201,A13.5,35,1,5,350105,11136,2,20240221, 0012,-12.99902,0.92593,5613.639,3549.267,2,2.3987,2,34.879,2,210.32533938421324,2,34.8893,2,228.162,2,1.645,2,52.6,2,23.5,2,0,2,0.48766,3,0,2,0.01352,2,10.4201,2,2217.98221,2,2352.991366,2,7.70402174,2,25,815.14,2,20
33H320240201,A13.5,35,1,6,350106,11027,2,20240221, 0012,-12.9991,0.92566,5613.639,3201.388,2,2.5204,2,34.8845,2,210.84363542744344,2,34.8934,2,227.253,2,1.649,2,49.2,2,23.3,2,0,2,-999,5,-999,5,-999,5,-999,5,2211.235553,2,2346.474297,2,7.699317262,2,25,821.825,6,20
33H320240201,A13.5,35,1,7,350107,-999,2,20240221, 0012,-12.99928,0.92524,5613.639,2900.833,2,2.6759,2,34.8929,2,215.38565816452348,2,34.9112,6,232.881,2,1.607,2,43.7,2,22.9,2,0,2,-999,5,-999,5,-999,5,-999,5,2202.817015,2,2337.472158,2,7.705818021,2,25,809.24,2,20
33H320240201,A13.5,35,1,8,350108,11004,2,20240221, 0012,-12.99934,0.9251,5613.639,2601.505,2,2.8375,2,34.9004,2,216.48674749632494,2,34.9095,2,231.354,2,1.587,2,39.7,2,22.6,2,0,2,-999,5,-999,5,-999,5,-999,5,2197.364461,2,2333.03097,2,7.704382832,2,25,807.64,2,20
33H320240201,A13.5,35,1,9,350109,11082,2,20240221, 0012,-12.99945,0.92476,5613.639,2300.231,2,3.0591,2,34.9096,2,215.14683139946789,2,34.9287,2,228.591,2,1.582,2,35.4,2,22.6,2,0,2,-999,5,-999,5,-999,5,-999,5,2194.784494,2,2328.030891,2,7.704457177,2,25,812.78,2,20
33H320240201,A13.5,35,1,10,350110,11115,2,20240221, 0012,-12.99974,0.92412,5613.639,2000.874,2,3.3479,2,34.9144,2,208.82506143985535,2,34.9484,2,222.284,4,1.619,2,31.5,2,23,2,0,2,0,3,0.00377,2,0.00492,2,14.82695,2,2194.377154,2,2325.426059,2,7.687693236,2,25,839.13,2,20
33H320240201,A13.5,35,1,11,350111,11008,2,20240221, 0012,-12.99986,0.92437,5613.639,1701.378,2,3.6382,2,34.9002,2,201.31991029378085,2,34.9248,2,210.22,2,1.689,2,28.5,2,24,2,0.01,2,0.11753,3,0.00942,2,0.00529,2,15.4044,2,2196.295297,2,2320.056713,6,7.672098292,6,25,871.28,2,20
33H320240201,A13.5,35,1,12,350112,-999,2,20240221, 0012,-12.99984,0.92447,5613.639,1401.285,2,3.7969,2,34.8112,2,181.51136573047702,2,34.8207,2,189.026,2,1.914,2,31.2,2,27.3,2,0.01,2,0,3,0.01035,2,0.01214,2,16.95569,2,2209.437059,6,2325.296317,2,7.630359932,2,25,970.85,2,20
33H320240201,A13.5,35,1,13,350113,11058,2,20240221, 0012,-13.00004,0.92402,5613.639,1152.457,2,3.987,2,34.6405,2,152.9608128279152,2,34.6469,2,156.965,2,2.285,2,35.9,2,32.5,2,0,2,0.39166,3,0.01349,2,0.01378,2,19.5176,2,2229.574898,2,2311.643406,2,7.563754343,2,25,1148.34,2,20
33H320240201,A13.5,35,1,14,350114,11124,2,20240221, 0012,-13.00032,0.92384,5613.639,900.565,2,4.6787,2,34.4949,2,121.43665207829979,2,34.5308,2,124.325,6,2.559,2,33.4,2,37,2,0.01,2,0.15657,3,0.06028,2,0.09637,2,23.55918,2,2239.826848,2,2301.144238,2,7.499106224,2,25,1353.97,2,20
33H320240201,A13.5,35,1,15,350115,11081,2,20240221, 0012,-13.00023,0.92372,5613.639,680.472,2,6.305,2,34.5737,2,65.22196258323973,2,34.5767,2,65.221,2,2.7,2,25.5,2,40.6,2,0.01,2,0.21772,3,0.14612,2,0.26306,2,28.68173,2,2259.006276,2,2291.772832,2,7.41597533,2,25,1679.15,2,20
33H320240201,A13.5,35,1,16,350116,11126,2,20240221, 0012,-13.00038,0.92366,5613.639,518.859,2,7.9991,2,34.7183,2,41.18771137681373,2,34.7349,2,40.701,2,2.566,2,20,2,39.3,2,0,2,0.33886,3,0.34922,2,0.62363,2,33.3091,2,2262.569739,2,2292.790812,2,7.404547204,2,25,1734.57,2,20
33H320240201,A13.5,35,1,17,350117,11020,2,20240221, 0012,-13.00048,0.92357,5613.639,399.904,2,9.428,2,34.8631,2,31.69432382006663,2,34.8676,2,31.138,2,2.393,2,16.4,2,37.1,2,0.01,2,0.42908,3,0.577625,6,1.06486,6,36.386235,6,2265.060466,2,2297.132198,2,7.41826118,2,25,1678.88,2,20
33H320240201,A13.5,35,1,18,350118,11128,2,20240221, 0012,-13.0006,0.92336,5613.639,300.07,2,10.5921,2,34.9923,2,39.80002390627964,2,35.0299,2,40.972,2,2.167,2,13.7,2,33.8,2,0.01,2,0.57862,3,0.86575,2,1.30036,2,35.45509,2,2254.428751,2,2303.28998,2,7.46051918,2,25,1503.99,2,20
33H320240201,A13.5,35,1,19,350119,11031,2,20240221, 0012,-13.00086,0.9232,5613.639,241.151,2,11.2535,2,35.0703,2,46.631022300473944,2,35.0741,2,47.127,2,2.051,2,12.4,2,31.7,2,0.01,2,-999,5,-999,5,-999,5,-999,5,2249.320169,2,2305.475644,2,7.491439103,2,25,1400.57,2,20
33H320240201,A13.5,35,1,20,350120,11122,2,20240221, 0012,-13.00096,0.92297,5613.639,182,2,12.1657,2,35.1805,2,67.77531710559057,2,35.184,2,68.45,2,1.858,2,10.4,2,27.9,2,0.02,2,-999,5,-999,5,-999,5,-999,5,2232.41853,2,2312.491723,2,7.552920275,2,25,1196.32,6,20
33H320240201,A13.5,35,1,21,350121,11120,2,20240221, 0012,-13.00096,0.92266,5613.639,121.208,2,13.3127,2,35.324,2,65.02055863069636,2,35.327,2,65.547,2,1.747,2,8.8,2,26.5,2,0.02,2,-999,5,-999,5,-999,5,-999,5,2232.907542,2,2318.459881,2,7.570882336,6,25,1147.27,2,20
33H320240201,A13.5,35,1,22,350122,11026,2,20240221, 0012,-13.00106,0.92251,5613.639,70.96,2,15.9912,2,35.6538,2,88.42330008110495,2,35.6772,2,95.064,2,1.384,2,5.4,2,19.7,2,0.31,2,1.45034,3,1.45694,2,2.23114,2,27.86218,2,2209.719282,6,2339.438257,2,7.679785026,2,25,871.38,2,20
33H320240201,A13.5,35,1,23,350123,11102,2,20240221, 0012,-13.00125,0.92244,5613.639,40.298,2,21.4139,2,36.0642,2,249.3046249256629,2,36.0833,2,252.019,2,0.228,2,1.6,2,0,2,0.01,2,1.87203,3,1.39848,2,1.99057,2,16.2092,2,2085.631091,2,2373.540594,2,7.996390332,2,25,368.18,2,20
33H320240201,A13.5,35,1,24,350124,11023,2,20240221, 0012,-13.00157,0.92242,5613.639,3.377,2,26.5196,2,36.5561,2,200.1851072254926,2,36.5601,6,202.594,3,0.132,2,0.4,2,0,2,0,2,1.78646,3,0.97986,2,1.4313,2,5.51839,2,2096.574923,2,2402.353426,2,8.021514781,2,25,348.09,2,20
33H320240201,A13.5,36,1,1,360101,11113,2,20240221, 0721,-13.49831,0.94346,5675.588,5655.388,2,2.4665,2,34.8634,2,218.8194100923204,2,34.8766,2,235.151,2,1.596,6,54.5,6,23.2,6,0,6,-999,5,0.25983,2,0.14878,2,15.95969,2,2214.569367,6,2357.602218,2,7.710108457,2,25,798.52,2,20
33H320240201,A13.5,36,1,2,360102,11067,2,20240221, 0721,-13.49859,0.94315,5675.588,4901.363,2,2.3875,2,34.8668,2,215.38914148878976,2,34.8786,2,234.131,2,1.612,6,54.1,6,23.1,6,0,6,0,3,0.01548,2,0.0224,2,15.05526,2,2213.606265,2,2357.128158,6,7.713172954,6,25,802.62,2,20
33H320240201,A13.5,36,1,3,360103,11052,2,20240221, 0721,-13.49854,0.94291,5675.588,4149.761,2,2.3534,2,34.8737,2,213.4060471651238,2,34.8877,6,231.135,2,1.621,6,53.3,6,23.3,6,0,6,0.1588,3,0.00683,2,0.00832,2,14.55862,2,2212.432021,2,2356.743921,2,7.710394007,2,25,804.13,2,20
33H320240201,A13.5,36,1,4,360104,11118,2,20240221, 0721,-13.49825,0.94283,5675.588,3684.523,2,2.3691,2,34.8777,2,211.75020530297945,2,34.8974,2,229.166,2,1.631,6,52.8,6,23.4,6,0,6,0.11201,3,0.00319,2,0.00484,2,13.8868,2,2213.201448,2,2355.945505,2,7.709019356,2,25,808.83,2,20
33H320240201,A13.5,36,1,5,360105,11136,2,20240221, 0721,-13.49812,0.94289,5675.588,3426.431,2,2.4241,2,34.8802,2,209.06552629897672,2,34.8914,2,225.353,2,1.654,2,52.5,2,23.6,2,0,2,0.18346,3,0.00317,2,0.00499,2,13.85192,2,2214.396453,2,2353.370614,2,7.701242028,2,25,822.225,6,20
33H320240201,A13.5,36,1,6,360106,11027,2,20240221, 0721,-13.49816,0.94309,5675.588,3102.725,2,2.5533,2,34.8876,2,211.2478020816155,2,34.8957,2,227.11,2,1.628,2,48.2,2,23.4,2,0,2,0.12637,3,0.0022,2,0.00449,2,13.74168,2,2204.686389,2,2346.284673,2,7.701449824,2,25,822.16,2,20
33H320240201,A13.5,36,1,7,360107,-999,2,20240221, 0721,-13.49827,0.94345,5675.588,2801.183,2,2.7098,2,34.8948,2,215.34686420987094,2,34.9044,2,231.539,2,1.595,2,43.2,2,23,2,0,2,0.23556,3,0.00408,2,0.0144,2,12.62158,2,2197.418041,2,2337.991129,2,7.702700511,2,25,810.37,2,20
33H320240201,A13.5,36,1,8,360108,11004,2,20240221, 0721,-13.49863,0.94305,5675.588,2500.521,2,2.9048,2,34.9028,2,216.00097766349884,2,34.9167,2,230.391,2,1.578,2,38.5,2,22.8,2,0,2,0,3,0.00339,2,0.00536,2,13.58146,2,2192.810889,2,2333.480079,2,7.703730449,2,25,809.79,2,20
33H320240201,A13.5,36,1,9,360109,11082,2,20240221, 0721,-13.4986,0.94302,5675.588,2201.794,2,3.183,2,34.912,2,212.8893589881428,2,34.8924,2,225.923,2,1.577,2,33.6,2,22.8,2,0,2,0,3,0.00357,2,0.00638,2,13.75663,2,2189.921174,2,2326.124673,2,7.695948447,2,25,821.44,2,20
33H320240201,A13.5,36,1,10,360110,11115,2,20240221, 0721,-13.499,0.94301,5675.588,1899.771,2,3.4823,2,34.9097,2,206.49938584374556,2,34.9274,2,217.707,2,1.613,2,29.9,2,23.5,2,0,2,0,3,0.00659,2,0.00876,2,13.95618,2,2191.446356,2,2321.513822,2,7.683430698,2,25,847.18,2,20
33H320240201,A13.5,36,1,11,360111,11008,2,20240221, 0721,-13.4992,0.94233,5675.588,1600.384,2,3.7489,2,34.875,2,194.58170331227998,2,34.8888,2,203.57,2,1.741,2,28.7,2,25.1,2,0,2,0.20759,3,0.00817,2,0.01181,2,14.94131,2,2196.692714,2,2318.300198,2,7.659571106,2,25,902.65,2,20
33H320240201,A13.5,36,1,12,360112,-999,2,20240221, 0721,-13.499,0.94206,5675.588,1301.382,2,3.8639,2,34.731,2,168.350804,2,34.7383,2,175.306,2,2.08,2,34.1,2,29.8,2,0,2,0.12296,3,0.01357,2,0.01173,2,17.62284,2,2213.830942,2,2315.286178,2,7.599929202,2,25,1050.93,2,20
33H320240201,A13.5,36,1,13,360113,11058,2,20240221, 0721,-13.49903,0.94212,5675.588,1049.899,2,4.1042,2,34.5649,2,143.56517444504476,2,34.5708,2,147.541,6,2.39,2,36.7,2,34.4,2,0,2,0,3,0.0252,2,0.0306,2,19.15552,2,2229.697888,2,2307.102416,2,7.540628212,2,25,1219.59,2,20
33H320240201,A13.5,36,1,14,360114,11124,2,20240221, 0721,-13.49924,0.94198,5675.588,811.202,2,4.9507,2,34.4851,2,122.31070033309669,2,34.4898,6,124.716,2,2.506,2,31.2,2,36.8,2,0,2,-999,5,-999,5,-999,5,-999,5,2232.579935,6,2296.673109,2,7.502688304,2,25,1339.58,2,20
33H320240201,A13.5,36,1,15,360115,11081,2,20240221, 0721,-13.49933,0.94154,5675.588,619.686,2,6.5696,2,34.5823,2,78.32415657,2,34.5883,2,79.612,2,2.538,2,23.7,2,38.5,2,0.01,2,0.38014,3,0.27279,2,0.42625,2,24.57388,2,2244.219071,2,2291.782812,2,7.447804688,2,25,1542.54,2,20
33H320240201,A13.5,36,1,16,360116,11126,2,20240221, 0721,-13.49956,0.94138,5675.588,481.685,2,8.2613,2,34.7413,2,38.98390911,2,34.7502,2,38.026,2,2.518,2,19.4,2,39,2,0,2,0.22061,3,0.42959,2,0.58814,2,32.10473,2,2259.965123,2,2293.649109,2,7.403703074,2,25,1731.25,2,20
33H320240201,A13.5,36,1,17,360117,11020,2,20240221, 0721,-13.49974,0.94112,5675.588,360.161,2,9.7892,2,34.8997,2,43.45492149142177,2,34.9023,2,43.401,2,2.259,2,15.4,2,35.3,2,0,2,-999,5,-999,5,-999,5,-999,5,2251.650438,2,2298.938614,2,7.448954911,6,25,1545.55,2,20
33H320240201,A13.5,36,1,18,360118,11128,2,20240221, 0721,-13.49987,0.9409,5675.588,280.497,2,10.5271,2,34.9837,2,51.33835497,2,34.9937,2,52.248,2,2.096,2,13.5,2,32.9,2,0.01,2,0.67122,3,0.98398,2,1.68374,2,32.3167,2,2243.195862,2,2302.321901,2,7.481621984,2,25,1418.58,2,20
33H320240201,A13.5,36,1,19,360119,11031,2,20240221, 0721,-13.50004,0.94082,5675.588,220.989,2,11.3356,2,35.0792,2,64.95599903780342,2,35.0793,2,63.919,2,1.927,2,11.6,2,30,2,0.01,2,0.87698,3,1.08656,2,1.68995,2,28.24177,2,2231.535349,2,2305.984634,2,7.528498021,2,25,1276.95,2,20
33H320240201,A13.5,36,1,20,360120,11122,2,20240221, 0721,-13.50012,0.9408,5675.588,160.636,2,12.2172,2,35.1872,2,56.961805955285875,2,35.1929,2,57.589,2,1.881,2,10.5,2,29,2,0.01,2,-999,5,-999,5,-999,5,-999,5,2234.291023,2,2310.615446,2,7.53232389,2,25,1263.795,6,20
33H320240201,A13.5,36,1,21,360121,11120,3,20240221, 0721,-13.50018,0.94081,5675.588,100.657,2,13.7582,2,35.3894,2,64.30099825012685,2,-999,9,-999,9,-999,9,-999,9,-999,9,-999,9,1.40198,3,1.46744,2,2.09516,2,30.87984,2,-999,9,-999,9,-999,9,25,-999,9,20
33H320240201,A13.5,36,1,22,360122,11026,2,20240221, 0721,-13.50043,0.94073,5675.588,61.269,2,17.597,2,35.8588,2,133.9108876,2,35.8834,2,139.176,2,0.985,2,3.8,2,13,2,0.21,2,1.85663,3,1.29063,2,2.28105,2,23.446,2,2172.127553,2,2353.250851,2,7.795527434,2,25,651.51,2,20
33H320240201,A13.5,36,1,23,360123,11102,2,20240221, 0721,-13.50058,0.94058,5675.588,30.319,2,26.1791,2,36.5352,2,200.98259502018163,2,36.5366,2,203.604,2,0.134,2,0.6,2,0,2,0,2,2.04628,3,0.99811,2,1.4069,2,6.88025,2,2089.211396,6,2399.459168,2,8.023911472,2,25,352.6,2,20
33H320240201,A13.5,36,1,24,360124,11023,2,20240221, 0721,-13.50082,0.94044,5675.588,3.698,2,26.1959,2,36.5402,2,200.78665917526547,2,36.5424,2,203.686,2,0.124,2,0.4,2,0,2,0,2,1.775975,3,0.99855,6,1.661125,6,6.28849,6,2087.785278,2,2399.339406,2,8.026507642,2,25,346.72,2,20
33H320240201,A13.5,37,1,1,370101,11113,2,20240221,1427,-13.99896,0.96066,5683.924,5665.964,2,2.4676,2,34.8634,2,218.6456260273193,2,34.8761,2,236.206,2,1.617,6,54.4,6,23.4,6,0,6,0,3,0.02535,2,0.04752,2,13.87549,2,2218.69812,2,2354.488396,2,7.710792125,2,25,797.26,2,20
33H320240201,A13.5,37,1,2,370102,11067,2,20240221,1427,-13.9993,0.95991,5683.924,5049.33,2,2.4003,2,34.8661,2,216.22808512019367,2,34.8818,2,235.312,2,1.622,6,54.1,6,23.3,6,0,6,0,3,0.02034,2,0.03045,2,13.86476,2,2216.651101,6,2355.526337,2,7.711522431,2,25,800.37,2,20
33H320240201,A13.5,37,1,3,370103,11052,2,20240221,1427,-13.99976,0.95994,5683.924,4447.721,2,2.3689,2,34.871,2,213.7630611629581,2,34.8823,2,230.654,2,1.63,6,53.6,6,23.4,6,0.01,6,0,3,0.01272,2,0.02286,2,15.42727,2,2217.173658,2,2355.895604,2,7.709071092,2,25,804.29,6,20
33H320240201,A13.5,37,1,4,370104,11118,2,20240221,1427,-13.99951,0.95915,5683.924,4050.19,2,2.3597,2,34.8743,2,213.04107553184258,2,34.8873,6,231.192,6,1.634,6,53.2,6,23.4,6,0.01,6,0.105695,3,0.005155,6,0.010805,6,14.687115,6,2216.601231,2,2355.825743,2,7.710136747,2,25,804.25,2,20
33H320240201,A13.5,37,1,5,370105,11136,3,20240221,1427,-13.99844,0.95798,5683.924,3676.863,2,2.384,2,34.8777,2,211.68963490457855,2,34.8895,2,229.096,2,1.639,2,52.4,2,23.5,2,0.01,2,0,3,0.00449,2,0.00548,2,13.45634,2,2217.578955,2,2353.66004,2,7.706872139,2,25,809.39,2,20
33H320240201,A13.5,37,1,6,370106,11027,2,20240221,1427,-13.9993,0.95775,5683.924,3300.636,2,2.4928,2,34.8833,2,209.30519731698408,2,34.8941,2,226.676,2,1.659,2,50.1,2,23.6,2,0.01,2,0,3,0.00192,2,0.005,2,13.12419,2,2215.197257,2,2348.999287,2,7.700889551,2,25,824.6,2,20
33H320240201,A13.5,37,1,7,370107,-999,2,20240221,1427,-13.99938,0.95744,5683.924,3001.14,2,2.6236,2,34.8904,2,212.63033660763125,2,34.904,2,229.427,2,1.628,2,45.7,2,23.3,2,0.01,2,0.23587,3,0,2,0.00492,2,11.94716,2,2206.628249,2,2340.875406,2,7.70009542,2,25,818.02,2,20
33H320240201,A13.5,37,1,8,370108,11004,2,20240221,1427,-13.9995,0.95714,5683.924,2699.872,2,2.7898,2,34.8967,2,216.7602057962607,2,34.907,2,231.719,2,1.585,2,40.8,2,22.9,2,0,2,0,3,0.00368,2,0.00131,2,11.30269,2,2198.357923,2,2333.779485,2,7.701916171,2,25,806.2,2,20
33H320240201,A13.5,37,1,9,370109,11082,2,20240221,1427,-13.99974,0.95699,5683.924,2402.568,2,3.0147,2,34.9063,2,215.8678159529682,2,34.9155,2,232.762,2,1.573,2,36.3,2,22.7,2,0,2,0.46268,3,0.00722,2,0.01155,2,13.0762,2,2196.503709,2,2327.801347,2,7.703062749,2,25,809.75,2,20
33H320240201,A13.5,37,1,10,370110,11115,2,20240221,1427,-13.99992,0.9565,5683.924,2101.49,2,3.2533,2,34.9111,2,212.59107278744162,2,34.9235,2,225.56,2,1.6,2,32.4,2,23,2,0.01,2,0.12773,3,0.01091,2,0.01447,2,13.57525,2,2193.430666,2,2324.817267,2,7.696609139,2,25,823.31,2,20
33H320240201,A13.5,37,1,11,370111,11008,2,20240221,1427,-14.00076,0.95618,5683.924,1800.162,2,3.5222,2,34.9041,2,207.31800511382932,2,34.915,2,218.404,2,1.647,2,29.2,2,23.7,2,0,2,0.1424,3,0.0077,2,0.01434,2,14.30111,2,2193.341195,2,2319.567683,2,7.681362266,2,25,845.97,2,20
33H320240201,A13.5,37,1,12,370112,-999,2,20240221,1427,-14.0003,0.9555,5683.924,1501.134,2,3.7527,2,34.8415,2,189.51975654674465,2,34.8534,2,198.583,2,1.835,2,30.1,2,26.3,2,0.01,2,0,3,0.0099,2,0.01487,2,14.41954,2,2203.535058,2,2316.154455,2,7.649658254,2,25,928.42,2,20
33H320240201,A13.5,37,1,13,370113,11058,2,20240221,1427,-14.00056,0.95545,5683.924,1249.626,2,3.8516,2,34.7003,2,164.91240685356462,2,34.7099,2,170.501,2,2.155,2,35.3,2,30.8,2,0.01,2,0,3,0.00989,2,0.01061,2,14.99794,2,2221.252396,6,2314.218297,2,7.58967412,2,25,1075.42,2,20
33H320240201,A13.5,37,1,14,370114,11124,2,20240221,1427,-14.00062,0.95468,5683.924,952.485,2,4.3188,2,34.5141,2,137.6794196382097,2,34.5177,2,140.693,2,2.471,6,35.4,6,35.6,6,0,6,0.22491,3,0.06285,2,0.09705,2,21.59377,2,2235.630484,2,2304.078416,2,7.530508826,2,25,1261.82,2,20
33H320240201,A13.5,37,1,15,370115,11081,2,20240221,1427,-14.00116,0.95488,5683.924,751.394,2,5.3527,2,34.5013,2,108.18080430636327,2,34.5065,2,110.172,2,2.567,6,28.9,6,37.8,6,0.01,6,0.57615,3,0.15887,2,0.23211,2,24.09189,2,2243.073273,2,2295.515406,6,7.483824265,2,25,1413.6,2,20
33H320240201,A13.5,37,1,16,370116,11126,2,20240221,1427,-14.00101,0.95458,5683.924,560.342,2,7.1942,2,34.6381,2,63.43496940723961,2,34.6422,2,63.731,2,2.573,2,21.6,2,38.8,2,0.01,2,0.59588,3,0.32667,2,0.48911,2,28.53623,2,2254.445287,2,2291.932515,2,7.43069877,6,25,1607.915,6,20
33H320240201,A13.5,37,1,17,370117,11020,2,20240221,1427,-14.00118,0.95439,5683.924,440.706,2,8.5715,2,34.7723,2,38.15857675791611,2,34.777,6,38.202,2,2.496,2,18.5,2,38.6,2,0.01,2,0.5317,3,0.47829,2,0.68613,2,32.82309,2,2266.145957,2,2294.766891,2,7.409237043,2,25,1708.06,2,20
33H320240201,A13.5,37,1,18,370118,11128,2,20240221,1427,-14.00148,0.9544,5683.924,329.675,2,9.8207,2,34.9032,2,45.71650200295149,2,34.9064,2,49.012,2,2.26,2,15,2,35,2,0.01,2,0.59976,3,0.77445,2,1.25966,2,32.20403,2,2254.4895,2,2298.75897,2,7.457101065,2,25,1521.8,2,20
33H320240201,A13.5,37,1,19,370119,11031,2,20240221,1427,-14.00201,0.95472,5683.924,260.545,2,10.7239,2,35.0077,2,53.83566751839437,2,35.0117,2,53.34,2,2.1,2,13,2,32.4,2,0.01,2,-999,5,-999,5,-999,5,-999,5,2246.992046,2,2302.102337,2,7.49252995,2,25,1392.48,2,20
33H320240201,A13.5,37,1,20,370120,11122,2,20240221,1427,-14.00258,0.955,5683.924,200.895,2,11.543,2,35.1073,2,57.353940753674486,2,35.115,2,57.678,2,1.977,2,11.3,2,30.4,2,0.01,2,-999,5,-999,5,-999,5,-999,5,2242.288595,2,2308.379881,2,7.519034865,2,25,1308.8,2,20
33H320240201,A13.5,37,1,21,370121,11120,2,20240221,1427,-14.00238,0.95475,5683.924,140.747,2,13.0461,2,35.2844,2,56.77966533,2,35.2851,2,56.576,2,1.845,2,8.8,2,28.1,2,0.02,2,1.50515,3,1.39231,2,2.02715,2,31.32505,2,2241.634219,2,2313.439842,2,7.535459204,2,25,1250.14,2,20
33H320240201,A13.5,37,1,22,370122,11026,2,20240221,1427,-14.0022,0.95446,5683.924,80,2,18.6912,2,36.0567,2,177.24121932544364,2,36.0599,2,178.591,2,0.681,2,2.8,2,7.5,2,0.14,2,2.08047,3,1.33364,2,1.79363,2,14.23409,2,2149.018798,6,2367.103366,2,7.876909845,2,25,525.02,2,20
33H320240201,A13.5,37,1,23,370123,11102,2,20240221,1427,-14.00222,0.95431,5683.924,51.406,2,22.0703,2,36.3073,2,236.46206241159297,2,36.3169,2,239.292,2,0.132,2,1,2,0,2,0.01,2,1.7449,3,1.25068,2,1.44595,2,7.16633,2,2082.121268,2,2384.578693,6,8.021447968,6,25,347.55,2,20
33H320240201,A13.5,37,1,24,370124,11023,2,20240221,1427,-14.00246,0.95408,5683.924,2.991,2,26.2366,2,36.5708,2,201.12914308497534,2,36.5731,2,203.495,2,0.109,2,0.7,2,0,2,0.01,2,1.97206,3,1.03527,2,1.00708,2,5.19904,2,2094.793733,2,2408.571089,2,8.019161394,2,25,348.27,2,20
33H320240201,A13.5,38,1,1,380101,11113,2,20240221,2155,-14.49891,0.98058,5788.104,5773.984,2,2.4858,2,34.8635,2,218.1810148180546,2,34.8773,2,235.877,2,1.606,6,54.1,6,23.4,6,0,6,0,3,0.01693,2,0.04745,2,15.08692,2,2213.859014,6,2356.105188,2,7.712284232,2,25,797.43,3,20
33H320240201,A13.5,38,1,2,380102,11067,2,20240221,2155,-14.49908,0.9803,5788.104,5001.54,2,2.4052,2,34.8672,2,214.76804454917044,2,34.8832,2,233.727,2,1.615,6,53.7,6,23.3,6,0,6,0,3,0.01185,6,0.025085,6,14.822555,6,2214.455412,2,2355.087208,2,7.708003786,2,25,801.29,3,20
33H320240201,A13.5,38,1,3,380103,11052,2,20240221,2155,-14.49905,0.98014,5788.104,4300.278,2,2.3698,2,34.8724,2,213.05460275963694,2,34.8838,2,231.627,6,1.627,6,52.9,6,23.4,6,0,6,0,3,0.01177,2,0.0081,2,13.9666,2,2213.024239,2,2353.590178,2,7.710566633,2,25,803.2,3,20
33H320240201,A13.5,38,1,4,380104,11118,2,20240221,2155,-14.49932,0.97991,5788.104,3901.869,2,2.3709,2,34.8751,2,212.8412677227704,2,34.8875,2,231.138,2,1.622,6,52.3,6,23.4,6,0,6,0,3,0.00335,2,0.00437,2,14.0977,2,2211.67521,2,2353.719921,2,7.709279845,2,25,805.9,3,20
33H320240201,A13.5,38,1,5,380105,11136,2,20240221,2155,-14.49935,0.97966,5788.104,3551.605,2,2.4051,2,34.8782,2,212.63279328768607,2,34.8892,2,229.823,3,1.626,2,51,2,23.5,2,0,2,0,3,0.00728,2,0.00497,2,13.96648,2,2208.9034,2,2350.456396,2,7.706268581,2,25,804.15,3,20
33H320240201,A13.5,38,1,6,380106,11027,2,20240221,2155,-14.49958,0.97926,5788.104,3201.219,2,2.5089,2,34.884,2,211.99495159272126,2,34.8947,6,228.366,2,1.628,2,48.8,2,23.5,2,0,2,0.18698,3,0.00372,2,0.00345,2,13.85553,2,2205.941886,2,2345.995248,2,7.701498103,2,25,815.61,3,20
33H320240201,A13.5,38,1,7,380107,-999,2,20240221,2155,-14.49946,0.97946,5788.104,2902.479,2,2.6332,2,34.8892,2,213.5257955702264,2,34.9055,2,230.025,2,1.609,2,45.1,2,23.3,2,0,2,0,3,0.00229,2,0.00475,2,13.44616,2,2202.088847,2,2339.034059,2,7.703899788,6,25,814.97,3,20
33H320240201,A13.5,38,1,8,380108,11004,2,20240221,2155,-14.4995,0.97894,5788.104,2600.814,2,2.8259,2,34.8964,2,216.7392169462088,2,34.9056,2,231.791,2,1.581,2,39.6,2,22.9,2,0,2,0.33265,3,0,2,0.00753,2,13.61906,2,2193.569954,2,2333.769505,2,7.703218926,2,25,806.855,3,20
33H320240201,A13.5,38,1,9,380109,11082,2,20240221,2155,-14.49954,0.97898,5788.104,2301.643,2,3.0589,2,34.9048,2,215.98625085359475,2,34.9203,2,230.056,2,1.576,2,34.7,2,22.8,2,0,2,0,3,0.00894,2,0.01321,2,13.98655,2,2189.813586,2,2327.591762,2,7.701035311,2,25,809.13,3,20
33H320240201,A13.5,38,1,10,380110,11115,2,20240221,2155,-14.49952,0.97892,5788.104,2000.389,2,3.3407,2,34.9082,2,211.67643440984344,2,34.917,2,224.279,2,1.593,2,31,2,23.1,2,0,2,0,3,0.01012,2,0.01949,2,17.27259,2,2187.294115,2,2322.222416,2,7.69312963,2,25,826.41,3,20
33H320240201,A13.5,38,1,11,380111,11008,2,20240221,2155,-14.4995,0.97902,5788.104,1700.976,2,3.6019,2,34.8954,2,201.52852874014502,2,34.9114,2,211.784,6,1.686,2,28.9,2,24.2,2,0,2,0.34029,3,0.00699,2,0.00788,2,17.72352,2,2191.940497,2,2316.493782,2,7.678323295,2,25,867.82,3,20
33H320240201,A13.5,38,1,12,380112,-999,2,20240221,2155,-14.49942,0.97917,5788.104,1400.742,2,3.7667,2,34.8085,2,180.3726016087051,2,34.8148,2,187.755,2,1.927,2,31.7,2,27.7,2,0,2,0,3,0.00566,2,0.00584,2,20.61672,2,2207.305446,6,2316.184396,2,7.624693462,2,25,976.37,3,20
33H320240201,A13.5,38,1,13,380113,11058,2,20240221,2155,-14.49946,0.97944,5788.104,1149.341,2,3.8487,2,34.6329,2,156.84964832933125,2,34.6424,2,161.519,2,2.267,2,37.4,2,32.5,2,0,2,0,3,0.02113,2,0.01918,2,22.5263,2,2224.504171,2,2312.741228,2,7.56985703,2,25,1136.53,3,20
33H320240201,A13.5,38,1,14,380114,11124,2,20240221,2155,-14.49899,0.97936,5788.104,900.245,2,4.3607,2,34.4918,2,135.68706509484065,2,34.5,2,138.216,2,2.493,2,35.1,2,36,2,0,2,0,3,0.08603,2,0.06664,2,23.40489,2,2231.942521,2,2303.818931,2,7.524419522,2,25,1279.11,3,20
33H320240201,A13.5,38,1,15,380115,11081,2,20240221,2155,-14.49896,0.97958,5788.104,680.515,2,5.6563,2,34.5102,2,106.26660477505503,2,34.5162,2,107.27,2,2.538,2,26.9,2,37.5,2,0,2,0.51665,3,0.24857,2,0.5085,2,28.61384,2,2236.712256,2,2294.567287,2,7.48027397,2,25,1409.67,3,20
33H320240201,A13.5,38,1,16,380116,11126,2,20240221,2155,-14.49902,0.97933,5788.104,519.536,2,7.3014,2,34.6364,2,79.17649609,2,34.6407,2,79.111,2,2.448,2,20.5,2,36.9,2,0,2,0.72345,3,0.49579,2,0.78417,2,31.52956,2,2240.600883,2,2292.092198,2,7.462009123,2,25,1482.3,3,20
33H320240201,A13.5,38,1,17,380117,11020,2,20240221,2155,-14.49889,0.97938,5788.104,399.671,2,8.826,2,34.7858,2,52.00152111,2,34.7971,2,52.423,2,2.365,2,16.9,2,36.5,2,0,2,0.57592,3,0.68365,2,1.09088,2,36.06997,2,2250.318575,2,2294.677069,6,7.445364259,6,25,1577,3,20
33H320240201,A13.5,38,1,18,380118,11128,2,20240221,2155,-14.49896,0.9796,5788.104,301.585,2,10.372,2,34.9507,2,39.569269427229024,2,34.9596,6,40.198,2,2.222,2,13.7,2,34.4,2,0,2,1.10265,3,0.97124,2,1.08428,2,38.65115,2,2252.307864,2,2307.262099,3,7.446781462,2,25,1556.89,3,20
33H320240201,A13.5,38,1,19,380119,11031,2,20240221,2155,-14.49896,0.97958,5788.104,241.741,2,11.3936,2,35.0694,2,41.44748827441764,2,35.0737,2,41.44,2,2.094,2,11.6,2,32.3,2,0.01,2,0.62542,3,1.10389,2,2.49327,2,39.90844,2,2248.257711,2,2305.006574,2,7.469321355,2,25,1469.71,3,20
33H320240201,A13.5,38,1,20,380120,11122,2,20240221,2155,-14.49903,0.97958,5788.104,178.736,2,12.5688,2,35.2062,2,44.479962721341465,2,35.2096,2,44.738,2,1.957,2,9.7,2,30.1,2,0.01,2,1.96277,3,1.28677,2,2.88022,2,37.38586,2,2245.281556,2,2309.577505,2,7.497481491,2,25,1381.58,3,20
33H320240201,A13.5,38,1,21,380121,11120,2,20240221,2155,-14.49909,0.97939,5788.104,122.067,2,14.4909,2,35.5009,2,68.22110510368465,2,35.5192,2,70.177,2,1.636,2,6.6,2,24.7,2,0.15,2,2.0505,3,1.29046,2,3.34354,2,30.01525,2,2225.705643,2,2325.076752,2,7.598022871,2,25,1076.84,3,20
33H320240201,A13.5,38,1,22,380122,11026,2,20240221,2155,-14.4993,0.97932,5788.104,69.983,2,18.1931,2,35.9786,2,204.96678274646743,2,35.979,2,209.956,2,0.703,2,1.7,2,7.5,2,0.26,2,2.73903,3,1.27592,2,3.11499,2,10.71063,2,2142.820547,2,2357.262891,2,7.874528709,2,25,531.01,3,20
33H320240201,A13.5,38,1,23,380123,11102,2,20240221,2155,-14.49938,0.9791,5788.104,40.45,2,20.1865,2,35.9773,2,277.15162265336176,2,35.9861,2,283.784,3,0.245,2,0.8,2,0,2,0,2,2.89254,3,1.30277,2,2.69133,2,8.55076,2,2076.68626,6,2364.498535,2,7.999017461,2,25,368.62,3,20
33H320240201,A13.5,38,1,24,380124,11023,2,20240221,2155,-14.4996,0.97888,5788.104,2.279,2,26.0801,2,36.5471,2,202.25236793246214,2,36.5508,2,205.811,3,0.103,2,0.5,2,0,2,0,2,2.55165,3,0.99218,2,1.93766,2,5.92759,2,2088.171184,2,2398.351366,2,8.02867119,2,25,343.96,3,20
33H320240201,A13.5,39,1,1,390101,11113,2,20240222, 0508,-14.99914,1.00102,5520.005,5506.905,2,2.4517,2,34.864,2,218.88421436320593,2,34.8747,2,245.211,3,1.619,6,53.9,6,23.4,6,0,6,0,3,0.026,2,0.04547,2,12.71536,2,2219.584077,6,2354.688,2,7.706158141,2,25,801.89,3,20
33H320240201,A13.5,39,1,2,390102,11067,2,20240222, 0508,-14.99968,1.00047,5520.005,4828.19,2,2.3894,2,34.868,2,215.5540863108813,2,34.8783,2,233.0755,6,1.62,6,53.7,6,23.3,6,0,6,-999,9,-999,9,-999,9,-999,9,2219.534199,2,2355.556277,2,7.712022764,2,25,804.86,3,20
33H320240201,A13.5,39,1,3,390103,11052,2,20240222, 0508,-14.99892,1.00083,5520.005,4152.151,2,2.3636,2,34.873,2,214.0407173,2,34.8816,2,231.639,2,1.623,6,52.9,6,23.4,6,0,6,0.17198,3,0.00825,2,0.01435,2,12.57952,2,2219.22038,2,2354.338693,2,7.707007469,2,25,806.11,3,20
33H320240201,A13.5,39,1,4,390104,11118,2,20240222, 0508,-14.99922,1.00042,5520.005,3775.394,2,2.3734,2,34.8766,2,212.94099854114955,2,34.8875,2,230.26,2,1.631,6,52.3,6,23.5,6,0,6,-999,9,-999,9,-999,9,-999,9,2218.082603,2,2353.839683,2,7.705580779,2,25,807.73,3,20
33H320240201,A13.5,39,1,5,390105,11136,2,20240222, 0508,-14.99964,1.0005,5520.005,3426.698,2,2.4456,2,34.8803,2,210.4171906601277,2,34.89,2,226.782,3,1.647,2,51.5,2,23.7,2,0,2,0,3,0.00871,2,0.01173,2,11.42686,2,2216.686853,2,2350.606099,6,7.701586796,6,25,819.8,3,20
33H320240201,A13.5,39,1,6,390106,11027,2,20240222, 0508,-14.99966,0.99995,5520.005,3123.755,2,2.5389,2,34.8856,2,212.57311552258113,2,34.8936,2,228.63,2,1.633,2,48.1,2,23.5,2,0.01,2,-999,9,-999,9,-999,9,-999,9,2211.205255,2,2343.60998,2,7.702148164,2,25,819.34,3,20
33H320240201,A13.5,39,1,7,390107,-999,2,20240222, 0508,-14.99908,0.99953,5520.005,2800.085,2,2.6868,2,34.8914,2,214.95160268971858,2,34.9006,2,230.834,2,1.623,2,43.9,2,23.2,2,0.01,2,0.5127,3,0.0037,2,0.00635,2,12.74966,2,2204.445448,2,2336.324436,2,7.702314253,2,25,814.86,3,20
33H320240201,A13.5,39,1,8,390108,11004,2,20240222, 0508,-14.99928,0.9993,5520.005,2499.349,2,2.9244,2,34.9005,2,215.98870506788165,2,34.9133,6,229.635,2,1.602,2,38,2,22.9,2,0.01,2,-999,9,-999,9,-999,9,-999,9,2197.687214,2,2327.881188,2,7.702823157,2,25,811.72,3,20
33H320240201,A13.5,39,1,9,390109,11082,2,20240222, 0508,-14.99955,0.99896,5520.005,2201.796,2,3.1879,2,34.9071,2,214.11562036295535,2,-999,9,227.06,2,1.594,2,33.2,2,23,2,0.01,2,0.38923,3,0.00502,2,0.01887,2,13.63914,2,2194.92666,2,2323.699485,2,7.696086891,2,25,819.55,3,20
33H320240201,A13.5,39,1,10,390110,11115,2,20240222, 0508,-14.99996,0.99884,5520.005,1901.091,2,3.4713,2,34.9054,2,207.5818499162161,2,34.8841,2,218.5045,6,1.636,2,29.8,2,23.6,2,0,2,-999,9,-999,9,-999,9,-999,9,2196.18458,2,2319.258297,2,7.688152327,2,25,846.3,3,20
33H320240201,A13.5,39,1,11,390111,11008,2,20240222, 0508,-15.00027,0.99862,5520.005,1600.436,2,3.6709,2,34.8757,2,197.98700503980498,2,34.8835,2,207.229,2,1.749,2,28.9,2,25,2,0.01,2,0.35895,3,0.01023,2,0.01809,2,14.32129,2,2200.261545,2,2312.950812,2,7.664567604,2,25,888.47,3,20
33H320240201,A13.5,39,1,12,390112,-999,2,20240222, 0508,-15.00078,0.9984,5520.005,1299.783,2,3.7799,2,34.7564,2,172.65295713646518,2,34.7635,2,179.068,2,2.052,2,34,2,29.3,2,0.01,2,-999,9,-999,9,-999,9,-999,9,2220.307251,6,2315.655446,2,7.60802909,2,25,1024.46,2,20
33H320240201,A13.5,39,1,13,390113,11058,2,20240222, 0508,-15.00114,0.9982,5520.005,1051.925,2,3.9005,2,34.5727,2,152.51981005286748,2,34.5779,2,156.969,2,2.368,2,38.4,2,33.7,2,0.01,2,0.27285,3,0.04012,2,0.08169,2,18.3076,2,2233.865971,2,2311.254178,2,7.555622589,2,25,1175.64,2,20
33H320240201,A13.5,39,1,14,390114,11124,2,20240222, 0508,-15.00086,0.99804,5520.005,811.175,2,4.7293,2,34.4729,2,127.54743826331222,2,34.4793,2,130.57,2,2.528,2,32.6,2,36.8,2,0.01,2,-999,9,-999,9,-999,9,-999,9,2238.461611,2,2298.349782,2,7.509242821,2,25,1326.36,2,20
33H320240201,A13.5,39,1,15,390115,11081,2,20240222, 0508,-15.00094,0.99773,5520.005,619.547,2,6.1425,2,34.5376,2,95.20536298468896,2,34.5424,2,96.86,2,2.536,2,24.7,2,37.9,2,0.01,2,0.56649,3,0.33506,2,0.5786,2,21.70762,2,2245.929866,2,2294.337743,2,7.46742794,2,25,1465.31,2,20
33H320240201,A13.5,39,1,16,390116,11126,2,20240222, 0508,-15.00106,0.9976,5520.005,479.676,2,7.7395,2,34.6721,2,63.34684392831158,2,34.6779,2,63.042,2,2.486,2,19.6,2,37.7,2,0.01,2,-999,9,-999,9,-999,9,-999,9,2256.088136,2,2293.170059,2,7.434852984,2,25,1590.73,2,20
33H320240201,A13.5,39,1,17,390117,11020,2,20240222, 0508,-15.00104,0.99748,5520.005,362.029,2,9.5129,2,34.8467,2,42.45880689819414,2,34.8479,2,42.164,2,2.347,2,15.7,2,36,2,0.01,2,1.01265,3,0.82418,2,2.04071,2,31.65256,2,2261.740028,2,2295.625188,2,7.429797272,2,25,1626.445,2,20
33H320240201,A13.5,39,1,18,390118,11128,2,20240222, 0508,-15.00128,0.99768,5520.005,280.575,2,11.0077,2,35.0113,2,39.97632137,2,35.0167,2,40.872,2,2.154,2,12.7,2,33.1,2,0.01,2,-999,9,-999,9,-999,9,-999,9,2259.133469,2,2301.024475,2,7.455214695,2,25,1526.67,2,20
33H320240201,A13.5,39,1,19,390119,11031,2,20240222, 0508,-15.00145,0.99776,5520.005,221.274,2,12.332,2,35.152,2,70.43247021208889,2,35.1613,2,71.517,2,1.81,2,8.9,2,27.4,2,0.02,2,1.61868,3,1.39593,2,3.035,2,26.57067,2,2235.533131,2,2306.643327,2,7.539959316,2,25,1236.17,2,20
33H320240201,A13.5,39,1,20,390120,11122,2,20240222, 0508,-15.00165,0.99784,5520.005,162.007,2,13.8474,2,35.3553,2,92.97514484154159,2,35.3638,2,95.331,2,1.517,2,6.4,2,22.6,2,0.02,2,1.79119,3,1.49621,2,2.29623,2,20.82553,2,2217.304038,2,2318.489822,2,7.620355904,2,25,1012.77,2,20
33H320240201,A13.5,39,1,21,390121,11120,2,20240222, 0508,-15.0019,0.99789,5520.005,100.77,2,17.7559,2,35.9184,2,191.6656358459359,2,35.9231,2,195.758,2,0.783,2,2.2,2,9,2,0.1,2,2.16198,3,1.37932,2,1.8945,2,8.25636,2,2153.283415,2,2353.590178,2,7.847951172,2,25,563.71,2,20
33H320240201,A13.5,39,1,22,390122,11026,2,20240222, 0508,-15.0019,0.99776,5520.005,60.793,2,19.1507,2,35.9768,2,255.3214818090963,2,35.9804,6,258.142,2,0.282,2,1,2,0.1,2,0.05,2,2.28356,3,1.33252,2,2.40376,2,7.37939,2,2103.660116,6,2363.809901,2,7.964364041,2,25,410.52,2,20
33H320240201,A13.5,39,1,23,390123,11102,2,20240222, 0508,-15.00203,0.99752,5520.005,30.622,2,25.7275,2,36.5371,2,203.3046638404897,2,36.5388,2,206.12,2,0.163,2,0.4,2,0,2,0.01,2,2.07263,3,1.03126,2,1.37819,2,5.44544,2,2098.718912,2,2396.52499,2,8.021461993,2,25,351.05,2,20
33H320240201,A13.5,39,1,24,390124,11023,2,20240222, 0508,-15.00214,0.99734,5520.005,3.483,2,25.7296,2,36.5409,2,203.40450693344675,2,36.5471,2,205.81,2,0.14,2,0.3,2,0,2,0.01,2,2.05978,3,1.03062,2,1.2368,2,5.46067,2,2097.082659,2,2395.556911,2,8.02119889,2,25,350.55,2,20
33H320240201,A13.5,40,1,1,400101,11113,2,20240222,1231,-15.4987,1.02846,5947.553,5932.273,2,2.5116,2,34.8639,2,217.92071179940243,2,34.8754,2,233.9012674,2,1.626,6,54.6,6,23.4,6,0,6,0.14803,3,0.02465,2,0.03218,2,11.8255,2,2213.603335,6,2357.083248,2,7.710876853,2,25,798.01,2,20
33H320240201,A13.5,40,1,2,400102,11067,2,20240222,1231,-15.49907,1.02754,5947.553,5201.015,2,2.4238,2,34.866,2,214.91196366233092,2,34.8778,2,233.795,2,1.629,6,54,6,23.5,6,0,6,0.33574,3,0.01834,2,0.02836,2,12.74966,2,2213.939969,2,2365.067406,3,7.708177112,2,25,801.48,2,20
33H320240201,A13.5,40,1,3,400103,11052,2,20240222,1231,-15.49958,1.02676,5947.553,4451.996,2,2.3814,2,34.8718,2,212.36404379397806,2,34.8847,2,231.14,2,1.646,6,53.6,6,23.6,6,0,6,-999,5,-999,5,-999,5,-999,5,2212.175999,2,2357.951525,2,7.708727131,2,25,804.05,2,20
33H320240201,A13.5,40,1,4,400104,11118,2,20240222,1231,-15.49992,1.02612,5947.553,4050.487,2,2.3721,2,34.8747,2,212.22870563120605,2,34.8782,2,230.964,2,1.641,6,52.4,6,23.6,6,0,6,0.6543,3,0.01015,2,0.01124,2,13.31394,2,2211.278794,2,2353.809743,2,7.708980481,2,25,805.095,6,20
33H320240201,A13.5,40,1,5,400105,11136,2,20240222,1231,-15.50026,1.02606,5947.553,3676.592,2,2.3999,2,34.8778,2,210.36900704622335,2,34.8846,6,233.048,2,1.648,2,52.1,2,23.8,2,0,2,0.65738,3,0.00585,2,0.00471,2,13.29923,2,2212.560473,2,2353.250851,6,7.706224097,6,25,811.87,2,20
33H320240201,A13.5,40,1,6,400106,11027,2,20240222,1231,-15.50022,1.02524,5947.553,3298.38,2,2.4931,2,34.8818,2,210.43081510236848,2,34.8954,2,227.495,2,1.652,2,49.7,2,23.7,2,0,2,0.37624,3,0.0025,6,0.00465,6,12.64236,6,2208.541281,2,2346.60404,2,7.701761995,2,25,819.97,2,20
33H320240201,A13.5,40,1,7,400107,-999,2,20240222,1231,-15.50044,1.0249,5947.553,2999.486,2,2.6242,2,34.8879,2,212.28315473756095,2,34.9033,2,228.891,2,1.642,2,45.9,2,23.6,2,0,2,0.5896,3,0.00238,2,0.00565,2,13.43362,2,2200.995244,2,2338.55002,2,7.700142359,2,25,818.72,2,20
33H320240201,A13.5,40,1,8,400108,11004,2,20240222,1231,-15.50068,1.02464,5947.553,2700.295,2,2.798,2,34.8952,2,214.83138123547573,2,34.907,2,230.204,2,1.607,2,40.7,2,23.3,2,0,2,0.40914,3,0.00283,2,0.00447,2,13.6437,2,2194.401703,2,2332.761505,2,7.703393902,2,25,811.67,2,20
33H320240201,A13.5,40,1,9,400109,11082,2,20240222,1231,-15.50078,1.02393,5947.553,2401.512,2,3.0002,2,34.9027,2,215.62480793650755,2,34.9113,2,231.915,2,1.589,2,36.3,2,23,2,0,2,0.26629,3,0.00951,2,0.00749,2,12.84731,2,2190.030057,2,2325.406099,2,7.70394708,2,25,811.66,2,20
33H320240201,A13.5,40,1,10,400110,11115,2,20240222,1231,-15.50136,1.02358,5947.553,2101.513,2,3.2627,2,34.908,2,212.86552172419266,2,34.9243,2,225.769,2,1.607,2,32,2,23.1,2,0,2,0.90127,3,0.00529,2,0.00932,2,12.51783,2,2187.507332,2,2323.599683,2,7.694102414,2,25,821.97,2,20
33H320240201,A13.5,40,1,11,400111,11008,2,20240222,1231,-15.50165,1.02304,5947.553,1800.624,2,3.5549,2,34.8994,2,203.42158364538653,2,34.9127,2,213.905,2,1.682,2,29.2,2,24.1,2,0,2,0.85156,3,0.00738,2,0.01633,2,14.79746,2,2191.123089,2,2319.647525,2,7.678336234,2,25,860.69,2,20
33H320240201,A13.5,40,1,12,400112,-999,2,20240222,1231,-15.50206,1.02264,5947.553,1501.501,2,3.7137,2,34.8314,2,188.32109685791238,2,34.8459,2,183.281,4,1.866,2,31,2,26.7,2,0,2,0.63625,3,0.00861,2,0.01482,2,17.13156,2,2200.192887,2,2316.164436,2,7.648218659,2,25,936.41,2,20
33H320240201,A13.5,40,1,13,400113,11058,2,20240222,1231,-15.50205,1.02228,5947.553,1250.046,2,3.8218,2,34.6896,2,159.53265465366093,2,34.7006,2,164.951,2,2.195,2,36.7,2,31.6,2,0,2,0,3,0.01063,2,0.01653,2,19.92,2,2220.911183,6,2307.651327,2,7.578885717,2,25,1110.54,2,20
33H320240201,A13.5,40,1,14,400114,11124,2,20240222,1231,-15.50192,1.02164,5947.553,952.216,2,4.2757,2,34.5058,2,135.0975383308213,2,34.5154,2,138.346,2,2.504,2,36.2,2,36.2,2,0,2,0.39941,3,0.05699,2,0.11494,2,22.08493,2,2231.13222,2,2302.810931,2,7.520015023,6,25,1285.26,2,20
33H320240201,A13.5,40,1,15,400115,11081,2,20240222,1231,-15.50228,1.02166,5947.553,750.34,2,5.1753,2,34.4874,2,115.5879513482994,2,34.4986,2,117.907,2,2.558,2,29.7,2,37.5,2,0,2,0.59629,3,0.17737,2,0.21881,2,21.18909,2,2231.383627,2,2294.327762,2,7.495187167,2,25,1375.08,2,20
33H320240201,A13.5,40,1,16,400116,11126,2,20240222,1231,-15.50272,1.02166,5947.553,560.927,2,6.6329,2,34.5815,2,88.82526885361777,2,34.5917,2,94.71915347,3,2.519,2,23,2,37.6,2,0,2,0.69423,3,0.34314,2,0.99477,2,26.17178,2,2238.624252,2,2292.132119,2,7.467791559,2,25,1462.97,2,20
33H320240201,A13.5,40,1,17,400117,11020,2,20240222,1231,-15.503,1.02166,5947.553,442.51,2,8.0769,2,34.7109,2,68.19221810072567,2,34.7155,2,69.242,2,2.394,2,18.5,2,36.7,2,0,2,0.62869,3,0.54416,2,1.13765,2,29.80085,2,2242.704549,2,2291.16404,2,7.460324399,2,25,1500.18,2,20
33H320240201,A13.5,40,1,18,400118,11128,2,20240222,1231,-15.50331,1.02161,5947.553,331.384,2,9.8701,2,34.8996,2,42.65963225,2,34.9088,2,40.816,2,2.308,2,14.9,2,35.6,2,0,2,0.7329,3,0.80016,2,1.63492,2,36.12795,2,2251.927327,2,2295.934574,2,7.442459343,2,25,1579.39,2,20
33H320240201,A13.5,40,1,19,400119,11031,2,20240222,1231,-15.50329,1.02133,5947.553,260.056,2,11.014,2,35.0252,2,39.53229882242555,2,35.0426,2,38.925,2,2.168,2,12.6,2,33.5,2,0,2,1.04132,3,1.05456,2,2.00536,2,32.73578,2,2248.911451,2,2301.673188,2,7.461481352,2,25,1510.11,6,20
33H320240201,A13.5,40,1,20,400120,11122,2,20240222,1231,-15.50325,1.02101,5947.553,202.228,2,12.339,2,35.1864,2,46.21867246745322,2,35.2032,2,47.097,2,1.971,2,10,2,30.4,2,0.01,2,1.43802,3,1.26157,2,3.39197,2,30.8351,2,2243.339371,2,2305.755089,2,7.498568512,2,25,1372.46,2,20
33H320240201,A13.5,40,1,21,400121,11120,2,20240222,1231,-15.50342,1.02076,5947.553,121.931,2,14.6695,2,35.484,2,115.29426173729037,2,35.4905,6,117.926,2,1.338,2,5.3,2,19.4,2,0.03,2,2.08403,3,1.4097,2,3.08998,2,19.08099,2,2194.721321,2,2324.338218,2,7.679215733,2,25,871.67,2,20
33H320240201,A13.5,40,1,22,400122,11026,2,20240222,1231,-15.50346,1.02054,5947.553,60.993,2,18.4479,2,35.9816,2,214.05551829096396,2,35.9886,2,221.205,2,0.699,2,1.8,2,6.5,2,1.04,2,1.73013,3,1.2794,2,2.13932,2,10.10137,2,2133.892142,2,2357.632158,2,7.879230531,2,25,515.34,2,20
33H320240201,A13.5,40,1,23,400123,11102,2,20240222,1231,-15.50372,1.02062,5947.553,45.666,2,19.2523,2,36.0049,2,259.3893030811915,2,36.0228,2,272.265,2,0.359,2,1,2,1,2,0.1,2,2.48286,3,1.32554,2,2.36464,2,8.3123,2,2092.825266,6,2363.999525,2,7.968526696,2,25,398.04,2,20
33H320240201,A13.5,40,1,24,400124,11023,2,20240222,1231,-15.50405,1.02069,5947.553,3.081,2,25.5601,2,36.5529,2,203.6799901638885,2,36.5576,2,206.678,3,0.158,2,0.5,2,0,2,0,2,2.2872,3,1.02349,2,1.69635,2,5.37073,2,2092.969696,2,2397.862337,2,8.017434404,2,25,352.55,2,20
33H320240201,A13.5,41,1,1,410101,11113,2,20240222,2006,-16.00166,1.05521,5660.134,5649.484,2,2.4763,2,34.8643,2,218.3284391573679,2,34.877,2,235.115,2,1.633,6,54.1,6,23.5,6,0,6,0.32628,3,0.0234,2,0.04763,2,10.44201,2,2220.335307,6,2354.96,2,7.709508277,2,25,804.86,2,20
33H320240201,A13.5,41,1,2,410102,11067,2,20240222,2006,-16.00274,1.05491,5660.134,5003.078,2,2.4045,2,34.8661,2,215.50687826193015,2,34.8771,2,233.955,6,1.636,6,53.8,6,23.4,6,0,6,0.37061,3,0.01998,2,0.04257,2,14.30564,2,2218.185635,2,2354.22,2,7.710532274,2,25,803.865,6,20
33H320240201,A13.5,41,1,3,410103,11052,2,20240222,2006,-16.00365,1.0545,5660.134,4302.666,2,2.3785,2,34.8721,2,213.6718011726462,2,34.8846,6,231.248,2,1.636,6,53,6,23.5,6,0,6,0.45589,3,0.00824,2,0.01184,2,13.53913,2,2218.347733,2,2354.19,2,7.710908659,2,25,805.12,2,20
33H320240201,A13.5,41,1,4,410104,11118,3,20240222,2006,-16.00452,1.05447,5660.134,3902.315,2,2.3801,2,34.875,2,213.27594889998431,2,-999,9,-999,9,-999,9,-999,9,-999,9,-999,9,-999,5,-999,5,-999,5,-999,5,-999,9,-999,9,-999,9,25,-999,9,20
33H320240201,A13.5,41,1,5,410105,11136,2,20240222,2006,-16.00498,1.05388,5660.134,3400.383,2,2.4603,2,34.8797,2,210.49575752325805,2,34.8902,2,237.453,2,1.656,6,50.8,6,23.7,6,0,6,0,3,0.00516,2,0.0074,2,13.31966,2,2215.833635,2,2347.92,2,7.704410235,2,25,817.5,2,20
33H320240201,A13.5,41,1,6,410106,11027,2,20240222,2006,-16.00552,1.05372,5660.134,3199.918,2,2.5428,2,34.8835,2,211.5698232385889,2,34.8934,2,231.022,2,1.644,2,48.3,2,23.6,2,0,2,0.41317,3,0.0031,2,0.00593,2,12.29146,2,2211.156519,2,2343.97,2,7.699318588,2,25,820.38,2,20
33H320240201,A13.5,41,1,7,410107,-999,2,20240222,2006,-16.00612,1.05361,5660.134,2902.08,2,2.6796,2,34.8897,2,213.71774709778472,2,34.9075,2,239.298,2,1.611,2,43.9,2,23.3,2,0,2,0,3,0.00417,2,0.00772,2,13.77026,2,2204.592351,2,2336.24,2,7.699310372,2,25,815.83,2,20
33H320240201,A13.5,41,1,8,410108,11004,2,20240222,2006,-16.00676,1.05352,5660.134,2602.279,2,2.8581,2,34.897,2,215.3232164314136,2,34.9061,2,-999,5,1.605,2,39.4,2,23.1,2,0,2,0,3,0.00218,2,0.00657,2,13.72849,2,2198.68832,2,2332.24,2,7.70130683,2,25,812.97,2,20
33H320240201,A13.5,41,1,9,410109,11082,2,20240222,2006,-16.00686,1.05299,5660.134,2301.081,2,3.0985,2,34.9047,2,214.88336403304956,2,34.9281,2,228.844,2,1.588,2,34.5,2,23,2,0,2,0.40741,3,0.00782,2,0.01162,2,14.54862,2,2195.474296,2,2328.51,2,7.700686953,2,25,813.42,2,20
33H320240201,A13.5,41,1,10,410110,11115,2,20240222,2006,-16.00736,1.05284,5660.134,2002.072,2,3.3439,2,34.9057,2,211.0164233138896,2,34.9176,2,223.446,2,1.593,2,31.2,2,23.3,2,0,2,0.82328,3,0.00921,2,0.01294,2,14.8815,2,2194.692044,2,2322.36,6,7.692512179,6,25,830.49,2,20
33H320240201,A13.5,41,1,11,410111,11008,2,20240222,2006,-16.0078,1.05304,5660.134,1702.096,2,3.6069,2,34.8847,2,202.69488692643392,2,34.9096,2,212.48,2,1.699,2,29,2,24.4,2,0,2,0.39727,3,0.01062,2,0.01489,2,11.92177,2,2197.302211,2,2317.56,2,7.670939799,2,25,867.7,2,20
33H320240201,A13.5,41,1,12,410112,-999,2,20240222,2006,-16.00794,1.05314,5660.134,1398.236,2,3.7483,2,34.786,2,179.14553687667996,2,34.7974,2,186.18,2,1.955,2,32.9,2,28.1,2,0,2,0.86646,3,0.00599,2,0.01421,2,17.91292,2,2214.175173,2,2313.83,2,7.624112379,2,25,987.8,2,20
33H320240201,A13.5,41,1,13,410113,11058,2,20240222,2006,-16.008,1.05314,5660.134,1151.517,2,3.8994,2,34.6117,2,150.02897405560475,2,34.6195,2,154.799,2,2.315,2,37.9,2,33.2,2,0,2,0.38322,3,0.02271,2,0.03176,2,20.09232,2,2233.634592,6,2309.82,2,7.554802464,2,25,1170.02,2,20
33H320240201,A13.5,41,1,14,410114,11124,2,20240222,2006,-16.00836,1.05328,5660.134,842.745,2,4.803,2,34.4819,2,119.93098475809312,2,34.528,2,122.55,2,2.559,2,32.3,2,37.3,2,0,2,0.3658,3,0.11031,2,0.20405,2,23.61242,2,2240.303513,2,2297.02,2,7.495796563,2,25,1367.05,2,20
33H320240201,A13.5,41,1,15,410115,11081,2,20240222,2006,-16.00819,1.05306,5660.134,681.879,2,5.8401,2,34.525,2,93.33319293,2,34.5467,6,94.569,2,2.588,2,26.3,2,38.6,2,0,2,-999,5,-999,5,-999,5,-999,5,2248.196017,2,2291.63,2,7.459936024,2,25,1495.11,2,20
33H320240201,A13.5,41,1,16,410116,11126,2,20240222,2006,-16.00812,1.05292,5660.134,520.431,2,7.4413,2,34.6526,2,60.30135433724902,2,34.6581,2,59.98,2,2.576,2,20.9,2,38.8,2,0,2,0.22495,3,0.42615,2,0.70647,2,30.34514,2,2256.332991,2,2290.54,2,7.426593504,2,25,1632.63,2,20
33H320240201,A13.5,41,1,17,410117,11020,2,20240222,2006,-16.00838,1.05306,5660.134,403.124,2,8.9497,2,34.8028,2,38.67305617,2,34.8102,2,37.732,2,2.437,2,17.2,2,37.6,2,0.01,2,-999,5,0.64807,2,1.76754,2,35.3847,2,2263.691246,2,2294.82,2,7.416211552,2,25,1682.77,2,20
33H320240201,A13.5,41,1,18,410118,11128,2,20240222,2006,-16.0083,1.05291,5660.134,301.026,2,10.3371,2,34.9512,2,28.674273879417598,2,35.0126,2,29.878,2,2.319,2,14.6,2,35.8,2,0,2,0.88137,3,0.83572,2,1.71578,2,36.66962,2,2265.412512,2,2299.08,2,7.430347646,2,25,1647.76,2,20
33H320240201,A13.5,41,1,19,410119,11031,2,20240222,2006,-16.00838,1.05307,5660.134,239.374,2,11.3312,2,35.0583,2,36.99337659200313,2,35.0639,2,36.395,2,2.159,2,12.6,2,32.9,2,0.01,2,1.228745,3,1.122385,6,2.07533,6,34.973525,6,2257.755951,2,2301.27,2,7.458919467,2,25,1506.63,2,20
33H320240201,A13.5,41,1,20,410120,11122,2,20240222,2006,-16.00847,1.0532,5660.134,180.506,2,12.7912,2,35.2131,2,65.88938443426173,2,35.2222,2,66.647,2,1.814,2,9,2,27.4,2,0.01,2,1.75398,3,1.39271,2,3.6541,2,28.15497,2,2236.161891,2,2308.09,2,7.542666035,2,25,1218.78,2,20
33H320240201,A13.5,41,1,21,410121,11120,3,20240222,2006,-16.00852,1.05334,5660.134,121.19,2,14.689,2,35.4873,2,112.70992139632658,2,35.4999,2,117.681,2,1.354,2,5.5,2,19.5,2,0.02,2,1.82788,3,1.40238,2,3.61192,2,20.723,2,2203.484337,2,2324.96,2,7.692512179,6,25,857.83,2,20
33H320240201,A13.5,41,1,22,410122,11026,2,20240222,2006,-16.00837,1.0534,5660.134,62.001,2,18.8141,2,36.0383,2,224.0090305085547,2,36.0458,2,229.8,2,0.575,2,1.8,2,4.4,2,0.69,2,2.43538,3,1.26538,2,2.99129,2,11.96946,2,2130.826265,6,2362.36,2,7.910667789,2,25,467.365,6,20
33H320240201,A13.5,41,1,23,410123,11102,2,20240222,2006,-16.00826,1.05355,5660.134,41.82,2,21.1527,2,36.1017,2,273.05431441141343,2,36.117,2,277.048,2,0.235,2,1.2,2,0,2,0.01,2,1.8777,3,1.18924,2,1.87846,2,8.34307,2,2080.935068,2,2369.96,2,8.00664389,2,25,358.02,2,20
33H320240201,A13.5,41,1,24,410124,11023,2,20240222,2006,-16.00813,1.05373,5660.134,3.364,2,25.2678,2,36.4972,2,205.84586316872821,2,36.5026,2,207.878,2,0.187,2,0.7,2,0,2,0.01,2,2.25029,3,1.01416,2,1.77957,2,6.13972,2,2095.03742,2,2393.73,2,8.013328067,2,25,352.23,2,20
33H320240201,A13.5,42,1,1,420101,11113,2,20240223, 0316,-16.49966,1.08378,5591.654,5578.274,2,2.4698,2,34.8646,2,217.78078695312212,2,34.935,2,233.116,2,1.615,6,54.3,6,23.7,6,0.01,6,-999,5,-999,5,-999,5,-999,5,2215.56799,6,2365.2,2,7.712240199,2,25,806.91,2,20
33H320240201,A13.5,42,1,2,420102,11067,2,20240223, 0316,-16.4991,1.08354,5591.654,4850.644,2,2.3969,2,34.8677,2,215.42391822755286,2,34.8808,2,232.211,2,1.619,6,53.8,6,23.3,6,0,6,0.41443,3,0.013255,6,0.035285,6,15.044415,6,2213.841004,2,2354.55,2,7.707100549,2,25,806.84,2,20
33H320240201,A13.5,42,1,3,420103,11052,2,20240223, 0316,-16.49963,1.08261,5591.654,4149.582,2,2.3726,2,34.8734,2,214.04515414714413,2,34.8866,2,230.4305,6,1.625,6,52.9,6,23.4,6,0.01,6,-999,5,0.14145,2,0.06477,2,15.07512,2,2211.695717,2,2354.14,2,7.711205666,2,25,806.42,6,20
33H320240201,A13.5,42,1,4,420104,11118,2,20240223, 0316,-16.50008,1.08242,5591.654,3773.522,2,2.3848,2,34.8767,2,212.55012943089633,2,34.8886,2,228.901,2,1.639,6,52.3,6,23.4,6,0,6,0,3,0.00446,2,0.0075,2,14.92979,2,2213.180123,2,2351.3,2,7.705710081,2,25,809.65,2,20
33H320240201,A13.5,42,1,5,420105,11136,2,20240223, 0316,-16.50054,1.082,5591.654,3425.831,2,2.458,2,34.8793,2,210.2568051138568,2,34.8913,2,227.039,2,1.656,2,51.5,2,23.7,2,0,2,0.14552,3,0.0019,2,0.00967,2,15.23453,2,2211.685995,2,2349.38,2,7.700153759,2,25,821.88,2,20
33H320240201,A13.5,42,1,6,420106,11027,2,20240223, 0316,-16.5006,1.08206,5591.654,3100.707,2,2.5761,2,34.8839,2,212.40026291400432,2,34.8939,2,227.023,2,1.643,2,47.6,2,23.5,2,0,2,0.26207,3,0.00218,2,0.00667,2,15.65294,2,2203.458531,2,2339.91,2,7.70106297,2,25,822.31,2,20
33H320240201,A13.5,42,1,7,420107,-999,2,20240223, 0316,-16.50072,1.08178,5591.654,2799.337,2,2.7317,2,34.8913,2,214.11384843150168,2,34.9141,2,229.141,2,1.618,2,43,2,23.2,2,0,2,0,3,0.00077,2,0.00849,2,15.86421,2,2198.460467,2,2335.39,2,7.703355722,2,25,818.29,2,20
33H320240201,A13.5,42,1,8,420108,11004,2,20240223, 0316,-16.50113,1.08148,5591.654,2499.384,2,2.9078,2,34.8988,2,216.21896415945594,2,34.9157,2,229.924,2,1.585,2,38.4,2,22.8,2,0.01,2,0.14909,3,0.0054,2,0.0091,2,15.09676,2,2192.655338,2,2329.77,6,7.7013,6,25,811.12,2,20
33H320240201,A13.5,42,1,9,420109,11082,2,20240223, 0316,-16.50162,1.0812,5591.654,2200.593,2,3.1705,2,34.9048,2,215.54089538927306,2,34.9133,2,227.572,2,1.576,2,33.5,2,22.8,2,0,2,0.35017,3,0.00587,2,0.01677,2,15.7646,2,2187.947782,2,2323.19,2,7.70364118,2,25,814.42,2,20
33H320240201,A13.5,42,1,10,420110,11115,2,20240223, 0316,-16.50196,1.08107,5591.654,1902.691,2,3.4499,2,34.9007,2,212.8878665645669,2,34.9089,2,223.372,2,1.61,2,29.6,2,23.1,2,0,2,0.18504,3,0.02014,2,0.03986,2,16.28148,2,2186.566766,2,2320.22,2,7.691099873,2,25,828.2,2,20
33H320240201,A13.5,42,1,11,420111,11008,2,20240223, 0316,-16.50184,1.08053,5591.654,1601.888,2,3.6831,2,34.8573,2,196.67334735672623,2,34.8692,2,204.678,2,1.771,2,29.6,2,25.3,2,0,2,0,3,0.01233,2,0.01819,2,17.9167,2,2195.227306,2,2317.63,2,7.6623826,2,25,896.2,2,20
33H320240201,A13.5,42,1,12,420112,-999,2,20240223, 0316,-16.50218,1.08004,5591.654,1301.34,2,3.7996,2,34.7053,2,162.31190911240327,2,34.7139,2,167.558,2,2.177,2,36.5,2,30.9,2,0.01,2,0.44791,3,0.00841,2,0.01284,2,21.24521,2,2221.543545,6,2314.19,2,7.582492322,2,25,1091.85,2,20
33H320240201,A13.5,42,1,13,420113,11058,2,20240223, 0316,-16.50262,1.0799,5591.654,1050.15,2,4.0138,2,34.5425,2,145.60499706975907,2,34.5578,2,149.226,2,2.431,2,38.4,2,34.5,2,0.01,2,0,3,0.04774,2,0.06987,2,23.31533,2,2231.821124,2,2306.73,2,7.541266669,2,25,1221.27,2,20
33H320240201,A13.5,42,1,14,420114,11124,2,20240223, 0316,-16.50294,1.07962,5591.654,810.422,2,4.9908,2,34.4837,2,115.3467544068489,2,34.5016,2,116.775,2,2.585,2,31.3,2,37.5,2,0,2,0.67727,3,0.12526,2,0.25648,2,26.52156,2,2237.528245,2,2295.03,2,7.485256161,2,25,1391.78,2,20
33H320240201,A13.5,42,1,15,420115,11081,2,20240223, 0316,-16.50326,1.07946,5591.654,620.074,2,6.4052,2,34.5639,2,83.57155073188412,2,34.5687,2,83.538,2,2.577,2,24.2,2,38.4,2,0,2,0.33214,3,0.29932,2,0.60603,2,30.48937,2,2244.779765,2,2289.45,2,7.450780612,2,25,1528.38,2,20
33H320240201,A13.5,42,1,16,420116,11126,2,20240223, 0316,-16.50323,1.07916,5591.654,481.386,2,7.9715,2,34.7031,2,55.29857581877666,2,34.7076,2,55.281,2,2.517,2,19.5,2,38,2,0.01,2,0.58072,3,0.47685,2,0.65392,2,34.4128,2,2254.142402,2,2291.3,2,7.427991913,2,25,1624.97,2,20
33H320240201,A13.5,42,1,17,420117,11020,2,20240223, 0316,-16.50333,1.07866,5591.654,362.03,2,9.659,2,34.8758,2,32.53455222537863,2,34.8829,2,32.395,2,2.408,2,16,2,36.6,2,0.01,2,0.85026,3,0.76394,2,1.17107,2,39.98534,2,2261.680564,2,2296.74,2,7.420130606,2,25,1675.33,2,20
33H320240201,A13.5,42,1,18,420118,11128,2,20240223, 0316,-16.50353,1.07848,5591.654,279.822,2,10.7925,2,34.984,2,44.06410438473571,2,34.9922,2,45.539,2,2.168,2,13.1,2,32.9,2,0.01,2,1.02151,3,1.13387,2,1.62446,2,36.8679,2,2250.631729,2,2299.65,2,7.4578,2,25,1510.42,6,20
33H320240201,A13.5,42,1,19,420119,11031,2,20240223, 0316,-16.50359,1.07841,5591.654,221.592,2,12.0073,2,35.1195,2,56.44918548120126,2,35.1404,6,56.351,2,1.934,2,10.3,2,29.4,2,0.02,2,1.56893,3,1.32092,2,2.70175,2,32.39286,2,2240.349871,2,2303.32,2,7.508233068,2,25,1344.7,2,20
33H320240201,A13.5,42,1,20,420120,11122,2,20240223, 0316,-16.50384,1.07847,5591.654,149.837,2,14.0629,2,35.3976,2,82.69974029281883,2,35.4023,2,84.027,2,1.59,2,6.8,2,23.5,2,0.02,2,1.90577,3,1.36125,2,2.79197,2,24.74664,2,2218.372871,2,2316.97,2,7.602268584,2,25,1059.07,2,20
33H320240201,A13.5,42,1,21,420121,11120,2,20240223, 0316,-16.50399,1.07848,5591.654,100.783,2,18.1024,2,36.0526,2,177.43814372678497,2,36.0626,2,181.215,6,0.845,2,2.5,2,9.8,2,0.21,2,-999,5,1.26994,2,1.81375,2,11.3244,2,2159.566729,2,2360.76,2,7.840769397,2,25,575.87,2,20
33H320240201,A13.5,42,1,22,420122,11026,2,20240223, 0316,-16.5041,1.07854,5591.654,60.491,2,18.9186,2,36.01,2,239.15275679764062,2,36.0185,2,242.511,2,0.483,2,1.5,2,3.1,2,0.32,2,2.34292,3,1.28367,2,2.09867,2,9.36952,2,2115.62538,6,2361.13,2,7.926646258,2,25,451.94,2,20
33H320240201,A13.5,42,1,23,420123,11102,2,20240223, 0316,-16.50426,1.07847,5591.654,29.437,2,25.1045,2,36.4121,2,206.16696768564478,2,36.417,2,207.265,2,0.208,2,0.5,2,0,2,0.01,2,1.97809,3,0.98684,2,2.00231,2,5.90955,2,2087.139142,2,2387.81,2,8.021935612,2,25,352.52,2,20
33H320240201,A13.5,42,1,24,420124,11023,2,20240223, 0316,-16.5044,1.07817,5591.654,3.523,2,25.1034,2,36.4156,2,206.19688505900618,2,36.4192,2,207.294,2,0.188,2,0.4,2,0,2,0.01,2,1.84677,3,0.97302,2,2.01024,2,6.15606,2,2086.385977,2,2389.15,2,8.013406824,2,25,351.24,2,20
33H320240201,A13.5,43,1,1,430101,11113,2,20240223,1030,-16.99853,1.11292,5637.825,5626.285,2,2.4804,2,34.8651,2,217.74613428560056,2,34.8758,2,231.622,2,1.612,2,54.1,2,23.4,2,0,2,0,3,0.01418,2,0.02181,2,14.35946,2,2223.023707,6,2356.79,2,7.716141037,2,25,799.5,2,20
33H320240201,A13.5,43,1,2,430102,11067,2,20240223,1030,-16.99904,1.11246,5637.825,5051.441,2,2.4105,2,34.8664,2,215.87626613000307,2,34.8812,6,233.063,2,1.608,2,53.7,2,23.3,2,0,2,0.19146,3,0.01306,2,0.01568,2,14.18173,2,2220.829948,2,2356,2,7.708991496,2,25,801.54,2,20
33H320240201,A13.5,43,1,3,430103,11052,2,20240223,1030,-16.99948,1.11204,5637.825,4451.3,2,2.3822,2,34.8715,2,213.88487338798603,2,34.8823,2,-999,5,1.62,2,53.2,2,23.3,2,0,2,0,3,0.00452,2,0.0071,2,14.19332,2,2219.743939,2,2355.01,2,7.710097704,2,25,803.81,2,20
33H320240201,A13.5,43,1,4,430104,11118,2,20240223,1030,-16.99994,1.11166,5637.825,4050.149,2,2.3748,2,34.8747,2,213.2889406743193,2,34.8848,2,230.0185,6,1.621,2,52.5,2,23.4,2,0.01,2,0.26063,3,0.00305,2,0.00082,2,14.60559,2,2219.391642,2,2352.99,2,7.708551745,2,25,805.26,2,20
33H320240201,A13.5,43,1,5,430105,11136,2,20240223,1030,-17.00001,1.11096,5637.825,3676.062,2,2.4028,2,34.8773,2,211.17731560479137,2,34.8873,2,227.998,2,1.635,2,51.9,2,23.7,2,0,2,0.14834,3,0.00084,2,0,2,14.92583,2,2219.501803,2,2352.61,2,7.705234528,2,25,812.14,2,20
33H320240201,A13.5,43,1,6,430106,11027,2,20240223,1030,-17.00052,1.11082,5637.825,3299.418,2,2.4796,2,34.8796,2,211.2521525957325,2,34.8887,2,226.469,2,1.641,2,50.2,2,23.6,2,0,2,0.36899,3,0.00234,2,0,2,15.63151,2,2215.615768,2,2346.84,6,7.700283205,6,25,821.52,2,20
33H320240201,A13.5,43,1,7,430107,-999,2,20240223,1030,-17.00052,1.1104,5637.825,2999.26,2,2.6016,2,34.8841,2,213.48261592020881,2,34.9022,2,228.725,2,1.631,2,46.3,2,23.4,2,0,2,0.33771,3,0.0005,2,0,2,14.13249,2,2207.397192,2,2339.18,2,7.699754599,2,25,820.935,6,20
33H320240201,A13.5,43,1,8,430108,11004,2,20240223,1030,-17.00053,1.11013,5637.825,2700.332,2,2.7958,2,34.8936,2,214.58828014685255,2,34.9028,2,228.355,2,1.617,2,41,2,23.2,2,0.01,2,0.29774,3,0,2,0.00045,2,14.00601,2,2203.182864,2,2331.97,2,7.701876802,2,25,817.83,2,20
33H320240201,A13.5,43,1,9,430109,11082,2,20240223,1030,-17.00052,1.10982,5637.825,2400.798,2,3.0254,2,34.9014,2,214.7695140591573,2,34.9097,2,227.581,2,1.588,2,36.1,2,22.9,2,0,2,0.27587,3,0.00112,2,0.0005,2,14.00933,2,2199.177369,2,2327.04,2,7.700255885,2,25,816.57,2,20
33H320240201,A13.5,43,1,10,430110,11115,2,20240223,1030,-17.00086,1.1096,5637.825,2099.095,2,3.2791,2,34.9041,2,214.0223357373364,2,34.9259,6,225.297,2,1.585,2,31.8,2,23,2,0.01,2,0.23902,3,0.00274,2,0.00786,2,14.54383,2,2195.281106,2,2321.79,2,7.697847106,2,25,821.07,2,20
33H320240201,A13.5,43,1,11,430111,11008,2,20240223,1030,-17.00114,1.10916,5637.825,1799.413,2,3.5204,2,34.886,2,206.7733539,2,34.9054,2,216.529,2,1.67,2,29.7,2,23.9,2,0,2,0,3,0.00817,2,0.00818,2,15.34288,2,2198.147708,2,2329.18,2,7.699533726,2,25,851.7,2,20
33H320240201,A13.5,43,1,12,430112,-999,2,20240223,1030,-17.00152,1.10837,5637.825,1499.257,2,3.7142,2,34.8105,2,190.0277002537027,2,34.8185,2,197.867,2,1.857,2,31.6,2,26.7,2,0.01,2,0,3,0.00647,2,0.01164,2,16.55768,2,2209.019658,2,2316.82,2,7.644936822,2,25,933.67,2,20
33H320240201,A13.5,43,1,13,430113,11058,2,20240223,1030,-17.00188,1.10806,5637.825,1251.081,2,3.7617,2,34.6756,2,165.47041418191625,2,34.7013,2,170.775,2,2.186,2,37.6,2,30.9,2,0,2,0,3,0.01195,2,0.0232,2,17.09824,2,2226.904447,2,2314.11,2,7.589214806,2,25,1080.6,2,20
33H320240201,A13.5,43,1,14,430114,11124,2,20240223,1030,-17.00212,1.10754,5637.825,950.004,2,4.2164,2,34.4935,2,142.86619288995328,2,34.501,2,145.546,2,2.457,2,36.5,2,35.2,2,0,2,0,3,0.08809,2,0.1552,2,20.05951,2,2234.303574,6,2303.74,2,7.53498508,2,25,1243.1,2,20
33H320240201,A13.5,43,1,15,430115,11081,2,20240223,1030,-17.00224,1.10712,5637.825,750.656,2,5.1019,2,34.4784,2,119.80923903965186,2,34.4888,2,121.631,2,2.516,2,30,2,37,2,0,2,0.5888,3,0.19989,2,0.45446,2,23.1486,2,2239.454331,2,2296.69,2,7.498665158,2,25,1359.41,2,20
33H320240201,A13.5,43,1,16,430116,11126,2,20240223,1030,-17.00242,1.10676,5637.825,560.514,2,6.7443,2,34.5878,2,79.12131115170092,2,34.5942,2,79.123,2,2.519,2,22.7,2,38.1,2,0,2,0.45008,3,0.36944,2,0.82634,2,27.55592,2,2252.555248,2,2291.86,2,7.449274291,2,25,1542.56,2,20
33H320240201,A13.5,43,1,17,430117,11020,2,20240223,1030,-17.00258,1.10643,5637.825,440.122,2,8.2469,2,34.7233,2,53.07352359587562,2,34.7278,2,53.402,2,2.438,2,18.6,2,37.6,2,0,2,0.63578,3,0.57145,2,1.23744,2,32.82714,2,2260.202891,2,2294.07,2,7.426340548,2,25,1632.04,2,20
33H320240201,A13.5,43,1,18,430118,11128,2,20240223,1030,-17.00268,1.10608,5637.825,330.628,2,10.1893,2,34.9191,2,44.413999673177535,2,34.9246,2,45.603,2,2.227,2,14.1,2,34.1,2,0.01,2,0.62735,3,0.99041,2,1.38563,2,36.5016,2,2257.745158,2,2298.48,2,7.450764613,6,25,1546.28,2,20
33H320240201,A13.5,43,1,19,430119,11031,2,20240223,1030,-17.00284,1.10596,5637.825,245.696,2,11.7029,2,35.0824,2,58.261462629518746,2,35.0917,2,57.575,6,1.947,2,10.6,2,29.8,2,0.01,2,1.45993,3,1.3205,2,2.11714,2,33.63342,2,2246.744331,2,2303.72,2,7.502531605,2,25,1347.61,2,20
33H320240201,A13.5,43,1,20,430120,11122,2,20240223,1030,-17.00298,1.1058,5637.825,201.684,2,12.8229,2,35.2059,2,77.22276720910763,2,35.2132,2,80.137,2,1.704,2,8.2,2,25.7,2,0.01,2,1.486255,3,1.45373,6,2.39213,6,27.89341,6,2229.618844,2,2308.55,2,7.570576435,2,25,1154.58,6,20
33H320240201,A13.5,43,1,21,430121,11120,2,20240223,1030,-17.00302,1.10552,5637.825,141.138,2,14.8986,2,35.5273,2,118.12871974375008,2,35.5339,2,121.047,2,1.294,2,5.2,2,18.5,2,0.02,2,1.86492,3,1.41971,2,2.44659,2,22.08205,2,2200.381886,2,2327.48,2,7.687456742,2,25,844.32,2,20
33H320240201,A13.5,43,1,22,430122,11026,2,20240223,1030,-17.0031,1.10522,5637.825,82.109,2,18.1296,2,35.9843,2,190.3719843971554,2,35.9843,2,192.951,2,0.886,2,2.1,2,10.8,2,0.2,2,2.28173,3,1.30512,2,2.11872,2,12.65142,2,2163.093442,2,2355.24,2,7.830998831,2,25,586.67,2,20
33H320240201,A13.5,43,1,23,430123,11102,2,20240223,1030,-17.00316,1.10504,5637.825,50.191,2,20.5223,2,36.1242,2,265.4045087812439,2,36.1208,2,270.788,2,0.245,2,1.1,2,0.1,2,0.01,2,2.05903,3,1.2794,2,1.69354,2,8.74832,2,2090.981303,2,2371.33,2,7.996549964,2,25,373.53,2,20
33H320240201,A13.5,43,1,24,430124,11023,2,20240223,1030,-17.00336,1.10472,5637.825,3.299,2,25.2842,2,36.4894,2,205.04587694993032,2,36.4927,2,206.173,2,0.171,2,0.4,2,0.1,2,0,2,1.87183,3,1.00839,2,1.33616,2,6.34484,2,2095.415578,6,2394.14,2,8.021554577,2,25,351.66,2,20
33H320240201,A13.5,44,1,1,440101,11113,2,20240223,1729,-17.49665,1.14406,5087.295,5077.145,2,2.4125,2,34.8655,2,219.19174676079027,2,34.8771,2,232.39,2,1.595,6,53.5,6,23.3,6,0,6,0.27149,3,0.01429,2,0.02331,2,13.92368,2,2214.628697,6,2356.085069,2,7.709849049,2,25,798.56,2,20
33H320240201,A13.5,44,1,2,440102,11067,2,20240223,1729,-17.49666,1.14368,5087.295,4651.533,2,2.3986,2,34.8697,2,216.57505334108086,2,34.881,2,231.883,2,1.601,6,52.5,6,23.3,6,0,6,0.21672,3,0.00611,2,0.0097,2,15.00902,2,2211.828353,2,2354.053056,2,7.706882752,2,25,803.14,2,20
33H320240201,A13.5,44,1,3,440103,11052,2,20240223,1729,-17.49566,1.14294,5087.295,4285.758,2,2.3855,2,34.8725,2,215.80527428943068,2,34.8839,2,230.487,2,1.597,6,52,6,23.3,6,0,6,0.1273,3,0.00772,2,0.00184,2,15.64018,2,2212.800944,2,2353.572579,2,7.703813884,2,25,804.48,2,20
33H320240201,A13.5,44,1,4,440104,11118,2,20240223,1729,-17.49615,1.14307,5087.295,3900.953,2,2.3972,2,34.8756,2,215.01851019048436,2,34.8849,2,229.752,2,1.609,6,51.3,6,23.3,6,0,6,0.19402,3,0.00374,2,0.00039,2,15.51015,2,2210.889655,2,2353.302312,2,7.710006741,2,25,806.15,2,20
33H320240201,A13.5,44,1,5,440105,11136,2,20240223,1729,-17.49671,1.14264,5087.295,3549.922,2,2.4397,2,34.8785,2,213.54146787001693,2,34.8919,2,228.4255,6,1.63,2,50.5,2,23.6,2,0,2,0,3,0.00202,2,0,2,15.0769,2,2210.803649,2,2349.138185,2,7.706138896,2,25,812.57,2,20
33H320240201,A13.5,44,1,6,440106,11027,2,20240223,1729,-17.4971,1.14216,5087.295,3200.483,2,2.5415,2,34.8831,2,213.31658167359694,2,34.8929,2,226.681,2,1.62,2,48.2,2,23.6,2,0,2,0,3,0,2,0,2,14.66238,2,2205.664724,2,2343.252351,2,7.699581249,2,25,818.37,2,20
33H320240201,A13.5,44,1,7,440107,-999,2,20240223,1729,-17.49724,1.14176,5087.295,2900.615,2,2.6697,2,34.8886,2,215.14293837780122,2,34.906,2,229.21,2,1.609,2,44.1,2,23.3,2,0.01,2,0,3,0,2,0.00025,2,14.85469,2,2201.26366,2,2334.834008,2,7.699268128,2,25,816.31,2,20
33H320240201,A13.5,44,1,8,440108,11004,2,20240223,1729,-17.4974,1.14137,5087.295,2601.476,2,2.8393,2,34.8954,2,216.98731363445893,2,34.9072,2,229.128,2,1.584,2,39.4,2,23,2,0,2,0,3,0,2,0,2,15.60683,2,2195.074995,2,2331.500704,2,7.703701253,2,25,811.48,2,20
33H320240201,A13.5,44,1,9,440109,11082,2,20240223,1729,-17.49785,1.14138,5087.295,2301.138,2,3.0796,2,34.9014,2,217.60798984266455,2,34.9141,2,230.014,2,1.561,2,34.8,2,22.8,2,0,2,0,3,0.0047,2,0.00151,2,15.27344,2,2188.954294,2,2326.315565,2,7.701301011,2,25,809.63,2,20
33H320240201,A13.5,44,1,10,440110,11115,2,20240223,1729,-17.49786,1.14109,5087.295,2000.412,2,3.3404,2,34.9021,2,215.97059663208032,2,34.9131,2,226.171,2,1.568,2,30.8,2,22.9,2,0,2,0,3,0.01591,2,0.01936,2,15.1361,2,2186.908923,2,2321.010308,2,7.698419187,2,25,817.59,2,20
33H320240201,A13.5,44,1,11,440111,11008,2,20240223,1729,-17.49812,1.14076,5087.295,1700.388,2,3.6085,2,34.8776,2,205.4076286605251,2,34.8868,6,213.566,2,1.674,2,28.8,2,24.1,2,0,2,0.15241,3,0.01604,2,0.02034,2,16.29836,2,2190.690281,2,2317.777103,2,7.678118854,2,25,860.15,2,20
33H320240201,A13.5,44,1,12,440112,-999,2,20240223,1729,-17.4981,1.14072,5087.295,1400.373,2,3.7257,2,34.7799,2,182.96167017288008,2,34.7885,2,189.546,2,1.917,2,33,2,27.9,2,0,2,0.17335,3,0.00661,2,0.00647,2,18.55488,2,2206.252855,6,2316.185526,2,7.63236112,2,25,971.8,2,20
33H320240201,A13.5,44,1,13,440113,11058,2,20240223,1729,-17.49778,1.14067,5087.295,1151.175,2,3.8127,2,34.6169,2,159.37198474810089,2,34.623,2,163.528,2,2.258,2,38.6,2,32.5,2,0,2,0,3,0.02607,2,0.0574,2,20.06049,2,2224.341897,2,2313.643006,2,7.570564058,2,25,1129.16,2,20
33H320240201,A13.5,44,1,14,440114,11124,2,20240223,1729,-17.4982,1.14069,5087.295,899.885,2,4.3694,2,34.4798,2,138.49237790602515,2,34.4871,2,140.166,2,2.463,2,35,2,35.8,2,0,2,0.23681,3,0.10778,2,0.21599,2,23.11596,2,2230.265452,2,2308.317728,2,7.524499421,2,25,1269.46,2,20
33H320240201,A13.5,44,1,15,440115,11081,2,20240223,1729,-17.49891,1.1409,5087.295,680.047,2,5.5717,2,34.501,2,104.53155565237492,2,34.5071,2,106.366,2,2.55,2,27.6,2,37.9,2,0,2,0.18804,3,0.24956,2,0.36926,2,26.90014,2,2239.879469,2,2296.415933,2,7.476856089,6,25,1440.57,2,20
33H320240201,A13.5,44,1,16,440116,11126,2,20240223,1729,-17.49902,1.14072,5087.295,522.002,2,7.0982,2,34.6137,2,69.73581073,2,34.6177,2,70.21,2,2.54,2,21.7,2,38.4,2,0,2,0.34401,3,0.46079,2,0.83459,2,30.36025,2,2250.566228,2,2291.69125,2,7.433731375,2,25,1602.395,6,20
33H320240201,A13.5,44,1,17,440117,11020,2,20240223,1729,-17.49884,1.14034,5087.295,400.547,2,8.7612,2,34.7593,2,63.13913794704796,2,34.7603,2,62.896,2,2.298,2,16.4,2,35.4,2,0.01,2,0.51165,3,0.81401,2,1.57456,2,32.48391,2,2246.184388,2,2294.524058,2,7.454170317,2,25,1528.04,2,20
33H320240201,A13.5,44,1,18,440118,11128,2,20240223,1729,-17.49886,1.14004,5087.295,302.333,2,10.4585,2,34.9119,2,83.56540136926456,2,34.9214,2,81.907,2,1.933,2,11.7,2,29.4,2,0,2,1.25934,3,1.32246,2,2.43026,2,29.63677,2,2228.437598,2,2300.349831,2,7.524029195,2,25,1287.85,2,20
33H320240201,A13.5,44,1,19,440119,11031,2,20240223,1729,-17.49894,1.13988,5087.295,241.087,2,11.9501,2,35.0697,2,109.38657498010217,2,35.0753,2,107.041,2,1.592,2,8.3,2,23.8,2,0.01,2,1.62111,3,1.50217,2,3.35257,2,23.70253,2,2206.805868,2,2307.016438,2,7.606519943,2,25,1052.84,2,20
33H320240201,A13.5,44,1,20,440120,11122,2,20240223,1729,-17.49894,1.13982,5087.295,180.238,2,13.4137,2,35.2311,2,136.64860258046187,2,35.2395,2,131.569,6,1.287,2,5.9,2,18.7,2,0.01,2,1.85392,3,1.51632,2,2.49037,2,20.41425,2,2187.394247,2,2312.722093,2,7.678162747,2,25,867.96,2,20
33H320240201,A13.5,44,1,21,440121,11120,2,20240223,1729,-17.4988,1.13966,5087.295,121.77,2,15.9561,2,35.5843,2,192.2559698276581,2,35.5952,2,195.386,2,0.659,2,2.6,2,7.7,2,0.01,2,2.12388,3,1.45872,2,2.43405,2,10.18091,2,2133.396398,2,2337.11627,6,7.843327065,6,25,558.82,2,20
33H320240201,A13.5,44,1,22,440122,11026,2,20240223,1729,-17.49889,1.13954,5087.295,70.061,2,18.2884,2,35.9188,2,221.86689020639818,2,35.9246,2,224.647,2,0.344,2,1.3,2,1,2,0.55,2,2.31408,3,1.31542,2,2.27898,2,7.79515,2,2116.63377,2,2362.631558,2,7.928143481,2,25,449.935,6,20
33H320240201,A13.5,44,1,23,440123,11102,2,20240223,1729,-17.49907,1.13952,5087.295,40.32,2,19.7545,2,35.9306,2,247.48290120293134,2,35.935,6,250.621,2,0.219,2,0.7,2,0,2,0,2,2.23527,3,1.2982,2,2.50618,2,6.95357,2,2088.600185,6,2362.2712,2,7.96872038,2,25,391.51,2,20
33H320240201,A13.5,44,1,24,440124,11023,2,20240223,1729,-17.49906,1.13933,5087.295,3.063,2,25.1884,2,36.4026,2,205.98176360742713,2,36.405,2,207.535,2,0.18,2,0.4,2,0,2,0,2,2.007615,3,0.998395,6,2.119335,6,5.488165,6,2086.481834,2,2388.81751,2,8.012557477,2,25,350.5,2,20
33H320240201,A13.5,45,1,1,450101,11113,2,20240224, 0025,-17.99812,1.16828,5351.9400000000005,5302.18,2,2.4436,2,34.8655,2,218.3624006727556,2,34.8775,2,232.18,2,1.615,6,53.6,6,23.3,6,0,6,0.19057,3,0.01269,2,0.0235,2,14.43438,2,2221.754807,2,2357.766736,2,7.714913995,2,25,796.75,2,20
33H320240201,A13.5,45,1,2,450102,11067,2,20240224, 0025,-17.99822,1.16796,5351.9400000000005,4900.4,2,2.4053,2,34.8673,2,216.7189652152118,2,34.9063,2,232.449,2,1.624,6,53.4,6,23.3,6,0,6,0,3,0.0098,2,0.0153,2,14.13004,2,2220.219275,6,2355.634623,2,7.711895897,2,25,800.63,2,20
33H320240201,A13.5,45,1,3,450103,11052,2,20240224, 0025,-17.99822,1.16754,5351.9400000000005,4150.122,2,2.3755,2,34.8734,2,214.73172108680814,2,34.8858,2,230.3,2,1.624,6,52.3,6,23.4,6,0,6,0,3,0.00667,2,0.00054,2,14.0217,2,2218.218521,2,2354.453452,2,7.70941057,2,25,803.59,2,20
33H320240201,A13.5,45,1,4,450104,11118,2,20240224, 0025,-17.99828,1.16712,5351.9400000000005,3774.647,2,2.3884,2,34.8764,2,213.49745904050243,2,34.8879,6,228.764,2,1.635,6,51.7,6,23.5,6,0,6,0.27664,3,0.00041,2,0.00065,2,13.93819,2,2219.611056,2,2354.223224,2,7.707304052,2,25,806.21,2,20
33H320240201,A13.5,45,1,5,450105,11136,2,20240224, 0025,-17.9985,1.16656,5351.9400000000005,3425.748,2,2.4294,2,34.8783,2,212.2508415528772,2,34.8904,2,227.234,2,1.651,2,51,2,23.7,2,0,2,0,3,0.00197,2,0,2,13.87841,2,2218.420879,2,2351.280308,6,7.704973863,6,25,814.08,2,20
33H320240201,A13.5,45,1,6,450106,11027,2,20240224, 0025,-17.99854,1.16624,5351.9400000000005,3100.315,2,2.5228,2,34.8815,2,213.44686283534767,2,34.9189,2,227.503,2,1.639,2,48.3,2,23.5,2,0,2,0.17808,3,0,2,0,2,13.74394,2,2212.781101,2,2344.6137,2,7.702804919,2,25,818.57,6,20
33H320240201,A13.5,45,1,7,450107,-999,2,20240224, 0025,-17.99845,1.16594,5351.9400000000005,2800.626,2,2.6275,2,34.8811,2,217.77220221491956,2,34.8918,2,231.743,2,1.619,2,44.7,2,23.2,2,0,2,0.22273,3,0.00172,2,0,2,13.454,2,2205.250958,2,2335.945109,2,7.706264737,2,25,811.27,2,20
33H320240201,A13.5,45,1,8,450108,11004,2,20240224, 0025,-17.99866,1.1654,5351.9400000000005,2501.557,2,2.8436,2,34.8914,2,217.76585222786764,2,34.9037,2,230.563,2,1.597,2,39.5,2,22.9,2,0,2,0.17179,3,0.00173,2,0.00407,2,13.62738,2,2198.949686,2,2331.130337,2,7.703832136,2,25,810.9,2,20
33H320240201,A13.5,45,1,9,450109,11082,2,20240224, 0025,-17.99882,1.16496,5351.9400000000005,2199.88,2,3.1107,2,34.8992,2,216.83552817853737,2,34.9183,2,229.038,2,1.589,2,34.2,2,22.8,2,0,2,0,3,0.00782,2,0.0008,2,14.50448,2,2195.485543,2,2327.076319,2,7.697546693,2,25,812.96,2,20
33H320240201,A13.5,45,1,10,450110,11115,2,20240224, 0025,-17.99904,1.1648,5351.9400000000005,1901.301,2,3.3853,2,34.8942,2,214.86042459138957,2,34.8978,2,225.058,2,1.603,2,30.3,2,23.1,2,0,2,0.145135,3,0.014175,6,0.01373,6,14.844245,6,2193.948545,2,2329.809028,2,7.695707935,2,25,822.35,2,20
33H320240201,A13.5,45,1,11,450111,11008,2,20240224, 0025,-17.99912,1.16449,5351.9400000000005,1599.553,2,3.6346,2,34.844,2,199.23401760893375,2,34.8525,2,206.976,2,1.773,2,30.4,2,25.3,2,0,2,0,3,0.0105,2,0.01249,2,16.04263,2,2201.587841,2,2319.268581,2,7.665406635,2,25,889.01,2,20
33H320240201,A13.5,45,1,12,450112,-999,2,20240224, 0025,-17.99933,1.16418,5351.9400000000005,1300.943,2,3.7432,2,34.7141,2,176.81287448260596,2,34.7298,2,182.505,2,2.062,2,35.4,2,29.3,2,0,2,0.20714,3,0.0145,2,0.02529,2,18.19559,2,2217.310385,6,2317.016349,2,7.616552632,2,25,1015.15,2,20
33H320240201,A13.5,45,1,13,450113,11058,2,20240224, 0025,-17.99978,1.16432,5351.9400000000005,1050.128,2,3.8656,2,34.5553,2,161.25385458046023,2,34.5635,2,165.115,2,2.318,2,38.4,2,32.9,2,0,2,0,3,0.07167,2,0.11574,2,19.25515,2,2225.686923,2,2310.509901,2,7.571276961,2,25,1131.25,2,20
33H320240201,A13.5,45,1,14,450114,11124,2,20240224, 0025,-18.00022,1.16458,5351.9400000000005,810.578,2,4.5275,2,34.4589,2,145.32223018305328,2,34.4669,2,148.309,3,2.439,2,33.1,2,34.9,2,0,2,0.40344,3,0.21422,2,0.4065,2,20.25554,2,2229.250634,2,2300.249732,2,7.537119835,2,25,1227.38,2,20
33H320240201,A13.5,45,1,15,450115,11081,2,20240224, 0025,-18.00075,1.16484,5351.9400000000005,621.295,2,5.7052,2,34.4434,2,148.40871998112647,2,34.48,2,151.05,2,2.28,2,24.1,2,33,2,0,2,-999,5,-999,5,-999,5,-999,5,2217.911467,2,-999,5,7.545634311,2,25,1202.1,2,20
33H320240201,A13.5,45,1,16,450116,11126,2,20240224, 0025,-18.0006,1.16456,5351.9400000000005,479.742,2,8.1024,2,34.6817,2,82.87470794148783,2,34.6916,2,79.059,2,2.33,2,17.8,2,35.1,2,0,2,0.55596,3,0.8297,2,1.12351,2,29.33717,2,2244.707622,2,2291.861419,2,7.528533782,2,25,1462.11,2,20
33H320240201,A13.5,45,1,17,450117,11020,2,20240224, 0025,-18.001,1.16477,5351.9400000000005,361.44,2,10.0702,2,34.8649,2,88.53413171507412,2,34.8753,6,88.92,2,1.978,2,12.3,2,29.6,2,0,2,1.19195,3,1.27683,2,1.47819,2,29.51439,2,2229.324368,2,2297.446954,2,7.587254518,2,25,1273.72,2,20
33H320240201,A13.5,45,1,18,450118,11128,2,20240224, 0025,-18.00096,1.16472,5351.9400000000005,279.869,2,11.7169,2,35.0439,2,101.26262663945361,2,35.0567,2,103.8415,6,1.673,2,8.9,2,25,2,0.01,2,1.2569,3,1.49802,2,1.86829,2,26.34143,2,2215.035187,2,2304.764206,2,7.634510648,2,25,1089.86,2,20
33H320240201,A13.5,45,1,19,450119,11031,2,20240224, 0025,-18.00075,1.16463,5351.9400000000005,220.07,2,13.2259,2,35.2225,2,111.3150473522479,2,35.2413,2,111.472,2,1.436,2,6.8,2,21.4,2,0.01,2,1.77881,3,1.5101,2,2.55782,2,23.51916,2,2203.970603,2,2311.290675,6,7.635127638,6,25,968.35,2,20
33H320240201,A13.5,45,1,20,450120,11122,2,20240224, 0025,-18.00057,1.16445,5351.9400000000005,160.907,2,15.3772,2,35.5104,2,176.18451177328467,2,35.5176,2,179.308,3,0.834,2,3.5,2,10.8,2,0.01,2,2.10812,3,1.45449,2,2.43235,2,12.94599,2,2152.777935,2,2329.398621,2,7.799970169,2,25,628.16,6,20
33H320240201,A13.5,45,1,21,450121,11120,2,20240224, 0025,-18.00062,1.16436,5351.9400000000005,99.365,2,18.2088,2,35.9626,2,207.50346499538983,2,35.9669,2,209.846,2,0.57,2,1.6,2,5.3,2,0.06,2,2.0647,3,1.28077,2,2.42185,2,9.12422,2,2133.767274,2,2361.840774,2,7.891656798,2,25,494.26,2,20
33H320240201,A13.5,45,1,22,450122,11026,2,20240224, 0025,-18.00075,1.16428,5351.9400000000005,59.407,2,19.1397,2,36.0221,2,234.20485206145023,2,36.0221,2,238.422,3,0.238,2,1.3,2,0,2,0.01,2,2.12873,3,1.26934,2,1.54568,2,7.34131,2,2103.883726,6,2368.457331,2,7.955833407,2,25,410.23,2,20
33H320240201,A13.5,45,1,23,450123,11102,2,20240224, 0025,-18.00086,1.1642,5351.9400000000005,29.725,2,24.8631,2,36.4482,2,205.23988521522415,2,36.4198,2,209.675,2,0.186,2,0.5,2,0,2,0.01,2,1.85162,3,1.0295,2,1.12572,2,6.11406,2,2092.454527,2,2392.270933,2,8.00883488,2,25,358.19,2,20
33H320240201,A13.5,45,1,24,450124,11023,2,20240224, 0025,-18.00094,1.16411,5351.9400000000005,3.429,2,24.951,2,36.4649,2,204.72396583000278,2,36.4693,2,205.842,2,0.174,2,0.4,2,0,2,0.01,2,1.77216,3,1.01181,2,1.38862,2,5.80643,2,2095.076864,2,2397.365982,2,8.015818228,2,25,354.67,2,20
33H320240201,A13.5,46,1,1,460101,11113,2,20240224, 0722,-18.49826,1.19792,5370.101000000001,5355.591,2,2.4499,2,34.8652,2,218.40167196815435,2,34.887,2,232.301,2,1.625,6,53.5,6,23.4,6,0,6,0.12583,3,0.0113,2,0.02051,2,14.72926,2,2216.354271,6,2361.890823,2,7.708264018,2,25,798.02,2,20
33H320240201,A13.5,46,1,2,460102,11067,2,20240224, 0722,-18.49814,1.19772,5370.101000000001,4900.705,2,2.4055,2,34.8674,2,216.65377591040368,2,34.8817,2,231.859,2,1.634,6,53,6,23.4,6,0,6,0.20753,3,0.00986,2,0.00849,2,14.28615,2,2213.840901,2,2357.416389,2,7.712128546,6,25,801.22,2,20
33H320240201,A13.5,46,1,3,460103,11052,2,20240224, 0722,-18.49871,1.19744,5370.101000000001,4448.184,2,2.387,2,34.8712,2,215.10596661953076,2,34.8848,2,231.557,2,1.635,6,52.7,6,23.4,6,0,6,0,3,0.00761,2,0.00209,2,13.48719,2,2213.725845,2,2354.923919,2,7.710183612,2,25,803.155,6,20
33H320240201,A13.5,46,1,4,460104,11118,2,20240224, 0722,-18.49888,1.19714,5370.101000000001,4050.914,2,2.3767,2,34.8746,2,214.12323704088897,2,34.8921,2,229.114,2,1.643,6,52.4,6,23.4,6,0,6,0,3,0.00243,2,0,2,13.16793,2,2213.026247,2,2355.554544,2,7.703811097,2,25,805.2,2,20
33H320240201,A13.5,46,1,5,460105,11136,2,20240224, 0722,-18.49862,1.1971,5370.101000000001,3674.615,2,2.3963,2,34.877,2,213.0282351304863,2,34.8922,6,228.25,2,1.646,2,51.8,2,23.7,2,0,2,0,3,0,2,0,2,13.19084,2,2213.532617,2,2356.985962,2,7.70493257,2,25,810.26,2,20
33H320240201,A13.5,46,1,6,460106,11027,2,20240224, 0722,-18.49864,1.1969,5370.101000000001,3300.53,2,2.4597,2,34.8785,2,212.30348436205338,2,34.8891,2,227.403,2,1.655,2,50.4,2,23.7,2,0,2,0.14261,3,0.00201,2,0,2,13.25992,2,2209.831874,2,2351.430456,2,7.702765502,2,25,817.96,2,20
33H320240201,A13.5,46,1,7,460107,-999,2,20240224, 0722,-18.49874,1.19672,5370.101000000001,2984.793,2,2.5519,2,34.8791,2,215.95924260423894,2,34.89,2,230.084,6,1.637,2,47.2,2,23.5,2,0,2,0.13457,3,0,2,0,2,12.47563,2,2202.321136,2,2342.521627,2,7.706870283,2,25,814.05,2,20
33H320240201,A13.5,46,1,8,460108,11004,2,20240224, 0722,-18.49878,1.19676,5370.101000000001,2700.223,2,2.6959,2,34.8852,2,217.7684419879932,2,34.8959,2,231.562,2,1.613,2,43.5,2,23.2,2,0,2,0,3,0,2,0.00015,2,13.59402,2,2197.984256,2,2337.366518,2,7.703016932,2,25,810.85,2,20
33H320240201,A13.5,46,1,9,460109,11082,2,20240224, 0722,-18.499,1.19648,5370.101000000001,2400.783,2,2.9026,2,34.8928,2,219.28756056342323,2,34.9046,6,232.345,2,1.595,2,37.9,2,22.9,2,0.01,2,0.20739,3,0.00584,2,0.00214,2,13.6089,2,2190.510577,2,2332.351548,2,7.706033746,2,25,806.2,2,20
33H320240201,A13.5,46,1,10,460110,11115,2,20240224, 0722,-18.49898,1.19618,5370.101000000001,2100.132,2,3.1358,2,34.8987,2,217.4183723768814,2,34.9134,2,228.236,2,1.596,2,33.7,2,23,2,0,2,0.1516,3,0.00739,2,0.00624,2,13.76274,2,2187.645139,2,2326.585833,2,7.69929846,2,25,812.21,2,20
33H320240201,A13.5,46,1,11,460111,11008,2,20240224, 0722,-18.49891,1.19608,5370.101000000001,1800.145,2,3.4397,2,34.8872,2,209.5743478803047,2,34.9021,2,218.662,2,1.665,2,30.5,2,23.8,2,0.01,2,0.17918,3,0.00838,2,0.00524,2,14.35476,2,2191.993424,2,2321.120417,2,7.684272167,2,25,842.6,2,20
33H320240201,A13.5,46,1,12,460112,-999,2,20240224, 0722,-18.49938,1.19606,5370.101000000001,1499.412,2,3.6573,2,34.8283,2,196.64250618300477,2,34.8364,2,203.427,2,1.807,2,31.2,2,26,2,0.01,2,0,3,0.01102,2,0.01621,2,15.67357,2,2198.844113,2,2316.676012,2,7.660059814,2,25,904.14,2,20
33H320240201,A13.5,46,1,13,460113,11058,2,20240224, 0722,-18.49968,1.19583,5370.101000000001,1249.445,2,3.7363,2,34.7046,2,176.05348157676144,2,34.7192,2,180.943,2,2.084,2,36.2,2,29.7,2,0.01,2,0,3,0.01998,2,0.03581,2,17.85956,2,2213.611907,2,2315.094444,2,7.611723809,2,25,1020.4,2,20
33H320240201,A13.5,46,1,14,460114,11124,2,20240224, 0722,-18.5,1.19568,5370.101000000001,949.948,2,4.011,2,34.5105,2,153.54602793764133,2,34.5219,2,156.326,2,2.395,2,37.8,2,34.3,2,0,2,0,3,0.09489,2,0.17609,2,20.29269,2,2226.404976,6,2308.12754,2,7.551928798,2,25,1173.31,2,20
33H320240201,A13.5,46,1,15,460115,11081,2,20240224, 0722,-18.50006,1.19548,5370.101000000001,750.434,2,4.637,2,34.4478,2,145.64689592331865,2,34.4575,2,147.491,2,2.458,2,32.7,2,35.2,2,0,2,0.41499,3,0.31795,2,0.60927,2,20.12616,2,2225.190988,2,2300.870347,2,7.535234463,2,25,1232.16,2,20
33H320240201,A13.5,46,1,16,460116,11126,2,20240224, 0722,-18.49998,1.19514,5370.101000000001,560.595,2,6.2736,2,34.5029,2,123.03706203051622,2,34.5081,2,123.692,3,2.367,2,22.6,2,34.8,2,0.01,2,0.56079,3,0.8215,2,1.75944,2,23.41438,2,2223.526489,2,2291.110675,2,7.519855788,2,25,1310.05,2,20
33H320240201,A13.5,46,1,17,460117,11020,2,20240224, 0722,-18.49994,1.19462,5370.101000000001,438.871,2,7.977,2,34.6048,2,137.85033894403676,2,34.6091,2,143.4895,6,1.998,2,15.5,2,29,2,0.01,2,1.21715,3,1.46568,2,2.39731,2,22.33152,2,2203.092342,2,2289.398978,2,7.570409791,2,25,1124.92,6,20
33H320240201,A13.5,46,1,18,460118,11128,2,20240224, 0722,-18.49992,1.19432,5370.101000000001,331.789,2,10.7766,2,34.9654,2,60.16638730315105,2,34.9856,2,61.056,2,2.074,2,12.3,2,31.5,2,0.01,2,1.12744,3,1.23244,2,1.79641,2,31.37883,2,2237.634595,2,2298.518016,2,7.48914811,2,25,1399.68,2,20
33H320240201,A13.5,46,1,19,460119,11031,2,20240224, 0722,-18.4999,1.19438,5370.101000000001,261.036,2,12.1459,2,35.1147,2,83.06458361511486,2,35.119,2,83.555,2,1.773,2,9.2,2,26.5,2,0.01,2,1.3597,3,1.45475,2,2.36438,2,27.64099,2,2220.944705,2,2303.232688,2,7.559635325,2,25,1169.49,2,20
33H320240201,A13.5,46,1,20,460120,11122,2,20240224, 0722,-18.4999,1.19446,5370.101000000001,199.836,2,13.4585,2,35.2242,2,145.60017583017998,2,35.2293,2,147.424,2,1.218,2,5.5,2,16.9,2,0.02,2,2.032965,3,1.48696,6,2.469125,6,13.719985,6,2174.756714,2,2311.460843,2,7.706510457,2,25,806.38,2,20
33H320240201,A13.5,46,1,21,460121,11120,2,20240224, 0722,-18.49986,1.19458,5370.101000000001,139.716,2,17.0687,2,35.8035,2,192.93486909870003,2,35.7917,2,194.939,2,0.71,2,2.4,2,7.9,2,0.02,2,1.84173,3,1.29208,2,2.31884,2,8.01777,2,2137.830689,2,2345.334415,2,7.851093124,2,25,548.45,2,20
33H320240201,A13.5,46,1,22,460122,11026,2,20240224, 0722,-18.49994,1.19468,5370.101000000001,79.321,2,18.4891,2,35.9606,2,223.30747496107688,2,35.9658,2,229.254,3,0.312,2,1.3,2,0.3,2,0.17,2,2.01329,3,1.30186,2,1.40857,2,8.22724,2,2110.982027,2,2373.001835,2,7.940171623,2,25,436.07,2,20
33H320240201,A13.5,46,1,23,460123,11102,2,20240224, 0722,-18.49997,1.19472,5370.101000000001,51.053,2,20.3179,2,35.9659,2,247.88704422844472,2,35.9958,2,249.991,2,0.238,2,0.9,2,0.1,2,0.01,2,1.84085,3,1.27638,2,1.4944,2,7.4136,2,2085.868261,6,2364.683591,6,7.97886082,6,25,385.87,2,20
33H320240201,A13.5,46,1,24,460124,11023,2,20240224, 0722,-18.50008,1.19472,5370.101000000001,4.07,2,24.7251,2,36.4367,2,205.89144715902032,2,36.4403,2,206.946,2,0.189,2,0.5,2,0.1,2,0.01,2,1.7193,3,1.02374,2,1.4442,2,5.9478,2,2092.008261,2,2391.089762,2,8.008580647,2,25,355.4,2,20
33H320240201,A13.5,47,1,1,470101,11113,2,20240224,1423,-19.0009,1.22194,5640.675,5623.435,2,2.487,2,34.8652,2,217.70278653418575,2,34.9039,2,232.026,2,1.601,6,53.9,6,23.3,6,0.01,6,0,3,0.01421,6,0.018235,6,13.40465,6,2217.755577,2,2360.018968,2,7.710548948,6,25,797.76,2,20
33H320240201,A13.5,47,1,2,470102,11067,2,20240224,1423,-19.00108,1.22125,5640.675,4901.462,2,2.4097,2,34.8678,2,215.25901689091612,2,34.8787,2,231.584,2,1.603,6,53.6,6,23.4,6,0.01,6,0,3,0.00965,2,0.01185,2,14.28061,2,2216.262652,6,2358.087054,2,7.709717636,2,25,800.04,2,20
33H320240201,A13.5,47,1,3,470103,11052,2,20240224,1423,-19.00131,1.22116,5640.675,4301.484,2,2.387,2,34.8726,2,213.593657,2,34.8956,2,230.717,2,1.606,6,52.7,6,23.5,6,0.01,6,0.20229,3,0.00431,2,0,2,14.41055,2,2214.874462,2,2355.704692,2,7.708297111,2,25,801.615,6,20
33H320240201,A13.5,47,1,4,470104,11118,2,20240224,1423,-19.00116,1.22048,5640.675,3899.975,2,2.3866,2,34.8752,2,213.30644526012676,2,34.8857,2,229.47,2,1.615,6,52.1,6,23.5,6,0.01,6,0,3,0.00005,2,0,2,14.73079,2,2213.269343,2,2354.193194,2,7.70953662,2,25,811.44,2,20
33H320240201,A13.5,47,1,5,470105,11136,2,20240224,1423,-19.00114,1.22026,5640.675,3548.682,2,2.4199,2,34.8761,2,212.10330624250022,2,34.9086,2,227.893,2,1.637,2,51.4,2,23.7,2,0.01,2,0,3,0.00064,2,0,2,15.07361,2,2213.304124,2,2353.612619,2,7.703115736,2,25,804.58,2,20
33H320240201,A13.5,47,1,6,470106,11027,2,20240224,1423,-19.0014,1.22014,5640.675,3200.997,2,2.4925,2,34.8774,2,213.68597920665934,2,34.888,6,229.192,2,1.625,2,49.2,2,23.6,2,0.01,2,0.19075,3,0.00027,2,0,2,15.176,2,2208.582956,2,2347.066131,2,7.701680854,2,25,816.45,2,20
33H320240201,A13.5,47,1,7,470107,-999,2,20240224,1423,-19.00146,1.21968,5640.675,2901.128,2,2.6081,2,34.882,2,214.88220267817366,2,34.9166,2,228.809,2,1.596,2,45.8,2,23.4,2,0,2,0,3,0,2,0,2,14.88375,2,2203.814961,2,2339.788919,2,7.70176173,2,25,817.53,2,20
33H320240201,A13.5,47,1,8,470108,11004,2,20240224,1423,-19.00156,1.21955,5640.675,2600.708,2,2.778,2,34.8889,2,216.69611973151524,2,34.9067,2,230.062,2,1.598,2,41.3,2,23.1,2,0,2,0,3,0,2,0.00369,2,14.71842,2,2197.476755,2,2333.943125,2,7.704441296,2,25,813.4,2,20
33H320240201,A13.5,47,1,9,470109,11082,2,20240224,1423,-19.00192,1.21944,5640.675,2302.044,2,3.0277,2,34.8987,2,215.09155364677773,2,34.9218,2,225.42,2,1.59,2,36.3,2,23,2,0,2,0.16159,3,0.00489,2,0.0049,2,14.89369,2,2193.776066,2,2328.818046,2,7.698642523,2,25,818.05,2,20
33H320240201,A13.5,47,1,10,470110,11115,2,20240224,1423,-19.00182,1.219,5640.675,1999.697,2,3.2752,2,34.8993,2,212.58041790841452,2,34.9288,2,222.8,2,1.608,2,32.4,2,23.3,2,0,2,0,3,0.00621,2,0.00697,2,15.88977,2,2191.247829,2,2324.954216,2,7.693097148,2,25,829.06,2,20
33H320240201,A13.5,47,1,11,470111,11008,2,20240224,1423,-19.00216,1.2187,5640.675,1701.564,2,3.5303,2,34.8715,2,206.84974934409016,2,34.881,2,216.405,2,1.671,2,30.1,2,24.3,2,0,2,0.13933,3,0.01451,2,0.01849,2,16.23334,2,2193.259194,2,2321.050347,2,7.682170849,2,25,854.66,2,20
33H320240201,A13.5,47,1,12,470112,-999,2,20240224,1423,-19.0024,1.21894,5640.675,1400.927,2,3.71,2,34.784,2,187.86728519192212,2,34.7954,6,194.951,2,1.878,2,32.8,2,27.4,2,0,2,0,3,0.01302,2,0.01789,2,16.09999,2,2205.678792,2,2317.566895,2,7.638630843,2,25,948.82,2,20
33H320240201,A13.5,47,1,13,470113,11058,2,20240224,1423,-19.00232,1.21883,5640.675,1151.087,2,3.7634,2,34.634,2,169.41795236401296,2,34.6511,2,173.974,2,2.159,2,38.1,2,31.2,2,0,2,0,3,0.04417,2,0.09764,2,20.58803,2,2219.56941,6,2314.974325,2,7.591733613,2,25,1070.42,2,20
33H320240201,A13.5,47,1,14,470114,11124,2,20240224,1423,-19.00222,1.21854,5640.675,901.356,2,4.0827,2,34.4921,2,152.7929525131655,2,34.511,2,155.384,2,2.379,2,37.4,2,34.3,2,0,2,0.1646,3,0.12925,2,0.16946,2,22.76751,2,2227.874125,2,2305.665099,2,7.552192042,2,25,1188.45,2,20
33H320240201,A13.5,47,1,15,470115,11081,2,20240224,1423,-19.00202,1.21825,5640.675,682.068,2,4.997,2,34.4485,2,139.21817791095947,2,34.4586,2,141.144,2,2.4,2,29.9,2,35.3,2,0.01,2,0.23163,3,0.43445,2,0.54493,2,25.50482,2,2224.663485,2,2296.866379,2,7.530539943,2,25,1260.58,2,20
33H320240201,A13.5,47,1,16,470116,11126,2,20240224,1423,-19.00194,1.21799,5640.675,520.743,2,6.4077,2,34.4994,2,130.61396644434623,2,34.508,2,131.959,6,2.256,2,21.7,2,33.6,2,0,2,0.71306,3,0.9832,2,1.69253,2,26.12807,2,2220.081713,2,2292.652202,2,7.525915074,2,25,1262.43,2,20
33H320240201,A13.5,47,1,17,470117,11020,2,20240224,1423,-19.00226,1.21819,5640.675,399.47,2,8.0287,2,34.5901,2,164.30238807081903,2,34.5958,2,163.396,2,1.847,2,14.6,2,26.8,2,0,2,1.41416,3,1.56138,2,2.88642,2,22.44914,2,2192.265271,2,2292.311865,6,7.607227738,6,25,1025.76,2,20
33H320240201,A13.5,47,1,18,470118,11128,2,20240224,1423,-19.00263,1.21834,5640.675,300.827,2,10.9523,2,34.9167,2,148.58837998207204,2,34.9315,2,151.882,2,1.468,2,8.5,2,21.2,2,0.01,2,1.65358,3,1.63095,2,3.06361,2,21.74447,2,2183.03065,2,2302.221687,2,7.655900904,2,25,911.75,2,20
33H320240201,A13.5,47,1,19,470119,11031,2,20240224,1423,-19.00281,1.2183,5640.675,241.338,2,12.4338,2,35.0837,2,165.76798338331255,2,35.0883,2,167.767,2,1.173,2,6.1,2,16.5,2,0.01,2,1.97359,3,1.62671,2,3.04236,2,18.59446,2,2165.041988,2,2307.857272,2,7.71976862,2,25,779.27,2,20
33H320240201,A13.5,47,1,20,470120,11122,2,20240224,1423,-19.00288,1.21812,5640.675,180.379,2,14.7408,2,35.3915,2,178.61724325063818,2,35.4124,2,179.226,2,0.856,2,3.9,2,11.2,2,0.02,2,2.03135,3,1.45443,2,2.8884,2,13.61858,2,2147.643821,2,2323.993264,2,7.7932842,2,25,638.23,2,20
33H320240201,A13.5,47,1,21,470121,11120,2,20240224,1423,-19.00288,1.21798,5640.675,121.077,2,18.1931,2,35.9469,2,208.61077648197994,2,35.9576,2,211.651,2,0.541,2,1.8,2,4.7,2,0.23,2,2.16261,3,1.30195,2,1.82258,2,9.55901,2,2127.03977,2,2362.531458,2,7.896644854,2,25,485.795,6,20
33H320240201,A13.5,47,1,22,470122,11026,2,20240224,1423,-19.00306,1.2181,5640.675,71.036,2,19.0707,2,35.947,2,239.57801389434235,2,35.956,2,242.953,2,0.258,2,1.4,2,0.1,2,0,2,2.0706,3,1.29191,2,1.62723,2,8.30706,2,2097.758563,6,2363.662579,2,7.962799142,2,25,407.14,2,20
33H320240201,A13.5,47,1,23,470123,11102,2,20240224,1423,-19.00314,1.21816,5640.675,40.817,2,24.6554,2,36.3353,2,207.83382773371014,2,36.3316,2,210.982,2,0.226,2,0.7,2,0.1,2,0,2,1.65265,3,1.03125,2,1.41088,2,6.74076,2,2083.44959,2,2386.635347,2,8.008631758,2,25,353.07,2,20
33H320240201,A13.5,47,1,24,470124,11023,2,20240224,1423,-19.003,1.2182,5640.675,2.588,2,24.9263,2,36.3556,2,206.09484051839027,2,36.3595,2,206.714,2,0.202,2,0.6,2,0.1,2,0,2,1.99017,3,1.00903,2,1.60956,2,6.4973,2,2084.928282,2,2388.136835,2,8.016448497,2,25,352.32,2,20
33H320240201,A13.5,48,1,1,480101,11113,2,20240224,2125,-19.49991,1.25086,5697.17,5597.53,2,2.4854,2,34.8652,2,217.36818435342786,2,34.8791,2,232.168,2,1.617,6,54.2,6,23.4,6,0.01,6,0,3,0.01475,2,0.02478,2,14.80028,2,2216.591319,2,2362.711637,2,7.712452231,2,25,797.04,6,20
33H320240201,A13.5,48,1,2,480102,11067,2,20240224,2125,-19.50017,1.25052,5697.17,4800.286,2,2.4151,2,34.869,2,214.5680465701684,2,34.8877,6,231.587,2,1.618,6,53.2,6,23.5,6,0.01,6,0,3,0.00757,2,0.00286,2,14.73194,2,2215.533991,6,2359.538492,2,7.710101022,2,25,799.07,2,20
33H320240201,A13.5,48,1,3,480103,11052,2,20240224,2125,-19.50059,1.24994,5697.17,4151.685,2,2.3812,2,34.8733,2,213.70206436701423,2,34.8882,2,230.27,2,1.627,6,52.5,6,23.6,6,0.01,6,0,3,0.00193,2,0,2,14.59883,2,2212.773337,2,2356.915893,2,7.707136133,2,25,801.74,2,20
33H320240201,A13.5,48,1,4,480104,11118,2,20240224,2125,-19.50064,1.2499,5697.17,3776.502,2,2.3997,2,34.8755,2,211.8814536202418,2,34.8864,2,227.522,2,1.633,6,52.3,6,23.7,6,0.01,6,0,3,0.00231,2,0,2,14.67281,2,2213.658607,2,2356.565546,2,7.70756318,2,25,808.86,2,20
33H320240201,A13.5,48,1,5,480105,11136,2,20240224,2125,-19.50112,1.24978,5697.17,3424.263,2,2.4472,2,34.876,2,212.9510893600511,2,34.8865,2,228.44,2,1.634,2,50.7,2,23.7,2,0.01,2,0,3,0.00124,2,0,2,14.15468,2,2208.724339,2,2350.049087,2,7.709107306,2,25,812.57,2,20
33H320240201,A13.5,48,1,6,480106,11027,2,20240224,2125,-19.50114,1.24918,5697.17,3100.095,2,2.5373,2,34.879,2,213.58223627819206,2,34.8889,2,228.453,2,1.633,2,48.3,2,23.6,2,0.01,2,0,3,0.00089,2,0,2,13.87014,2,2204.322505,2,2345.024107,6,7.702174506,6,25,817.88,2,20
33H320240201,A13.5,48,1,7,480107,-999,2,20240224,2125,-19.50107,1.24856,5697.17,2800.436,2,2.6769,2,34.8858,2,214.4570135514657,2,34.8973,2,228.757,2,1.6,2,44.4,2,23.5,2,0.01,2,0.18852,3,0,2,0,2,13.7195,2,2199.77146,2,2338.657798,2,7.697564436,2,25,818.85,2,20
33H320240201,A13.5,48,1,8,480108,11004,2,20240224,2125,-19.50143,1.2486,5697.17,2500.567,2,2.875,2,34.8945,2,214.91985747734947,2,34.904,2,228.197,2,1.593,2,39.6,2,23.2,2,0.01,2,0.1204,3,0.003,2,0.00022,2,13.8375,2,2195.53735,2,2332.221419,2,7.700177245,2,25,818.98,2,20
33H320240201,A13.5,48,1,9,480109,11082,2,20240224,2125,-19.50189,1.24808,5697.17,2200.448,2,3.0892,2,34.8979,2,217.7521638955898,2,34.9091,2,229.874,2,1.576,2,34.4,2,22.9,2,0.01,2,0,3,0.00626,2,0.01708,2,12.94282,2,2188.848983,2,2327.666905,2,7.705293603,2,25,809.15,2,20
33H320240201,A13.5,48,1,10,480110,11115,2,20240224,2125,-19.50208,1.24807,5697.17,1901.298,2,3.3677,2,34.8916,2,214.31733105939642,2,34.9011,2,224.063,3,1.604,2,31,2,23.4,2,0.01,2,0,3,0.01574,2,0.01314,2,14.33689,2,2187.91451,2,2323.19247,2,7.693593886,2,25,822.03,2,20
33H320240201,A13.5,48,1,11,480111,11008,2,20240224,2125,-19.5018,1.24774,5697.17,1601.313,2,3.608,2,34.8477,2,201.0928492787496,2,34.8609,2,208.964,2,1.729,2,30.6,2,25.3,2,0.01,2,0,3,0.01761,2,0.01158,2,15.49649,2,2196.054445,2,2319.779087,2,7.671498094,2,25,880.14,2,20
33H320240201,A13.5,48,1,12,480112,-999,2,20240224,2125,-19.50198,1.24768,5697.17,1299.809,2,3.7294,2,34.7265,2,178.5754375954489,2,34.7345,2,184.365,2,2.007,2,35.5,2,29.1,2,0.01,2,0,3,0.02021,2,0.02133,2,17.76937,2,2211.443876,6,2316.355694,2,7.621483282,2,25,1001.68,2,20
33H320240201,A13.5,48,1,13,480113,11058,2,20240224,2125,-19.50204,1.2475,5697.17,1050.365,2,3.8445,2,34.5678,2,160.45651851014438,2,34.5786,2,165.117,2,2.294,2,39,2,32.9,2,0.01,2,0.20322,3,0.06404,2,0.11073,2,18.92292,2,2223.441329,2,2315.014365,2,7.569719291,2,25,1132.89,2,20
33H320240201,A13.5,48,1,14,480114,11124,2,20240224,2125,-19.5022,1.24735,5697.17,810.43,2,4.4467,2,34.4602,2,144.28618218548223,2,34.4711,6,146.438,2,2.457,6,34.5,6,35.4,6,0.01,6,0.23963,3,0.20882,2,0.40865,2,20.56446,2,2228.523372,2,2303.252708,2,7.538218416,2,25,1240.96,2,20
33H320240201,A13.5,48,1,15,480115,11081,2,20240224,2125,-19.50236,1.24735,5697.17,619.949,2,5.4355,2,34.4511,2,138.89012424074866,2,34.4682,2,140.827,6,2.374,6,26.9,6,34.8,6,0.01,6,0.48119,3,0.68066,2,1.43128,2,20.35543,2,2222.308944,2,2294.974504,2,7.528234285,2,25,1252.3,2,20
33H320240201,A13.5,48,1,16,480116,11126,2,20240224,2125,-19.50252,1.24738,5697.17,480.656,2,7.3168,2,34.5613,2,128.77982755808083,2,34.5675,2,129.707,3,2.139,2,17.9,2,31.9,2,0,2,1.15523,3,1.23428,2,2.39897,2,21.06946,2,2215.563578,2,2292.301855,2,7.543841425,2,25,1225.73,2,20
33H320240201,A13.5,48,1,17,480117,11020,2,20240224,2125,-19.50274,1.24742,5697.17,360.423,2,9.7955,2,34.7919,2,139.75275631268474,2,34.7934,2,141.02,2,1.708,2,11,2,25,2,0.01,2,1.27958,3,1.56172,2,-999,5,19.14906,2,2196.027363,2,2299.879365,2,7.610662188,2,25,1021.23,2,20
33H320240201,A13.5,48,1,18,480118,11128,2,20240224,2125,-19.50283,1.24748,5697.17,279.774,2,11.7542,2,35.0237,2,133.97726459070313,2,35.0277,2,136.416,2,1.47,2,7.6,2,21.4,2,0.01,2,1.58164,3,1.620075,6,2.412975,6,19.65673,6,2189.268497,2,2307.396815,2,7.648400692,2,25,924.79,2,20
33H320240201,A13.5,48,1,19,480119,11031,2,20240224,2125,-19.5029,1.24752,5697.17,220.221,2,13.2996,2,35.1968,2,164.77676343951626,2,35.2133,2,163.061,2,1.104,2,5.2,2,15.4,2,0.01,2,2.00711,3,1.60872,2,2.71646,2,16.08497,2,2165.655462,2,2315.364712,2,7.729993564,2,25,745.81,2,20
33H320240201,A13.5,48,1,20,480120,11122,2,20240224,2125,-19.50305,1.24749,5697.17,160.395,2,15.2277,2,35.4453,2,193.10246120072318,2,35.4476,2,195.211,2,0.69,2,3.2,2,8.4,2,0.02,2,2.31825,3,1.49446,2,2.60438,2,10.38511,2,2132.852867,2,2329.899117,2,7.831817769,2,25,568.75,2,20
33H320240201,A13.5,48,1,21,480121,11120,2,20240224,2125,-19.50324,1.24742,5697.17,100.329,2,18.2289,2,35.9257,2,216.28614423711892,2,35.9299,2,218.177,2,0.403,2,1.7,2,2.1,2,0.44,2,2.36433,3,1.30983,2,2.31303,2,7.59578,2,2117.622272,2,2362.501429,6,7.920057362,6,25,456.12,2,20
33H320240201,A13.5,48,1,22,480122,11026,2,20240224,2125,-19.50334,1.24744,5697.17,65.309,2,18.9884,2,35.872,2,242.6038903869204,2,35.9026,2,244.703,3,0.248,2,1.3,2,0.1,2,0.01,2,-999,5,-999,5,-999,5,-999,5,2091.437766,6,2362.111042,2,7.961725684,2,25,405.51,2,20
33H320240201,A13.5,48,1,23,480123,11102,2,20240224,2125,-19.5034,1.24742,5697.17,30.078,2,24.5734,2,36.3642,2,207.02226249079743,2,36.3645,2,208.552,2,0.201,2,0.6,2,0.1,2,0.01,2,2.00133,3,1.01704,2,1.50707,2,5.46586,2,2088.504334,2,2388.82752,2,8.006766188,2,25,357.92,6,20
33H320240201,A13.5,48,1,24,480124,11023,2,20240224,2125,-19.5032,1.24742,5697.17,2.488,2,24.6244,2,36.3717,2,206.8978173529525,2,36.3763,2,207.768,2,0.19,2,0.6,2,0.1,2,0.01,2,1.42946,3,0.99542,2,1.84564,2,5.00553,2,2088.034942,2,2390.889563,2,8.012491863,2,25,357.04,2,20
33H320240201,A13.5,49,1,1,490101,11113,2,20240225, 0510,-19.9984,1.28062,5655.959000000001,5556.319,2,2.4813,2,34.8655,2,217.2724667994328,2,34.8778,2,-999,5,1.635,6,54,6,23.5,6,0,6,0.16966,3,0.01375,2,0.0183,2,13.34554,2,2220.939681,2,2370.399256,2,7.715506482,2,25,800.9,2,20
33H320240201,A13.5,49,1,2,490102,11067,2,20240225, 0510,-19.99918,1.27952,5655.959000000001,5051.118,2,2.4363,2,34.8686,2,214.96389262090898,2,34.88,2,230.451,2,1.633,6,53.6,6,23.5,6,0,6,0,3,0.00755,2,0.00313,2,13.66172,2,2216.638857,2,2361.600536,2,7.713722777,2,25,803.055,6,20
33H320240201,A13.5,49,1,3,490103,11052,3,20240225, 0510,-19.9991,1.27912,5655.959000000001,4534.894,2,2.404,2,34.8716,2,214.05904390235744,2,34.8884,6,231.421,2,1.636,6,52.9,6,23.6,6,0,6,0.16961,3,0.00398,2,0.00078,2,13.6186,2,2216.201781,6,2358.006974,2,7.711293372,2,25,802.55,2,20
33H320240201,A13.5,49,1,4,490104,11118,2,20240225, 0510,-19.99939,1.27844,5655.959000000001,4050.399,2,2.391,2,34.8746,2,213.45000862968305,2,34.8976,2,237.853,3,1.638,6,52.2,6,23.6,6,0,6,0,3,0,2,0.00027,2,13.82998,2,2215.006307,2,2356.325308,6,7.708395955,6,25,804.41,2,20
33H320240201,A13.5,49,1,5,490105,11136,2,20240225, 0510,-19.99973,1.27798,5655.959000000001,3675.388,2,2.4195,2,34.8767,2,212.33783238011793,2,34.8915,2,228.343,2,1.645,2,51.3,2,23.7,2,0,2,0,3,0.00024,2,0,2,13.64167,2,2214.450529,2,2354.81381,2,7.70773347,2,25,810.74,2,20
33H320240201,A13.5,49,1,6,490106,11027,2,20240225, 0510,-19.99981,1.27791,5655.959000000001,3300.274,2,2.4938,2,34.8789,2,212.64293840810285,2,34.8892,2,228.094,2,1.645,2,49.4,2,23.7,2,0,2,0.148,3,0.002,6,0.000255,6,13.568025,6,2208.819103,2,2347.876935,2,7.700677532,2,25,818.54,2,20
33H320240201,A13.5,49,1,7,490107,-999,2,20240225, 0510,-19.99984,1.27772,5655.959000000001,3000.019,2,2.5871,2,34.8814,2,215.32946287946086,2,34.9013,2,230.126,2,1.636,2,46.1,2,23.4,2,0,2,0,3,0.00241,2,0.00001,2,14.11982,2,2204.280258,2,2342.701806,2,7.701066284,2,25,814.47,2,20
33H320240201,A13.5,49,1,8,490108,11004,2,20240225, 0510,-20.00008,1.27762,5655.959000000001,2700.134,2,2.6903,2,34.8839,2,218.44639514458856,2,34.895,2,232.172,2,1.611,2,42.8,2,23.2,2,0,2,0,3,0.00282,2,0.00496,2,13.51029,2,2196.157803,2,2335.744911,2,7.706174839,2,25,809.06,2,20
33H320240201,A13.5,49,1,9,490109,11082,2,20240225, 0510,-20.00012,1.27717,5655.959000000001,2400.687,2,2.878,2,34.8885,2,222.35550672739623,2,34.9131,2,235.9725,6,1.576,2,37.7,2,22.6,2,0,2,0,3,0.01407,2,0.02279,2,13.77479,2,2192.118865,2,2329.758978,2,7.710203438,2,25,797.77,2,20
33H320240201,A13.5,49,1,10,490110,11115,2,20240225, 0510,-20.00032,1.27728,5655.959000000001,2098.983,2,3.1554,2,34.8919,2,220.59630348549985,2,34.9121,2,232.481,2,1.584,2,33.2,2,22.7,2,0,2,0.29806,3,0.02756,2,0.03968,2,13.75671,2,2188.055561,2,2325.414673,2,7.706293523,2,25,805.18,2,20
33H320240201,A13.5,49,1,11,490111,11008,2,20240225, 0510,-20.0005,1.27702,5655.959000000001,1800.293,2,3.4436,2,34.8693,2,211.78048543720487,2,34.8924,2,221.12,2,1.657,2,31.2,2,23.8,2,0,2,0,3,0.03626,2,0.04758,2,14.73588,2,2190.797107,2,2323.20248,2,7.687081461,2,25,840.82,2,20
33H320240201,A13.5,49,1,12,490112,-999,2,20240225, 0510,-20.00042,1.27662,5655.959000000001,1499.274,2,3.7152,2,34.79,2,190.06985064626204,2,34.8035,2,197.068,2,1.895,2,32.5,2,27.2,2,0,2,0,3,0.02253,2,0.02438,2,16.56455,2,2206.529307,2,2317.226558,2,7.645306222,2,25,937.67,2,20
33H320240201,A13.5,49,1,13,490113,11058,2,20240225, 0510,-20.00057,1.27674,5655.959000000001,1247.922,2,3.7861,2,34.6647,2,174.39081097344402,2,34.6737,2,179.037,2,2.138,2,36.5,2,30.4,2,0,2,0,3,0.04058,2,0.06638,2,18.23137,2,2215.546412,6,2314.563919,2,7.606623328,2,25,1034.41,2,20
33H320240201,A13.5,49,1,14,490114,11124,2,20240225, 0510,-20.00078,1.27675,5655.959000000001,949.742,2,3.9954,2,34.5031,2,159.25853426203153,2,34.5122,2,162.689,6,2.381,2,37.8,2,33.8,2,0,2,0.19492,3,0.13647,2,0.23677,2,19.64244,2,2224.650103,2,2308.377788,2,7.565794034,2,25,1152.96,2,20
33H320240201,A13.5,49,1,15,490115,11081,2,20240225, 0510,-20.00054,1.27646,5655.959000000001,750.263,2,4.5974,2,34.445,2,148.18981770423673,2,34.4551,2,150.294,2,2.433,2,33,2,35.1,2,0,2,0.16795,3,0.3337,2,0.64213,2,20.57004,2,2225.139517,2,2302.381845,2,7.539581594,2,25,1216.72,2,20
33H320240201,A13.5,49,1,16,490116,11126,2,20240225, 0510,-20.00076,1.2766,5655.959000000001,560.265,2,6.0736,2,34.4562,2,144.50499700582455,2,34.4651,2,144.744,2,2.298,2,22.4,2,33.3,2,0,2,0.71345,3,1.04738,2,2.21215,2,22.55249,2,2218.347704,2,2292.301855,2,7.540356559,2,25,1225.48,6,20
33H320240201,A13.5,49,1,17,490117,11020,2,20240225, 0510,-20.00081,1.27649,5655.959000000001,440.588,2,8.2493,2,34.6119,2,156.32043588861563,2,34.6224,2,157.199,2,1.868,2,14.1,2,26.9,2,0.01,2,1.34628,3,1.54831,2,2.0843,2,20.474,2,2196.936176,2,2294.103641,2,7.60468244,2,25,1042.63,2,20
33H320240201,A13.5,49,1,18,490118,11128,2,20240225, 0510,-20.0009,1.27628,5655.959000000001,330.241,2,11.1499,2,34.9491,2,130.81655456841287,2,34.9493,2,134.153,2,1.59,2,8.9,2,23.1,2,0.01,2,1.53114,3,1.57731,2,1.99996,2,21.42052,2,2197.740319,2,2296.816329,2,7.625426664,2,25,986.02,2,20
33H320240201,A13.5,49,1,19,490119,11031,2,20240225, 0510,-20.00084,1.27618,5655.959000000001,259.071,2,12.6666,2,35.1276,2,137.90084646058514,2,35.1298,2,141.11,3,1.362,2,6.8,2,19.6,2,0.01,2,1.81025,3,1.57444,2,2.33407,2,20.39153,2,2189.075561,2,2309.909306,2,7.666676206,2,25,889.29,2,20
33H320240201,A13.5,49,1,20,490120,11122,2,20240225, 0510,-20.00076,1.2761,5655.959000000001,199.96,2,14.4316,2,35.327,2,167.06576735752276,2,35.325,2,170.657,3,1.005,2,4.6,2,13.4,2,0.01,2,2.13455,3,1.51479,2,2.45533,2,14.59795,2,2159.824209,2,2319.258571,2,7.75535619,2,25,702.88,2,20
33H320240201,A13.5,49,1,21,490121,11120,2,20240225, 0510,-20.00064,1.2761,5655.959000000001,139.746,2,16.8953,2,35.6558,2,211.3209247507899,2,35.6603,2,214.516,2,0.657,2,1.9,2,6.5,2,0.02,2,2.41219,3,1.35771,2,2.36519,2,8.73842,2,2134.130241,2,2344.443532,2,7.870142529,2,25,526.52,2,20
33H320240201,A13.5,49,1,22,490122,11026,2,20240225, 0510,-20.00056,1.27594,5655.959000000001,80.381,2,17.9899,2,35.8061,2,221.84771056434045,2,35.8211,2,226.79,2,0.399,2,1.4,2,0.8,2,0.49,2,2.24343,3,1.3029,2,2.21234,2,8.50964,2,2115.919404,6,2355.534524,2,7.916032639,2,25,460.21,2,20
33H320240201,A13.5,49,1,23,490123,11102,2,20240225, 0510,-20.00058,1.27586,5655.959000000001,49.669,2,19.3761,2,35.7861,2,253.0685826680256,2,35.7938,2,255.822,2,0.258,2,1.2,2,0.1,2,0.01,2,2.02029,3,1.28708,2,2.33305,2,7.55843,2,2085.810623,2,2355.604593,2,7.971894042,2,25,392.64,2,20
33H320240201,A13.5,49,1,24,490124,11023,2,20240225, 0510,-20.00066,1.2759,5655.959000000001,3.556,2,24.1952,2,36.203,2,207.98295662575345,2,36.207,2,209.136,2,0.213,2,0.5,2,0.1,2,0,2,1.98756,3,1.03878,2,1.4294,2,6.76069,2,2087.66503,2,2381.119881,6,8.026702676,6,25,361.46,2,20
33H320240201,A13.5,50,1,1,500101,11113,2,20240225,1211,-20.50258,1.30298,5636.947,5537.307,2,2.4882,2,34.866,2,216.82496214517303,2,34.8795,2,231.097,2,1.614,6,53.9,6,23.5,6,0,6,0,3,0.00828,2,0.01127,2,15.94703,2,2218.15475,6,2361.140079,2,7.716097599,2,25,795.41,2,20
33H320240201,A13.5,50,1,2,500102,11067,2,20240225,1211,-20.50298,1.30254,5636.947,4920.636,2,2.4287,2,34.8689,2,214.90722080923203,2,34.8825,2,230.711,2,1.626,6,53.2,6,23.5,6,0,6,0.23654,3,0.01276,2,0.01497,2,16.88995,2,2216.177406,2,2358.657619,2,7.711936376,2,25,799.18,2,20
33H320240201,A13.5,50,1,3,500103,11052,2,20240225,1211,-20.5037,1.3017,5636.947,4301.321,2,2.3969,2,34.8729,2,213.86751958349197,2,34.8852,2,230.923,2,1.629,6,52.4,6,23.5,6,0,6,0.13476,3,0.00382,2,0.00241,2,16.67942,2,2212.650314,2,2357.156131,2,7.709111417,2,25,802.03,6,20
33H320240201,A13.5,50,1,4,500104,11118,2,20240225,1211,-20.50412,1.30138,5636.947,3898.937,2,2.3997,2,34.8753,2,213.22844873126056,2,34.8899,2,228.553,2,1.632,6,51.6,6,23.5,6,0,6,0,3,0.00267,2,0,2,15.90767,2,2213.282844,2,2355.904891,2,7.707649394,2,25,805.28,2,20
33H320240201,A13.5,50,1,5,500105,11136,2,20240225,1211,-20.50462,1.3009,5636.947,3550.599,2,2.4306,2,34.8763,2,212.7899789569762,2,34.8885,2,228.386,2,1.649,2,51.1,2,23.6,2,0,2,0,3,0.00113,2,0.00038,2,18.12793,2,2211.30313,2,2350.579613,2,7.705192672,2,25,810.66,2,20
33H320240201,A13.5,50,1,6,500106,11027,2,20240225,1211,-20.50509,1.3007,5636.947,3199.246,2,2.4756,2,34.873,2,217.38841198686998,2,34.8841,2,233.1,2,1.626,2,48.7,2,23.4,2,0,2,0,3,0.00242,2,0.00265,2,19.0917,2,2203.357382,2,2344.033125,2,7.706942913,6,25,806.94,2,20
33H320240201,A13.5,50,1,7,500107,-999,2,20240225,1211,-20.50558,1.3007,5636.947,2900.028,2,2.5471,2,34.8727,2,220.6094889645153,2,34.8843,6,235.37,2,1.6,2,46.4,2,23.2,2,0,2,0,3,0.00956,2,0.00878,2,19.31971,2,2196.392119,2,2338.577718,2,7.705887913,2,25,803.5,2,20
33H320240201,A13.5,50,1,8,500108,11004,2,20240225,1211,-20.50592,1.30072,5636.947,2599.307,2,2.6826,2,34.8772,2,222.57961319189369,2,34.8987,2,235.679,2,1.598,2,42.2,2,22.9,2,0,2,0,3,0.012595,6,0.01885,6,18.39301,6,2193.408123,2,2333.933115,2,7.708033456,2,25,799.79,2,20
33H320240201,A13.5,50,1,9,500109,11082,2,20240225,1211,-20.50624,1.30059,5636.947,2300.014,2,2.9262,2,34.8875,2,223.28650296632577,2,34.9044,2,236.391,2,1.555,2,36.8,2,22.5,2,0,2,0,3,0.02576,2,0.04937,2,16.35037,2,2187.070538,2,2328.677907,2,7.706385513,2,25,797.03,2,20
33H320240201,A13.5,50,1,10,500110,11115,2,20240225,1211,-20.50672,1.30033,5636.947,2000.301,2,3.2032,2,34.8806,2,219.2130511,2,34.892,2,230.953,2,1.583,2,33.3,2,23,2,0,2,0.11821,3,0.04167,2,0.06505,2,16.45035,2,2187.053475,2,2327.476716,2,7.697965871,2,25,813.67,2,20
33H320240201,A13.5,50,1,11,500111,11008,2,20240225,1211,-20.50718,1.30028,5636.947,1700.058,2,3.5086,2,34.8249,2,202.62848599977318,2,34.8493,2,211.337,2,1.753,2,33.5,2,25.3,2,0,2,0,3,0.0334,2,0.05566,2,17.85517,2,2195.814807,2,2322.121409,2,7.667907847,2,25,882.48,2,20
33H320240201,A13.5,50,1,12,500112,-999,2,20240225,1211,-20.50754,1.29991,5636.947,1399.679,2,3.7976,2,34.7282,2,182.0445819904989,2,34.7382,2,188.853,2,1.986,2,34.1,2,28.7,2,0,2,0,3,0.03315,2,0.04516,2,20.13067,2,2208.719229,6,2317.196528,2,7.624343834,2,25,984.87,2,20
33H320240201,A13.5,50,1,13,500113,11058,2,20240225,1211,-20.50772,1.2995,5636.947,1150.452,2,3.8496,2,34.576,2,164.8152430264017,2,34.5847,2,169.735,2,2.258,2,38.2,2,32.4,2,0,2,0,3,0.07539,2,0.13866,2,21.36265,2,2220.423013,2,2312.511885,2,7.581056089,2,25,1105.36,2,20
33H320240201,A13.5,50,1,14,500114,11124,2,20240225,1211,-20.50804,1.29951,5636.947,900.014,2,4.2985,2,34.463,2,150.58271757614165,2,34.4704,2,153.308,2,2.411,2,35.5,2,34.8,2,0,2,0,3,0.20026,2,0.4605,2,21.51396,2,2225.331823,2,2317.266597,2,7.546987152,2,25,1206.1,2,20
33H320240201,A13.5,50,1,15,500115,11081,2,20240225,1211,-20.50834,1.2992,5636.947,679.996,2,5.4778,2,34.4613,2,131.41589466733166,2,34.469,2,132.093,2,2.397,2,26.9,2,35.4,2,0,2,0.38414,3,0.58813,2,1.28161,2,24.25562,2,2225.726713,2,2298.387887,2,7.517717471,6,25,1293.31,2,20
33H320240201,A13.5,50,1,16,500116,11126,2,20240225,1211,-20.50862,1.2987,5636.947,520.161,2,7.3119,2,34.5833,2,106.14419932312197,2,34.7526,2,106.472,2,2.296,2,19.3,2,34.3,2,0,2,0.70284,3,1.00894,2,1.95856,2,26.95012,2,2230.012917,2,2292.552103,2,7.497519949,2,25,1364.025,6,20
33H320240201,A13.5,50,1,17,500117,11020,2,20240225,1211,-20.50902,1.29876,5636.947,400.429,2,9.3711,2,34.7451,2,129.98853809170356,2,34.7519,2,130.724,2,1.837,2,12.5,2,27,2,0,2,1.32223,3,1.51861,2,2.79455,2,23.32355,2,2206.52406,2,2296.596111,2,7.579928961,2,25,1108.3,2,20
33H320240201,A13.5,50,1,18,500118,11128,2,20240225,1211,-20.50934,1.29884,5636.947,300.956,2,11.6446,2,35.0029,2,141.91549086449305,2,35.009,2,143.552,2,1.433,2,7.6,2,20.8,2,0,2,1.52438,3,1.61973,2,2.48577,2,21.31472,2,2187.091867,2,2305.685119,2,7.654836524,2,25,915.46,2,20
33H320240201,A13.5,50,1,19,500119,11031,2,20240225,1211,-20.50923,1.29822,5636.947,238.623,2,13.1502,2,35.1752,2,153.45836214893956,2,35.167,6,152.724,2,1.191,2,5.8,2,17,2,0.01,2,2.01778,3,1.58181,2,2.92115,2,18.44909,2,2175.542781,2,2312.822192,2,7.705702352,2,25,807.2,2,20
33H320240201,A13.5,50,1,20,500120,11122,2,20240225,1211,-20.50918,1.29762,5636.947,181.335,2,15.33,2,35.4488,2,182.0178925314958,2,35.4761,2,186.16,2,0.932,2,3.4,2,12,2,0.02,2,2.18741,3,1.46717,2,2.71152,2,11.44345,2,2152.048163,2,2327.807044,2,7.788744783,2,25,649.1,2,20
33H320240201,A13.5,50,1,21,500121,11120,2,20240225,1211,-20.50947,1.29772,5636.947,118.855,2,17.0587,2,35.6807,2,212.84847600456084,2,35.7069,2,215.8,2,0.678,2,1.5,2,6.7,2,0.02,2,1.97644,3,1.34869,2,2.55767,2,8.78795,2,2130.053071,2,2345.90498,2,7.866893759,2,25,527.64,2,20
33H320240201,A13.5,50,1,22,500122,11026,2,20240225,1211,-20.50976,1.29777,5636.947,69.812,2,17.7603,2,35.7804,2,218.36156910249193,2,35.7862,2,220.956,2,0.519,2,1.3,2,3.5,2,0.55,2,2.25015,3,1.33419,2,1.90525,2,10.30271,2,2120.14218,2,2352.391409,2,7.898574015,2,25,483.36,2,20
33H320240201,A13.5,50,1,23,500123,11102,2,20240225,1211,-20.50994,1.29769,5636.947,41.233,2,19.2439,2,35.7952,2,254.72189851839983,2,35.7977,2,257.436,2,0.297,2,1.1,2,0.1,2,0,2,2.13531,3,1.33642,2,2.21435,2,8.08078,2,2084.671917,2,2357.176151,2,7.968753977,2,25,395.68,2,20
33H320240201,A13.5,50,1,24,500124,11023,2,20240225,1211,-20.51012,1.29765,5636.947,3.182,2,24.205,2,36.0766,2,208.7354073094752,2,36.0798,2,210.065,2,0.233,2,0.7,2,0.1,2,0,2,1.83125,3,1.05036,2,1.71725,2,6.20301,2,2086.143071,6,2372.741577,2,7.998101846,2,25,370.08,2,20
33H320240201,A13.5,51,1,1,510101,11113,2,20240225,1912,-20.9988,1.33574,5538.775,5538.775,2,2.4941,2,34.8668,2,216.7032714486692,2,34.8794,2,231.128,2,1.641,6,53.6,6,23.5,6,0.01,6,0,3,0.00855,2,0.01679,2,15.19521,2,2221.516796,2,2361.79,2,7.714064629,2,25,797.915,6,20
33H320240201,A13.5,51,1,2,510102,11067,2,20240225,1912,-20.99909,1.33464,5538.775,4852.813,2,2.4232,2,34.8694,2,214.56812382232636,2,34.8873,2,230.673,2,1.643,6,53.1,6,23.6,6,0,6,0,3,0.00637,2,0.00685,2,15.66286,2,2217.815882,6,2359.51,2,7.710527894,2,25,799.7,2,20
33H320240201,A13.5,51,1,3,510103,11052,2,20240225,1912,-20.99988,1.33434,5538.775,4148.978,2,2.3908,2,34.8736,2,213.66742336649824,2,34.8849,2,230.336,2,1.647,6,52.2,6,23.6,6,0,6,0,3,0.00321,2,0.00082,2,14.21104,2,2217.002653,2,2356.77,2,7.711205401,2,25,801.7,2,20
33H320240201,A13.5,51,1,4,510104,11118,2,20240225,1912,-21.00024,1.3339,5538.775,3774.376,2,2.4116,2,34.8752,2,213.32426624568745,2,34.8873,2,228.604,2,1.654,6,51.4,6,23.6,6,0,6,-999,5,-999,5,-999,5,14.75555,2,2212.979723,2,2353.9,2,7.710178307,2,25,805.23,2,20
33H320240201,A13.5,51,1,5,510105,11136,2,20240225,1912,-21.00033,1.33398,5538.775,3423.718,2,2.4503,2,34.8745,2,215.28469021078982,2,34.8865,2,230.528,2,1.657,2,49.9,2,23.6,2,0,2,0,3,0.0028,2,0.00026,2,14.49379,2,2207.485826,2,2348.93,6,7.706766586,6,25,807.13,2,20
33H320240201,A13.5,51,1,6,510106,11027,2,20240225,1912,-21.00032,1.33368,5538.775,3101.653,2,2.5127,2,34.8752,2,217.18449703929016,2,34.8896,2,232.69,2,1.639,2,47.5,2,23.5,2,0,2,0.20136,3,0.00458,2,0.00062,2,14.18889,2,2199.538202,2,2342.78,2,7.70953662,2,25,809.06,2,20
33H320240201,A13.5,51,1,7,510107,-999,2,20240225,1912,-21.00046,1.33368,5538.775,2801.592,2,2.5926,2,34.8735,2,221.0881649736675,2,34.8843,2,235.332,2,1.62,2,44.7,2,23.2,2,0,2,0,3,0.00419,2,0.00779,2,14.18845,2,2198.754346,2,2338.58,2,7.706533288,2,25,802.79,2,20
33H320240201,A13.5,51,1,8,510108,11004,2,20240225,1912,-21.00039,1.3337,5538.775,2500.53,2,2.739,2,34.8778,2,222.8282686883131,2,34.9005,2,235.656,2,1.575,2,41.3,2,22.9,2,0,2,0.18173,3,0.01334,2,0.01735,2,14.0252,2,2197.847346,2,2331.98,2,7.707216188,2,25,800.15,2,20
33H320240201,A13.5,51,1,9,510109,11082,2,20240225,1912,-21.00046,1.33358,5538.775,2201.91,2,2.9877,2,34.8871,2,222.99667127648164,2,34.8998,2,235.416,2,1.583,2,35.8,2,22.6,2,0,2,0,3,0.02653,2,0.05,2,13.61888,2,2188.237945,2,2327.42,2,7.709563658,2,25,799.54,2,20
33H320240201,A13.5,51,1,10,510110,11115,2,20240225,1912,-21.0002,1.33321,5538.775,1901.081,2,3.3041,2,34.8732,2,215.6053460613532,2,34.8928,6,225.939,2,1.638,2,32.8,2,23.5,2,0,2,0,3,0.03975,2,0.07074,2,14.6102,2,2190.202934,2,2324.64,2,7.691811249,2,25,827.08,2,20
33H320240201,A13.5,51,1,11,510111,11008,2,20240225,1912,-21.00012,1.33295,5538.775,1599.911,2,3.5573,2,34.8022,2,197.83530877483807,2,34.8127,2,206.184,2,1.842,2,34.2,2,26.2,2,0,2,0,3,0.03486,2,0.05205,2,16.38863,2,2202.008021,2,2321.29,2,7.656068108,2,25,905.26,2,20
33H320240201,A13.5,51,1,12,510112,-999,2,20240225,1912,-21.00016,1.33242,5538.775,1301.325,2,3.8121,2,34.6747,2,173.8031612671347,2,34.6991,2,179.086,2,2.129,2,35.8,2,30.3,2,0,2,0.25328,3,0.03805,2,0.05503,2,18.91038,2,2217.375634,2,2313.05,2,7.605892691,6,25,1034.43,2,20
33H320240201,A13.5,51,1,13,510113,11058,2,20240225,1912,-21.00006,1.33198,5538.775,1050.032,2,3.962,2,34.518,2,159.64303252766823,2,34.5265,2,164.433,2,2.366,2,38,2,33.6,2,0,2,0,3,0.12063,2,0.17282,2,20.60248,2,2223.902101,2,2308.48,2,7.567268704,2,25,1145.61,6,20
33H320240201,A13.5,51,1,14,510114,11124,2,20240225,1912,-21.00028,1.3318,5538.775,811.374,2,4.8625,2,34.4581,2,131.89824669752778,2,34.4649,2,133.355,2,2.51,2,31.4,2,36.3,2,0,2,0.23701,3,0.29351,2,0.45663,2,23.50607,2,2231.804415,6,2299.89,2,7.513271894,2,25,1306.16,2,20
33H320240201,A13.5,51,1,15,510115,11081,2,20240225,1912,-21.00062,1.3316,5538.775,620.955,2,6.1912,2,34.5182,2,106.37728488815792,2,34.5296,2,107.1,2,2.49,2,23.9,2,36.7,2,0,2,0.49994,3,0.58699,2,1.06444,2,25.58205,2,2237.711844,2,2292.31,2,7.487728001,2,25,1411.12,2,20
33H320240201,A13.5,51,1,16,510116,11126,2,20240225,1912,-21.00094,1.33152,5538.775,480.833,2,7.9499,2,34.6401,2,98.74786772803424,2,34.6435,2,99.853,2,2.293,2,17.4,2,33.7,2,0.01,2,0.97665,3,1.08776,2,1.86004,2,26.58208,2,2233.596285,2,2293.35,2,7.494235998,2,25,1366.91,2,20
33H320240201,A13.5,51,1,17,510117,11020,2,20240225,1912,-21.0013,1.33158,5538.775,361.156,2,9.8418,2,34.776,2,156.7530396017623,2,34.7807,2,159.415,2,1.614,2,10.1,2,23,2,0.01,2,1.50746,3,1.62072,2,2.98516,2,19.499,2,2187.231275,2,2295.99,2,7.63789885,2,25,946.43,2,20
33H320240201,A13.5,51,1,18,510118,11128,2,20240225,1912,-21.00157,1.3316,5538.775,281.872,2,11.7472,2,34.9996,2,181.36981187458537,2,35.0241,2,183.249,2,1.158,2,5.8,2,15.9,2,0.01,2,1.87211,3,1.68337,2,2.98691,2,16.3546,2,2159.287993,2,2305.17,2,7.73020496,2,25,743.34,2,20
33H320240201,A13.5,51,1,19,510119,11031,2,20240225,1912,-21.00172,1.33139,5538.775,220.774,2,13.534,2,35.2124,2,195.87425810271318,2,35.2591,2,197.913,2,0.832,2,3.9,2,10.5,2,0.01,2,2.13807,3,1.591465,6,2.749765,6,15.0814,6,2139.83692,2,2314.41,2,7.796463172,2,25,621.92,2,20
33H320240201,A13.5,51,1,20,510120,11122,2,20240225,1912,-21.00177,1.33098,5538.775,160.672,2,15.2194,2,35.4379,2,200.5576819011956,2,35.4428,2,202.658,2,0.643,2,3.1,2,7.2,2,0.01,2,2.25139,3,1.47821,2,2.50494,2,12.90886,2,2127.737449,2,2329.13,2,7.842554998,2,25,547.27,2,20
33H320240201,A13.5,51,1,21,510121,11120,2,20240225,1912,-21.002,1.3308,5538.775,101.042,2,17.2091,2,35.7106,2,212.9339101516642,2,35.7178,2,214.6505,6,0.542,2,1.9,2,4.4,2,0.13,2,2.29758,3,1.36519,2,2.29082,2,12.30762,2,2124.145519,2,2348.45,2,7.888035002,2,25,492.66,2,20
33H320240201,A13.5,51,1,22,510122,11026,2,20240225,1912,-21.00222,1.33097,5538.775,59.732,2,19.2406,2,35.736,2,249.08467761390202,2,35.7396,6,251.673,2,0.22,2,1.4,2,0.1,2,0.01,2,2.65647,3,1.35686,2,2.22515,2,9.87964,2,2082.831326,6,2353.45,2,7.974091607,2,25,393.62,2,20
33H320240201,A13.5,51,1,23,510123,11102,2,20240225,1912,-21.0023,1.3311,5538.775,31.405,2,24.1115,2,36.0532,2,208.27556617997027,2,36.0611,2,210.668,2,0.245,2,0.7,2,0.1,2,0.01,2,2.50957,3,1.06517,2,1.66234,2,7.95541,2,2084.191018,2,2372.59,2,7.999035662,2,25,368.82,2,20
33H320240201,A13.5,51,1,24,510124,11023,2,20240225,1912,-21.00231,1.33105,5538.775,2.232,2,24.1702,2,36.0533,2,208.31835300704364,2,36.057,2,-0.959,4,0.236,2,0.8,2,0.1,2,0,2,1.94361,3,1.05059,2,1.65754,2,8.32038,2,2085.310622,2,2371.07,2,7.996894983,2,25,368.85,2,20
33H320240201,A13.5,52,1,1,520101,11113,2,20240226, 0203,-21.50094,1.36323,5523.432,5523.432,2,2.4905,2,34.8667,2,216.34257957085438,2,34.9096,2,230.809,2,1.617,6,53.8,6,23.6,6,0,6,0,3,0.0105,2,0.01422,2,19.33929,2,2218.905449,6,2369.37,2,7.715251053,2,25,795.69,2,20
33H320240201,A13.5,52,1,2,520102,11067,2,20240226, 0203,-21.50102,1.36234,5523.432,5000.063,2,2.4312,2,34.8681,2,214.47723684182705,2,34.8807,2,230.023,2,1.611,6,53.5,6,23.6,6,0,6,0.18223,3,0.00732,2,0.0097,2,18.60543,2,2217.131068,2,2361.47,2,7.710144973,2,25,799.12,2,20
33H320240201,A13.5,52,1,3,520103,11052,2,20240226, 0203,-21.50142,1.36181,5523.432,4449.775,2,2.3956,2,34.8714,2,214.01547809181505,2,34.8822,2,230.586,2,1.615,6,52.7,6,23.6,6,0,6,0,3,0.00463,2,0.00571,2,18.68268,2,2213.974961,2,2358.24,6,7.713396146,6,25,800.665,6,20
33H320240201,A13.5,52,1,4,520104,11118,2,20240226, 0203,-21.50174,1.3616,5523.432,4050.285,2,2.3833,2,34.8735,2,213.74986352526534,2,34.8829,2,229.185,2,1.614,6,51.9,6,23.6,6,0,6,0,3,0.00207,2,0.00585,2,19.22198,2,2212.31576,2,2355.01,2,7.710650603,2,25,803.09,2,20
33H320240201,A13.5,52,1,5,520105,11136,2,20240226, 0203,-21.50181,1.36105,5523.432,3675.688,2,2.3965,2,34.8745,2,213.75862009844462,2,34.8862,2,229.466,2,1.618,2,51.3,2,23.7,2,0,2,0,3,0.00341,2,0.00459,2,18.82005,2,2211.80654,2,2381.11,3,7.710179235,2,25,806.57,2,20
33H320240201,A13.5,52,1,6,520106,11027,2,20240226, 0203,-21.50146,1.36065,5523.432,3301.316,2,2.4414,2,34.8735,2,216.1710905944181,2,34.8836,2,232.034,2,1.614,2,49.4,2,23.6,2,0,2,0.32978,3,0.00157,2,0.00696,2,19.37886,2,2205.114076,2,2348.13,2,7.708639114,2,25,808.34,2,20
33H320240201,A13.5,52,1,7,520107,-999,2,20240226, 0203,-21.50138,1.36028,5523.432,3001.174,2,2.4962,2,34.8712,2,219.1184364,2,34.8824,2,233.935,2,1.596,2,47.3,2,23.5,2,0,2,0.28286,3,0.00199,2,0.00209,2,19.17307,2,2198.324165,2,2341.88,2,7.705631093,2,25,806.74,2,20
33H320240201,A13.5,52,1,8,520108,11004,2,20240226, 0203,-21.50114,1.36052,5523.432,2699.609,2,2.5883,2,34.8718,2,221.85746275306374,2,34.8828,2,235.147,2,1.581,2,44.7,2,23.2,2,0,2,0.29404,3,0.00902,2,0.0096,2,19.14953,2,2193.799383,2,2335.19,2,7.705543996,2,25,804.8,2,20
33H320240201,A13.5,52,1,9,520109,11082,2,20240226, 0203,-21.50106,1.36068,5523.432,2396.147,2,2.7501,2,34.8743,2,222.52492797421692,2,34.8882,6,235.593,2,1.576,2,40.9,2,23,2,0,2,0,3,0.01337,2,0.02126,2,19.30117,2,2189.851414,2,2331.26,2,7.704114539,2,25,803.86,2,20
33H320240201,A13.5,52,1,10,520110,11115,2,20240226, 0203,-21.50063,1.36056,5523.432,2099.924,2,3.0257,2,34.8811,2,221.65579014879728,2,34.89,2,233.917,2,1.557,2,35.8,2,22.9,2,0,2,0.2987,3,0.02719,2,0.04181,2,19.72324,2,2186.665556,2,2327.46,2,7.706566276,2,25,806.63,2,20
33H320240201,A13.5,52,1,11,520111,11008,2,20240226, 0203,-21.50036,1.36076,5523.432,1800.647,2,3.337,2,34.8585,2,212.33634269408802,2,34.868,2,221.737,2,1.644,2,33.2,2,24,2,0,2,0,3,0.03488,2,0.06209,2,20.61898,2,2192.220091,2,2322.76,2,7.6867373,2,25,842.65,2,20
33H320240201,A13.5,52,1,12,520112,-999,2,20240226, 0203,-21.50058,1.3609,5523.432,1494.473,2,3.5889,2,34.7719,2,192.36913297840385,2,34.7808,2,199.297,6,1.857,2,35.3,2,27.3,2,0,2,0.3635,3,0.03875,2,0.05731,2,22.63454,2,2203.133108,2,2319.94,2,7.64650064,2,25,931.25,2,20
33H320240201,A13.5,52,1,13,520113,11058,2,20240226, 0203,-21.50073,1.3607,5523.432,1251.665,2,3.7045,2,34.6587,2,173.49054303803797,2,34.667,2,177.862,2,2.114,2,38.3,2,30.7,2,0,2,0.4396,3,0.05073,2,0.09554,2,25.03983,2,2216.782079,6,2316.31,2,7.602915166,2,25,1047.6,2,20
33H320240201,A13.5,52,1,14,520114,11124,2,20240226, 0203,-21.50095,1.36099,5523.432,949.418,2,3.9837,2,34.493,2,159.67255345664182,2,34.5006,2,163.386,2,2.334,2,38,2,33.9,2,0,2,0,3,0.16579,2,0.32661,2,26.84812,2,2221.280517,2,2309.01,2,7.56430791,2,25,1156.22,2,20
33H320240201,A13.5,52,1,15,520115,11081,2,20240226, 0203,-21.50116,1.3613,5523.432,749.962,2,4.7766,2,34.4303,2,149.4986469,2,34.4363,2,152.363,2,2.373,2,31.2,2,34.7,2,0,2,0.34608,3,0.54668,2,1.07383,2,28.59798,2,2221.659407,2,2298.64,2,7.543423335,2,25,1214.94,6,20
33H320240201,A13.5,52,1,16,520116,11126,2,20240226, 0203,-21.5011,1.36126,5523.432,540.296,2,6.6555,2,34.4669,2,167.48275758819926,2,34.4751,2,167.924,2,2.017,2,18.2,2,29.7,2,0,2,1.11952,3,1.44999,2,2.83955,2,27.36924,2,2193.665657,2,2291.93,2,7.585569468,6,25,1084.6,2,20
33H320240201,A13.5,52,1,17,520117,11020,2,20240226, 0203,-21.50108,1.36115,5523.432,439.354,2,8.7803,2,34.6559,2,174.32421099567014,2,34.6625,2,176.289,2,1.628,2,11.5,2,23.6,2,0,2,1.4987,3,1.69793,2,3.19619,2,24.01472,2,2178.020185,2,2295.13,2,7.648602592,2,25,921.47,2,20
33H320240201,A13.5,52,1,18,520118,11128,2,20240226, 0203,-21.50126,1.36118,5523.432,330.214,2,11.3208,2,34.9611,2,144.5476990748853,2,34.9665,2,146.105,2,1.446,2,7.9,2,21.2,2,0.01,2,1.61138,3,1.6201,2,2.92252,2,26.96524,2,2183.973601,2,2306.04,2,7.652104248,2,25,915.39,2,20
33H320240201,A13.5,52,1,19,520119,11031,2,20240226, 0203,-21.50136,1.36122,5523.432,260.303,2,12.825,2,35.1406,2,146.70053519526644,2,35.1501,2,147.715,2,1.24,2,6.1,2,18,2,0.01,2,1.90362,3,1.60288,2,2.79803,2,25.18291,2,2177.22338,2,2311.65,2,7.688739798,2,25,834.83,2,20
33H320240201,A13.5,52,1,20,520120,11122,2,20240226, 0203,-21.50148,1.36136,5523.432,200.712,2,14.479,2,35.3328,2,196.40367159096067,2,35.3414,2,199.155,2,0.703,2,3.3,2,8.7,2,0.01,2,2.22479,3,1.50881,2,2.61311,2,16.11917,2,2131.433641,2,2324.67,2,7.823255834,2,25,586.34,2,20
33H320240201,A13.5,52,1,21,520121,11120,2,20240226, 0203,-21.50156,1.36151,5523.432,140.012,2,16.7489,2,35.6303,2,211.82270294122173,2,35.6339,2,215.178,2,0.581,2,2.1,2,5.7,2,0.03,2,2.14534,3,1.37712,6,2.317575,6,12.314155,6,2122.60092,2,2342.76,2,7.876214835,2,25,515.5,2,20
33H320240201,A13.5,52,1,22,520122,11026,2,20240226, 0203,-21.50136,1.36142,5523.432,78.933,2,17.9028,2,35.7356,2,232.34212906396252,2,35.7373,2,235.499,2,0.255,2,1.7,2,0.1,2,0.01,2,2.24147,3,1.34753,2,2.25112,2,10.31259,2,2097.068212,6,2354.11,2,7.938969135,2,25,432.35,2,20
33H320240201,A13.5,52,1,23,520123,11102,2,20240226, 0203,-21.50122,1.3611,5523.432,54.628,2,19.36,2,35.7157,2,257.4620100328024,2,35.7258,2,262.167,2,0.239,2,1.2,2,0.1,2,0.01,2,1.85707,3,1.3058,2,2.22229,2,10.18448,2,2076.603967,2,2352.28,2,7.975725551,2,25,388.83,2,20
33H320240201,A13.5,52,1,24,520124,11023,2,20240226, 0203,-21.50126,1.36118,5523.432,2.282,2,24.1716,2,36.1086,2,208.27504578151027,2,36.1106,2,209.841,6,0.224,2,0.6,2,0,2,0.01,2,1.75662,3,1.02492,2,1.72587,2,7.763,2,2080.139894,2,2376.7,2,8.003551612,2,25,365.69,2,20
33H320240201,A13.5,53,1,1,530101,11113,2,20240226, 0901,-22.00186,1.3854,5285.218,5285.218,2,2.4645,2,34.8675,2,217.15885133771835,2,34.8783,2,230.383,3,1.634,6,53.6,6,23.6,6,0,6,0,3,0.01008,2,0.01697,2,19.11131,2,2223.37254,2,2363.84,2,7.712023428,2,25,794.75,2,20
33H320240201,A13.5,53,1,2,530102,11067,2,20240226, 0901,-22.00238,1.38512,5285.218,4802.096,2,2.4168,2,34.8693,2,215.1546105298051,2,34.8808,2,229.85,2,1.642,6,53.6,6,23.5,6,0,6,0.36273,3,0.0063,2,0.01039,2,19.30839,2,2220.858535,6,2361.22,2,7.712999718,2,25,799.16,6,20
33H320240201,A13.5,53,1,3,530103,11052,2,20240226, 0901,-22.00242,1.38484,5285.218,4301.711,2,2.3825,2,34.8718,2,214.69300704850082,2,34.8827,2,230.218,3,1.646,6,53.1,6,23.6,6,0,6,0,3,0.00432,2,0.00665,2,19.00727,2,2217.921689,2,2361.01,2,7.713378837,2,25,799.52,2,20
33H320240201,A13.5,53,1,4,530104,11118,2,20240226, 0901,-22.00266,1.3843,5285.218,3900.282,2,2.3792,2,34.8737,2,214.2885426018037,2,34.8872,6,228.678,2,1.643,6,52.2,6,23.7,6,0.01,6,0,3,0.002465,6,0.002605,6,19.1309,6,2215.325667,2,2358.42,2,7.714818418,2,25,801.93,2,20
33H320240201,A13.5,53,1,5,530105,11136,2,20240226, 0901,-22.00312,1.3842,5285.218,3498.818,2,2.3956,2,34.8722,2,215.52307649414612,2,34.8821,2,230.377,2,1.645,2,51.6,2,23.7,2,0.01,2,-999,5,-999,5,-999,5,-999,5,2211.736698,2,2352.89,2,7.707567558,2,25,804.86,2,20
33H320240201,A13.5,53,1,6,530106,11027,2,20240226, 0901,-22.00325,1.38366,5285.218,3200.894,2,2.4338,2,34.8685,2,218.26612123114626,2,34.8788,2,233.52,2,1.645,2,49.9,2,23.6,2,0.01,2,-999,5,-999,5,-999,5,-999,5,2207.975059,2,2345.92,6,7.707654967,6,25,806.79,2,20
33H320240201,A13.5,53,1,7,530107,-999,2,20240226, 0901,-22.00357,1.38327,5285.218,2897.814,2,2.4929,2,34.8648,2,220.61852955201542,2,34.8778,2,241.06,3,1.644,2,48.3,2,23.6,2,0,2,0.21996,3,0.00523,2,0.01019,2,20.44291,2,2203.033899,2,2339.75,2,7.707104401,2,25,807.49,2,20
33H320240201,A13.5,53,1,8,530108,11004,2,20240226, 0901,-22.00399,1.38268,5285.218,2599.816,2,2.6021,2,34.8648,2,221.52435488693212,2,34.8744,2,234.518,2,1.639,2,45.3,2,23.5,2,0,2,0.4672,3,0.01308,2,0.01341,2,19.59801,2,2197.826728,2,2336,2,7.703174104,2,25,809.94,2,20
33H320240201,A13.5,53,1,9,530109,11082,2,20240226, 0901,-22.0039,1.38226,5285.218,2300.124,2,2.8007,2,34.8693,2,220.70613327270945,2,34.8785,2,232.787,2,1.637,2,41.3,2,23.4,2,0,2,0.40613,3,0.01026,2,0.0183,2,19.89468,2,2195.243497,2,2330.46,2,7.704597013,2,25,811.88,2,20
33H320240201,A13.5,53,1,10,530110,11115,2,20240226, 0901,-22.00421,1.38227,5285.218,1999.558,2,3.0687,2,34.8722,2,216.00494780354146,2,34.8823,2,226.195,2,1.651,6,37.1,6,23.7,6,0,6,0.15746,3,0.0114,2,0.02272,2,20.269,2,2195.501711,2,2334.2,2,7.692380208,2,25,828.01,2,20
33H320240201,A13.5,53,1,11,530111,11008,2,20240226, 0901,-22.0044,1.38145,5285.218,1698.064,2,3.312,2,34.856,2,211.02827512479908,2,34.8655,2,219.582,2,1.699,2,34.4,2,24.3,2,0.01,2,0.24639,3,0.02968,2,0.04326,2,20.36628,2,2195.615059,2,2322.62,2,7.683366585,2,25,850.53,2,20
33H320240201,A13.5,53,1,12,530112,-999,2,20240226, 0901,-22.0048,1.38159,5285.218,1400.119,2,3.6318,2,34.7653,2,189.58954647139618,2,34.7891,2,195.789,2,1.937,2,35.4,2,27.7,2,0.01,2,0.63198,3,0.029,2,0.05553,2,23.52069,2,2208.320871,6,2318.92,2,7.683488277,2,25,949.64,2,20
33H320240201,A13.5,53,1,13,530113,11058,2,20240226, 0901,-22.00502,1.38116,5285.218,1147.129,2,3.6502,2,34.6113,2,172.64844838565392,2,34.6598,2,176.8085,6,2.225,2,41.3,2,31.6,2,0.01,2,0.40283,3,0.08393,2,0.18163,2,25.78549,2,2221.942378,2,2316.36,2,7.638124383,2,25,1065.15,2,20
33H320240201,A13.5,53,1,14,530114,11124,2,20240226, 0901,-22.00508,1.3803,5285.218,900.669,2,4.0042,2,34.466,2,162.68438748159048,2,34.4816,2,166.216,2,2.39,2,38.6,2,34,2,0.01,2,0.51863,3,0.27859,2,0.59903,2,26.82448,2,2226.017496,2,2307,2,7.593385458,2,25,1153.37,2,20
33H320240201,A13.5,53,1,15,530115,11081,2,20240226, 0901,-22.00544,1.38036,5285.218,679.141,2,5.1477,2,34.3845,2,169.5103252,2,34.3924,2,172.358,2,2.258,2,26.3,2,32.6,2,0,2,1.12675,3,1.12807,2,2.46291,2,26.96758,2,2212.548046,2,2293.93,2,7.566596374,2,25,1134.93,2,20
33H320240201,A13.5,53,1,16,530116,11126,2,20240226, 0901,-22.00568,1.38024,5285.218,520.645,2,7.1856,2,34.4979,2,175.9008366696637,2,34.5033,2,180.621,3,1.906,2,16,2,27.4,2,0.01,2,1.54436,3,1.59794,2,3.31518,2,24.93648,2,2194.049461,2,2291.6,2,7.572381801,2,25,1011.99,2,20
33H320240201,A13.5,53,1,17,530117,11020,2,20240226, 0901,-22.00594,1.38005,5285.218,401.026,2,9.7259,2,34.7496,2,183.2846862,2,34.7685,2,187.225,2,1.442,2,8.9,2,20.2,2,0,2,1.76953,3,1.7343,2,3.431,2,21.91156,2,2171.57279,2,2297.62,2,7.613213918,2,25,839.07,6,20
33H320240201,A13.5,53,1,18,530118,11128,2,20240226, 0901,-22.0061,1.37984,5285.218,300.255,2,12.1106,2,35.0392,2,196.9115029594549,2,35.0451,2,201.178,3,1.007,2,4.8,2,13.4,2,0.01,2,1.89316,3,1.69006,2,3.18751,2,17.59767,2,2149.129041,2,2310.27,2,7.766714222,2,25,680.17,2,20
33H320240201,A13.5,53,1,19,530119,11031,2,20240226, 0901,-22.00628,1.37961,5285.218,240.441,2,13.415,2,35.1958,2,200.4012941863872,2,35.2218,2,203.814,2,0.786,2,3.7,2,10.2,2,0.01,2,1.8524,3,1.57465,2,2.43909,2,17.46191,2,2140.693581,2,2316.36,2,7.80578752,2,25,615.22,2,20
33H320240201,A13.5,53,1,20,530120,11122,2,20240226, 0901,-22.0065,1.37944,5285.218,180.972,2,15.2318,2,35.4498,2,204.50776494984555,2,35.4568,2,207.684,2,0.573,2,2.9,2,6.4,2,0.02,2,1.94909,3,1.42431,2,2.80288,2,15.35431,2,2127.257529,2,2330.15,2,7.860663632,2,25,535.09,2,20
33H320240201,A13.5,53,1,21,530121,11120,2,20240226, 0901,-22.00668,1.3794,5285.218,118.642,2,17.7892,2,35.841,2,228.7872391040432,2,35.8571,2,231.502,2,0.213,2,1.7,2,0.1,2,0.01,2,2.06751,3,1.31277,2,2.52082,2,9.88435,2,2106.685009,2,2357.8,2,7.945234543,6,25,429.4,2,20
33H320240201,A13.5,53,1,22,530122,11026,2,20240226, 0901,-22.00682,1.37953,5285.218,69.98,2,19.242,2,35.9004,2,241.86526054383117,2,35.9142,2,243.887,2,0.164,2,1.7,2,0.1,2,0,2,1.89204,3,1.26501,2,2.4572,2,8.78688,2,2095.364753,2,2363.09,2,7.96726225,2,25,400.5,2,20
33H320240201,A13.5,53,1,23,530123,11102,2,20240226, 0901,-22.00676,1.37937,5285.218,39.215,2,24.1077,2,36.1466,2,207.8250241065346,2,36.1506,2,210.4605,6,0.209,2,0.7,2,0.1,2,0.01,2,1.8883,3,1.0287,2,1.90628,2,7.27761,2,2087.959299,2,2376.72,2,7.995588849,2,25,369.57,2,20
33H320240201,A13.5,53,1,24,530124,11023,2,20240226, 0901,-22.00697,1.37921,5285.218,3.976,2,24.1204,2,36.1498,2,207.8383797077925,2,36.1536,6,212.089,3,0.205,2,0.7,2,0.1,2,0,2,1.85142,3,1.01658,2,1.88592,2,7.11062,2,2090.913762,6,2377.98,2,7.998271961,2,25,368.88,2,20
33H320240201,A13.5,54,1,1,540101,11113,2,20240226,1606,-22.50144,1.41654,5125.467,5125.467,2,2.4424,2,34.8676,2,217.25837148251495,2,34.8795,2,230.933,2,1.649,6,54.1,6,23.6,6,0,6,0.22654,3,0.01057,2,0.01592,2,18.40443,2,2218.429096,6,2360.82,2,7.713256963,2,25,793.81,2,20
33H320240201,A13.5,54,1,2,540102,11067,2,20240226,1606,-22.50196,1.41598,5125.467,4651.074,2,2.3945,2,34.8691,2,215.65392880802793,2,34.8826,2,230.091,2,1.655,6,54,6,23.6,6,0.01,6,0.12977,3,0.00465,2,0.00746,2,20.07716,2,2216.427378,2,2361.28,2,7.712787391,2,25,797.33,2,20
33H320240201,A13.5,54,1,3,540103,11052,2,20240226,1606,-22.5025,1.41548,5125.467,4150.602,2,2.3667,2,34.8722,2,214.92729287065015,2,34.8883,2,230.444,2,1.665,6,53.4,6,23.7,6,0,6,0,3,0.00009,2,0.00304,2,18.37905,2,2213.429669,2,2358.15,2,7.713420781,2,25,798.64,2,20
33H320240201,A13.5,54,1,4,540104,11118,2,20240226,1606,-22.50347,1.41483,5125.467,3777.248,2,2.3654,2,34.8739,2,214.8270496800264,2,34.8871,2,-999,5,1.667,6,52.7,6,23.7,6,0.01,6,0,3,0.00029,2,0.00221,2,19.49652,2,2212.217606,2,2355.84,2,7.711972342,2,25,802.42,2,20
33H320240201,A13.5,54,1,5,540105,11136,2,20240226,1606,-22.50333,1.4135,5125.467,3420.324,2,2.381,2,34.8702,2,216.5963796871314,2,34.8821,6,231.008,2,1.673,2,51.7,2,23.8,2,0,2,0,3,0.00041,2,0.00428,2,18.06112,2,2208.389664,2,2353.41,2,7.705071197,2,25,803.76,2,20
33H320240201,A13.5,54,1,6,540106,11027,2,20240226,1606,-22.50368,1.41327,5125.467,3102.556,2,2.433,2,34.8682,2,218.9570246395994,2,34.8807,2,232.578,2,1.663,2,49.7,2,23.7,2,0,2,0.19205,3,0.00313,2,0.00421,2,18.05479,2,2203.335387,2,2345.38,2,7.707228925,2,25,806.17,2,20
33H320240201,A13.5,54,1,7,540107,-999,2,20240226,1606,-22.50417,1.41281,5125.467,2798.548,2,2.5036,2,34.8646,2,221.19231672088483,2,34.8748,2,234.769,2,1.649,2,47.7,2,23.6,2,0,2,-999,5,-999,5,-999,5,18.75672,2,2198.710532,2,2339.85,2,7.705035437,2,25,807.64,2,20
33H320240201,A13.5,54,1,8,540108,11004,2,20240226,1606,-22.50442,1.41242,5125.467,2501.071,2,2.6292,2,34.8664,2,221.94172581162917,2,34.8754,2,233.856,2,1.645,2,44.5,2,23.4,2,0,2,0.17425,3,0.0078,2,0.01172,2,17.8126,2,2195.024096,2,2334.23,2,7.705896277,2,25,807.81,2,20
33H320240201,A13.5,54,1,9,540109,11082,2,20240226,1606,-22.50474,1.4129,5125.467,2202.469,2,2.8669,2,34.8769,2,222.76139742731877,2,34.8841,2,234.49,2,1.606,2,38.9,2,23,2,0,2,0.21561,3,0.01852,2,0.03225,2,18.08027,2,2189.217224,2,2331.65,2,7.701115796,2,25,804.11,2,20
33H320240201,A13.5,54,1,10,540110,11115,2,20240226,1606,-22.50477,1.41253,5125.467,1899.28,2,3.1588,2,34.8723,2,217.99687261418586,2,34.8875,2,227.843,2,1.643,2,35,2,23.5,2,0,2,0,3,0.01858,2,0.03663,2,18.86979,2,2188.543619,2,2327.14,2,7.70125251,2,25,820.97,2,20
33H320240201,A13.5,54,1,11,540111,11008,2,20240226,1606,-22.50497,1.41236,5125.467,1601.366,2,3.4284,2,34.8282,2,203.73454338641852,2,34.8391,2,211.767,2,1.796,2,34.9,2,25.5,2,0,2,0,3,0.02092,2,0.04467,2,19.63414,2,2197.046267,2,2323.67,2,7.671246609,2,25,880.05,2,20
33H320240201,A13.5,54,1,12,540112,-999,2,20240226,1606,-22.50567,1.412,5125.467,1299.728,2,3.6313,2,34.7109,2,182.46562355998816,2,34.7191,2,188.289,2,2.063,2,37.9,2,29.2,2,0,2,0.33711,3,0.04276,6,0.070805,6,21.859685,6,2211.368875,2,2319.97,2,7.621094225,2,25,993.47,2,20
33H320240201,A13.5,54,1,13,540113,11058,2,20240226,1606,-22.50602,1.41184,5125.467,1050.728,2,3.6858,2,34.5511,2,168.8929153252238,2,34.5582,2,172.805,2,2.316,2,42.4,2,32.7,2,0,2,0.31611,3,0.15491,2,0.24373,2,23.22736,2,2222.757413,6,2316.14,2,7.581202527,2,25,1103.69,2,20
33H320240201,A13.5,54,1,14,540114,11124,2,20240226,1606,-22.50631,1.4119,5125.467,771.466,2,4.4986,2,34.4174,2,156.8906524966781,2,34.4243,2,158.5505,6,2.408,2,34.1,2,34.5,2,0,2,0.56229,3,0.58151,2,0.98485,2,26.71147,2,2220.054778,2,2301.34,2,7.550635374,6,25,1195.01,2,20
33H320240201,A13.5,54,1,15,540115,11081,2,20240226,1606,-22.50641,1.4118,5125.467,623.535,2,5.5195,2,34.3748,2,185.05896390024347,2,34.3822,2,187.861,2,2.133,2,22.8,2,30.3,2,0.01,2,1.53957,3,1.46397,2,2.52728,2,23.14208,2,2196.570478,2,2293.16,2,7.598924418,2,25,1060.925,6,20
33H320240201,A13.5,54,1,16,540116,11126,2,20240226,1606,-22.50658,1.41171,5125.467,480.522,2,8.2766,2,34.5981,2,175.39282775601714,2,34.6068,2,177.836,2,1.745,2,13.1,2,24.6,2,0,2,1.67526,3,1.6862,2,2.6418,2,22.12053,2,2183.189127,2,2293.8,2,7.63675308,2,25,950.63,2,20
33H320240201,A13.5,54,1,17,540117,11020,2,20240226,1606,-22.50678,1.4118,5125.467,359.779,2,10.995,2,34.9006,2,190.0672556,2,34.9068,2,193.41,2,1.239,2,6.6,2,16.7,2,0,2,1.83576,3,1.73374,2,2.62773,2,18.51638,2,2157.494437,2,2304.28,6,7.729491318,6,25,752.57,2,20
33H320240201,A13.5,54,1,18,540118,11128,2,20240226,1606,-22.50682,1.41176,5125.467,282.758,2,12.5685,2,35.0946,2,197.74260602060428,2,35.1032,2,200.436,2,0.935,2,4.5,2,12.2,2,0.01,2,2.09316,3,1.66358,2,2.89232,2,15.82319,2,2142.96201,2,2313.2,2,7.780977794,2,25,656.635,6,20
33H320240201,A13.5,54,1,19,540119,11031,2,20240226,1606,-22.50686,1.4116,5125.467,220.063,2,14.007,2,35.2728,2,199.14754884821718,2,35.2792,2,201.829,2,0.746,2,3.6,2,9.1,2,0.01,2,2.03734,3,1.50835,2,2.7025,2,15.87675,2,2132.346947,2,2321.03,2,7.818011813,2,25,594.73,2,20
33H320240201,A13.5,54,1,20,540120,11122,2,20240226,1606,-22.50704,1.41168,5125.467,163.526,2,15.8313,2,35.5385,2,208.55972319169825,2,35.5484,6,212.16,2,0.512,2,2.8,2,5.1,2,0.02,2,2.42487,3,1.37843,2,2.49237,2,11.47252,2,2116.818198,2,2336.01,2,7.881625283,2,25,505.76,2,20
33H320240201,A13.5,54,1,21,540121,11120,2,20240226,1606,-22.50741,1.4119,5125.467,100.682,2,18.0964,2,35.9079,2,226.75117263576834,2,35.9118,2,228.9748051,2,0.241,2,1.7,2,0.2,2,0.02,2,2.25242,3,1.26101,2,2.13978,2,8.68229,2,2104.077384,2,2364.89,2,7.948418234,2,25,427.38,2,20
33H320240201,A13.5,54,1,22,540122,11026,2,20240226,1606,-22.50785,1.41191,5125.467,60.619,2,19.2963,2,35.9084,2,242.0543710526018,2,35.9124,2,244.928,2,0.186,2,1.6,2,0.1,2,0,2,2.13995,3,1.28169,2,1.77375,2,7.80009,2,2091.094054,6,2364.18,2,7.970520748,2,25,397.42,2,20
33H320240201,A13.5,54,1,23,540123,11102,2,20240226,1606,-22.50823,1.4118,5125.467,29.643,2,24.0209,2,36.1395,2,207.9080478678201,2,36.1433,2,211.223,2,0.22,2,1,2,0.1,2,0,2,2.20909,3,1.0403,2,1.57791,2,6.50211,2,2088.595335,2,2379,2,7.993566688,2,25,375.73,2,20
33H320240201,A13.5,54,1,24,540124,11023,2,20240226,1606,-22.50861,1.41161,5125.467,2.965,2,24.1433,2,36.1503,2,208.07509467906797,2,36.1528,2,210.19,2,0.212,2,0.9,2,0.1,2,0.01,2,2.11865,3,1.03252,2,1.52856,2,6.63066,2,2089.775478,2,2378.45,2,7.995337935,2,25,372.96,2,20
33H320240201,A13.5,55,1,1,550101,11113,2,20240226,2244,-23.00013,1.44811,4977.513,4977.513,2,2.4216,2,34.8673,2,217.31453290859497,2,34.88,2,231.265,2,1.625,6,53.5,6,23.7,6,0,6,0,3,0.01125,2,0.01425,2,19.41829,2,2223.155776,2,2367.37,2,7.714063965,2,25,795.13,2,20
33H320240201,A13.5,55,1,2,550102,11067,2,20240226,2244,-23.00003,1.448,4977.513,4697.888,2,2.3934,2,34.8684,2,216.37530673265056,2,34.885,2,231.803,2,1.606,6,53.5,6,23.5,6,0.01,6,0,3,0.00837,2,0.00885,2,19.33368,2,2220.722597,6,2362.63,2,7.713298387,2,25,797.42,2,20
33H320240201,A13.5,55,1,3,550103,11052,2,20240226,2244,-23.00013,1.44804,4977.513,4453.168,2,2.3769,2,34.8699,2,215.4796794597409,2,34.8838,6,230.262,2,1.617,6,53.3,6,23.5,6,0.01,6,0,3,0.00394,2,0.00629,2,18.2467,2,2219.61472,2,2362.29,2,7.712531099,2,25,797.05,2,20
33H320240201,A13.5,55,1,4,550104,11118,2,20240226,2244,-23.00013,1.44807,4977.513,4051.239,2,2.36,2,34.8724,2,215.22260336822367,2,34.8873,2,230.667,2,1.608,6,52.6,6,23.5,6,0.01,6,0.21071,3,0.00501,2,0.0046,2,18.57338,2,2218.334962,2,2361.49,2,7.711334965,2,25,799.07,2,20
33H320240201,A13.5,55,1,5,550105,11136,2,20240226,2244,-23.0008,1.44846,4977.513,3675.67,2,2.3566,2,34.8741,2,215.20922328391129,2,34.9009,2,-999,5,1.617,2,51.8,2,23.5,2,0.01,2,0,3,0.00287,2,0.00131,2,18.6968,2,2216.411669,2,2357.08,2,7.708037568,2,25,802.55,2,20
33H320240201,A13.5,55,1,6,550106,11027,2,20240226,2244,-23.00119,1.44748,4977.513,3299.909,2,2.385,2,34.8701,2,217.24388064579185,2,34.8823,2,232.717,2,1.62,2,50.6,2,23.5,2,0.01,2,0.14691,3,0.00208,2,0.00205,2,18.59011,2,2211.485305,2,2350.88,6,7.708386204,6,25,804.7,2,20
33H320240201,A13.5,55,1,7,550107,-999,2,20240226,2244,-23.00165,1.44714,4977.513,3002.793,2,2.4136,2,34.8621,2,220.80437481320274,2,34.8782,2,235.115,2,1.629,2,49.5,2,23.5,2,0.01,2,0.30259,3,0.00301,2,0.00567,2,18.73153,2,2206.352247,2,2344.25,2,7.705858865,2,25,806.615,6,20
33H320240201,A13.5,55,1,8,550108,11004,2,20240226,2244,-23.00196,1.44732,4977.513,2701.733,2,2.4967,2,34.8566,2,221.23701723723707,2,34.8709,2,235.822,2,1.613,2,47.9,2,23.5,2,0.01,2,0,3,0.00599,2,0.00658,2,19.21014,2,2201.791738,2,2336.31,2,7.700227543,2,25,814.35,2,20
33H320240201,A13.5,55,1,9,550109,11082,2,20240226,2244,-23.00232,1.44684,4977.513,2399.777,2,2.6508,2,34.8587,2,220.8050263289441,2,34.8716,2,234.256,2,1.614,2,44.6,2,23.5,2,0.01,2,0,3,0.00921,2,0.01934,2,18.79519,2,2199.735055,2,2333.46,2,7.699351525,2,25,817.24,2,20
33H320240201,A13.5,55,1,10,550110,11115,2,20240226,2244,-23.00278,1.44704,4977.513,2102.247,2,2.9348,2,34.867,2,220.33979480944956,2,34.8796,2,232.113,2,1.605,2,38.8,2,23.3,2,0.01,2,0.20639,3,0.02137,2,0.03229,2,19.06214,2,2195.908321,2,2328.97,2,7.696711503,2,25,817.83,2,20
33H320240201,A13.5,55,1,11,550111,11008,2,20240226,2244,-23.00305,1.44674,4977.513,1800.039,2,3.2517,2,34.8567,2,213.68202936452897,2,34.8784,2,223.763,6,1.662,2,34.6,2,24,2,0,2,0,3,0.02616,2,0.03527,2,19.65999,2,2194.984968,2,2324.66,2,7.688306363,2,25,842,2,20
33H320240201,A13.5,55,1,12,550112,-999,2,20240226,2244,-23.0031,1.44646,4977.513,1501.718,2,3.5349,2,34.8029,2,198.00425796823248,2,34.8118,2,205.389,2,1.811,2,34.3,2,26.3,2,0.01,2,0.26691,3,0.03093,2,0.04682,2,21.58559,2,2204.222548,6,2323.5,2,7.655144944,2,25,909.58,2,20
33H320240201,A13.5,55,1,13,550113,11058,2,20240226,2244,-23.00311,1.44656,4977.513,1249.667,2,3.6006,2,34.6866,2,181.26463677940785,2,34.6967,2,198.733,3,2.041,2,38.7,2,29.6,2,0.01,2,0,3,0.04422,2,0.07101,2,23.82925,2,2217.073054,2,2319.23,2,7.617986948,2,25,1007.21,2,20
33H320240201,A13.5,55,1,14,550114,11124,2,20240226,2244,-23.00305,1.44616,4977.513,950.841,2,3.7241,2,34.4707,2,167.90862563636796,2,34.4788,2,172.044,2,2.338,2,44.4,2,33.4,2,0.01,2,0.3133,3,0.44208,2,0.81972,2,26.25005,2,2231.896088,2,2313.22,2,7.567737512,2,25,1145.91,2,20
33H320240201,A13.5,55,1,15,550115,11081,2,20240226,2244,-23.00299,1.44646,4977.513,750.251,2,4.6921,2,34.3812,2,169.81085260207917,2,34.3987,6,174.263,2,2.258,2,31.1,2,32.8,2,0.01,2,1.10468,3,0.9869,2,1.94333,2,26.71734,2,2211.896378,2,2292.64,2,7.568324208,2,25,1145.56,2,20
33H320240201,A13.5,55,1,16,550116,11126,2,20240226,2244,-23.00284,1.44644,4977.513,562.813,2,6.5791,2,34.438,2,186.67450604881276,2,34.4467,2,190.789,2,1.927,2,17.3,2,27.5,2,0.01,2,1.5812,3,1.63888,2,3.10631,2,23.30078,2,2186.50322,2,2290.5,2,7.617817429,2,25,1001.66,2,20
33H320240201,A13.5,55,1,17,550117,11020,2,20240226,2244,-23.00275,1.44635,4977.513,441.945,2,9.2167,2,34.6897,2,184.91334997541608,2,34.6977,2,189.058,2,1.501,2,10,2,21.2,2,0.01,2,1.63569,3,1.68184,2,3.03291,2,20.46534,2,2170.671796,2,2296.19,2,7.675167954,2,25,863.92,2,20
33H320240201,A13.5,55,1,18,550118,11128,2,20240226,2244,-23.00264,1.44638,4977.513,330.448,2,11.6901,2,34.9881,2,193.27141309695668,2,35.0048,2,196.892,2,1.085,2,5.4,2,14.7,2,0.01,2,2.00175,3,1.6621,2,2.85544,2,19.33248,2,2151.171367,2,2309.21,2,7.749584158,2,25,705.04,2,20
33H320240201,A13.5,55,1,19,550119,11031,2,20240226,2244,-23.0026,1.44636,4977.513,261.048,2,13.3993,2,35.2019,2,207.57427993721345,2,35.2129,2,212.581,2,0.752,2,3.7,2,9.1,2,0.02,2,2.23299,3,1.54396,2,2.3473,2,15.66266,2,2131.517778,2,2323.25,2,7.816856821,2,25,590.58,2,20
33H320240201,A13.5,55,1,20,550120,11122,2,20240226,2244,-23.00246,1.44628,4977.513,201.341,2,15.064,2,35.4379,2,209.3106604552375,2,35.4634,2,213.934,2,0.583,2,3.2,2,6.2,2,0.02,2,2.25902,3,1.44522,2,1.90005,2,15.51334,2,2121.47609,2,2330.33,2,7.861122148,2,25,524.87,2,20
33H320240201,A13.5,55,1,21,550121,11120,2,20240226,2244,-23.00236,1.44622,4977.513,141.549,2,17.2862,2,35.7933,2,222.8267511555711,2,35.8314,2,227.085,2,0.281,2,2.1,2,0.8,2,0.21,2,2.200625,3,1.336465,6,2.08609,6,11.967895,6,2106.32497,2,2354.92,6,7.929815737,6,25,440.99,2,20
33H320240201,A13.5,55,1,22,550122,11026,2,20240226,2244,-23.00226,1.44609,4977.513,80.48,2,19.0406,2,35.871,2,243.7523947398694,2,35.879,2,248.916,2,0.179,2,1.7,2,0.1,2,0.01,2,2.14263,3,1.31902,2,2.02829,2,9.79154,2,2093.707892,2,2363.6,2,7.969241258,2,25,395.24,2,20
33H320240201,A13.5,55,1,23,550123,11102,2,20240226,2244,-23.0022,1.44619,4977.513,51.336,2,22.3949,2,36.0007,2,219.6294300313364,2,36.0917,2,218.242,3,0.217,2,1.4,2,0.1,2,0.01,2,2.00249,3,1.07171,2,1.75838,2,7.99823,2,2095.22707,2,2375.12,2,7.982517553,2,25,382.485,6,20
33H320240201,A13.5,55,1,24,550124,11023,2,20240226,2244,-23.00221,1.44629,4977.513,5.287,2,23.9068,2,36.1216,2,208.92830632067307,2,36.1275,2,-0.959,4,0.209,2,1.3,2,0.1,2,0.01,2,2.00855,3,1.04527,2,1.70221,2,7.76934,2,2092.532259,2,2376.88,2,7.985418039,2,25,380.71,2,20
33H320240201,A13.5,56,1,1,560101,11113,2,20240227, 0537,-23.50005,1.47168,5156.396,5156.396,2,2.4488,2,34.8671,2,216.7371615936197,2,34.8797,2,231.519,2,1.642,6,54.2,6,23.6,6,0.01,6,0,3,0.00944,2,0.012,2,15.03006,2,2220.613783,6,2366.13,2,7.713385073,2,25,797.1,2,20
33H320240201,A13.5,56,1,2,560102,11067,2,20240227, 0537,-23.50033,1.4708,5156.396,4725.694,2,2.4075,2,34.8691,2,215.58029450132062,2,34.8856,6,231.026,2,1.636,6,53.7,6,23.6,6,0,6,0,3,0.00551,2,0.00784,2,15.47177,2,2217.996874,2,2364.42,2,7.713679665,2,25,797.28,2,20
33H320240201,A13.5,56,1,3,560103,11052,2,20240227, 0537,-23.50091,1.47053,5156.396,4300.129,2,2.3719,2,34.8704,2,215.14493833654387,2,34.882,2,230.423,2,1.645,6,53.6,6,23.7,6,0,6,0,3,0.00311,2,0.0044,2,15.55536,2,2217.37562,2,2362.58,2,7.710569287,2,25,796.67,2,20
33H320240201,A13.5,56,1,4,560104,11118,2,20240227, 0537,-23.50138,1.46994,5156.396,3900.247,2,2.3544,2,34.8712,2,215.170565,2,34.8835,2,231.121,2,1.643,6,52.8,6,23.7,6,0,6,0,3,0.00476,2,0.00158,2,15.56341,2,2215.250008,2,2359.15,2,7.710269108,2,25,798.94,2,20
33H320240201,A13.5,56,1,5,560105,11136,2,20240227, 0537,-23.50198,1.4695,5156.396,3549.921,2,2.3599,2,34.8694,2,216.13121869594718,2,34.8859,2,232.591,2,1.656,2,52.4,2,23.7,2,0,2,0.19964,3,0.00395,2,0.00115,2,15.55391,2,2213.736822,2,2354.66,2,7.711338945,2,25,802.66,2,20
33H320240201,A13.5,56,1,6,560106,11027,2,20240227, 0537,-23.50229,1.4689,5156.396,3203.895,2,2.3815,2,34.8637,2,219.26535883145996,2,34.8764,2,234.719,2,1.66,2,51.4,2,23.7,2,0,2,0,3,0.00223,2,0.00195,2,15.565,2,2206.291518,2,2348.46,2,7.710620898,2,25,804.915,6,20
33H320240201,A13.5,56,1,7,560107,-999,2,20240227, 0537,-23.50234,1.46844,5156.396,2899.341,2,2.4442,2,34.8583,2,221.30093151137623,2,34.8693,2,235.775,2,1.651,2,49.6,2,23.7,2,0,2,0,3,0.00454,2,0.0061,2,15.81121,2,2201.462541,2,2340,2,7.705000611,2,25,809.85,2,20
33H320240201,A13.5,56,1,8,560108,11004,2,20240227, 0537,-23.50267,1.4683,5156.396,2602.083,2,2.5592,2,34.8561,2,219.9086478148509,2,34.8658,2,234.199,2,1.664,2,47.4,2,23.9,2,0.01,2,0,3,0.00527,2,0.00638,2,16.28061,2,2199.926256,2,2337.19,6,7.701708463,6,25,818.14,2,20
33H320240201,A13.5,56,1,9,560109,11082,2,20240227, 0537,-23.5033,1.46787,5156.396,2302.475,2,2.764,2,34.8617,2,220.2548274026738,2,34.875,2,233.937,2,1.644,2,42.6,2,23.6,2,0,2,0,3,0.01591,2,0.02441,2,16.84897,2,2196.833821,2,2331.53,2,7.702136434,2,25,817.39,2,20
33H320240201,A13.5,56,1,10,560110,11115,2,20240227, 0537,-23.50322,1.4678,5156.396,2002.157,2,3.0608,2,34.8678,2,218.05217382164034,2,34.8766,2,229.281,2,1.635,2,37,2,23.6,2,0.01,2,0,3,0.01979,2,0.03044,2,16.79712,2,2192.239782,2,2323.86,2,7.694685351,2,25,823.09,2,20
33H320240201,A13.5,56,1,11,560111,11008,2,20240227, 0537,-23.50327,1.46774,5156.396,1699.917,2,3.3564,2,34.849,2,209.27037551454853,2,34.8666,2,218.899,2,1.728,2,34.2,2,24.7,2,0,2,0,3,0.02465,2,0.03278,2,17.78178,2,2195.164983,2,2323.77,2,7.678476218,2,25,857.77,2,20
33H320240201,A13.5,56,1,12,560112,-999,2,20240227, 0537,-23.50344,1.46754,5156.396,1600.059,2,3.4371,2,34.8267,2,203.85228015499996,2,34.8355,2,212.879,2,1.792,2,34.8,2,25.6,2,0.01,2,0.21243,3,0.02738,2,0.03516,2,18.04889,2,2199.357199,6,2323.18,2,7.669579881,2,25,880.49,2,20
33H320240201,A13.5,56,1,13,560113,11058,2,20240227, 0537,-23.50322,1.46754,5156.396,1150.295,2,3.5857,2,34.6127,2,172.58198906676245,2,34.6194,2,177.362,2,2.207,2,43.5,2,31.7,2,0.01,2,0,3,0.11745,2,0.20309,2,21.79904,2,2223.41405,2,2319.84,2,7.595079602,2,25,1070.48,2,20
33H320240201,A13.5,56,1,14,560114,11124,2,20240227, 0537,-23.50294,1.4677,5156.396,900.753,2,3.9887,2,34.4409,2,163.79146881061155,2,34.4506,6,168.1845,6,2.406,2,40.6,2,34.2,2,0.01,2,0.35198,3,0.47361,2,0.8469,2,23.39473,2,2225.766851,2,2310.52,2,7.562122422,2,25,1155.07,2,20
33H320240201,A13.5,56,1,15,560115,11081,2,20240227, 0537,-23.50302,1.4678,5156.396,679.992,2,5.1482,2,34.3773,2,176.55920982225683,2,34.5318,2,180.456,2,2.235,2,27,2,31.9,2,0.01,2,0.94308,3,1.24172,2,2.27668,2,22.87696,2,2207.114549,2,2295.54,2,7.578539814,2,25,1106.25,2,20
33H320240201,A13.5,56,1,16,560116,11126,2,20240227, 0537,-23.50259,1.46723,5156.396,519.96,2,7.5112,2,34.5255,2,177.77063640501717,2,34.5317,2,182.117,2,1.875,2,15.2,2,26.5,2,0.01,2,1.4727,3,1.63919,2,3.03288,2,20.92266,2,2188.053897,2,2291.72,2,7.622581178,2,25,977.28,2,20
33H320240201,A13.5,56,1,17,560117,11020,2,20240227, 0537,-23.50258,1.46704,5156.396,400.318,2,9.7314,2,34.7478,2,184.97268222944646,2,34.7526,2,189.279,2,1.457,2,9.4,2,20.3,2,0.01,2,1.91918,3,1.73102,2,3.20468,2,18.21838,2,2169.917569,2,2298.61,2,7.688273798,2,25,830.855,6,20
33H320240201,A13.5,56,1,18,560118,11128,2,20240227, 0537,-23.5027,1.46712,5156.396,299.6,2,11.8637,2,35.0098,2,193.33097242088678,2,35.0157,2,197.254,2,1.088,2,5.5,2,14.5,2,0.01,2,1.95354,3,1.63664,2,2.82919,2,14.81184,2,2151.182633,2,2307.81,2,7.752940658,2,25,698.33,2,20
33H320240201,A13.5,56,1,19,560119,11031,2,20240227, 0537,-23.50266,1.46696,5156.396,238.343,2,13.2696,2,35.1795,2,200.81997645045652,2,35.1807,2,204.217,2,0.839,2,4.1,2,10.6,2,0.02,2,2.08918,3,1.56929,2,2.58935,2,13.96412,2,2139.015211,2,2316.91,6,7.797705058,6,25,619.67,2,20
33H320240201,A13.5,56,1,20,560120,11122,2,20240227, 0537,-23.50278,1.46694,5156.396,180.579,2,15.1636,2,35.4428,2,206.32915948648892,2,35.4477,2,210.089,2,0.598,2,3.2,2,6.6,2,0.02,2,2.37868,3,1.44172,6,2.056655,6,11.45425,6,2121.881162,2,2328.21,2,7.857359507,2,25,531.57,2,20
33H320240201,A13.5,56,1,21,560121,11120,2,20240227, 0537,-23.50295,1.46704,5156.396,120.157,2,16.9571,2,35.7124,2,220.3551957218296,2,35.7142,2,224.121,2,0.345,2,2.2,2,1.9,2,0.26,2,2.35721,3,1.36203,2,2.1646,2,9.17067,2,2107.09332,2,2347.65,2,7.924227349,2,25,456.19,2,20
33H320240201,A13.5,56,1,22,560122,11026,2,20240227, 0537,-23.50316,1.46722,5156.396,70.101,2,18.3159,2,35.8248,2,239.08489833639555,2,35.8309,2,244.14,2,0.207,2,1.8,2,0.1,2,0.01,2,2.27855,3,1.31655,2,2.1942,2,8.21383,2,2093.117373,2,2356.81,2,7.958272249,2,25,408.19,2,20
33H320240201,A13.5,56,1,23,560123,11102,2,20240227, 0537,-23.50334,1.46728,5156.396,41.129,2,20.3119,2,35.8562,2,242.7672028538202,2,35.8617,2,246.572,2,0.187,2,1.8,2,0.1,2,0.01,2,2.4125,3,1.29539,2,2.18531,2,7.9227,2,2087.839666,6,2359.64,2,7.973414027,2,25,393.83,2,20
33H320240201,A13.5,56,1,24,560124,11023,2,20240227, 0537,-23.50356,1.46712,5156.396,4.112,2,23.9507,2,36.12,2,208.8178750626853,2,36.1234,2,211.69,2,0.228,2,1.1,2,0.1,2,0.01,2,2.05136,3,1.0412,2,1.67584,2,6.72285,2,2091.174276,2,2377.22,2,7.98875592,2,25,377.43,2,20
33H320240201,A13.5,57,1,1,570101,11113,2,20240227,1228,-24.0043,1.49806,5042.45,5042.45,2,2.4483,2,34.8686,2,216.73689951691819,2,34.8843,2,231.443,2,1.627,6,53.5,6,23.6,6,0.01,6,0,3,0.01083,2,0.01176,2,16.40113,2,2217.824062,2,2364.18,2,7.7157138,2,25,797.31,2,20
33H320240201,A13.5,57,1,2,570102,11067,2,20240227,1228,-24.00481,1.498,5042.45,4599.846,2,2.4001,2,34.8696,2,215.74953593218996,2,34.8803,2,232.106,3,1.634,6,53.4,6,23.5,6,0.01,6,0,3,0.00467,2,0.00471,2,17.01151,2,2216.401221,6,2361.17,2,7.713594092,2,25,797.44,2,20
33H320240201,A13.5,57,1,3,570103,11052,2,20240227,1228,-24.00536,1.49764,5042.45,4142.084,2,2.3617,2,34.8704,2,215.46194590422778,2,34.8963,2,232.303,2,1.634,6,53.2,6,23.6,6,0.01,6,0,3,0.00817,2,0.00579,2,16.28877,2,2213.941015,2,2360.38,2,7.715373079,2,25,798.35,2,20
33H320240201,A13.5,57,1,4,570104,11118,2,20240227,1228,-24.00602,1.49708,5042.45,3760.41,2,2.3517,2,34.8697,2,215.83990493959948,2,34.8815,2,231.673,2,1.645,6,52.8,6,23.7,6,0.01,6,0,3,0.00218,2,0.0013,2,15.99127,2,2211.457395,2,2357.2,6,7.70771976,6,25,800.77,2,20
33H320240201,A13.5,57,1,5,570105,11136,2,20240227,1228,-24.00652,1.49695,5042.45,3425.764,2,2.3659,2,34.8663,2,217.63958189844635,2,34.8998,2,234.007,2,1.643,2,51.7,2,23.6,2,0.01,2,0.13328,3,0.00273,2,0.00221,2,16.11113,2,2208.520539,2,2351.53,2,7.707618366,2,25,804.15,2,20
33H320240201,A13.5,57,1,6,570106,11027,2,20240227,1228,-24.00691,1.49662,5042.45,3100.5,2,2.4078,2,34.8607,2,220.44821197300143,2,34.8732,6,-999,5,1.646,2,50.3,2,23.6,2,0.01,2,0,3,0.00454,2,0.00417,2,16.86608,2,2201.744265,2,2346.35,2,7.708613223,2,25,808.36,2,20
33H320240201,A13.5,57,1,7,570107,-999,2,20240227,1228,-24.00756,1.49688,5042.45,2799.032,2,2.4869,2,34.8571,2,221.5061478,2,34.8761,2,235.562,2,1.643,2,48.4,2,23.5,2,0.01,2,0,3,0.00818,2,0.0111,2,17.38463,2,2198.706561,2,2339.37,2,7.703401106,2,25,813.18,2,20
33H320240201,A13.5,57,1,8,570108,11004,2,20240227,1228,-24.00792,1.49627,5042.45,2500.209,2,2.6234,2,34.857,2,220.36159228825042,2,34.8695,2,234.264,2,1.649,2,45.4,2,23.6,2,0.01,2,0,3,0.01012,2,0.01186,2,17.05555,2,2197.654163,2,2334.98,2,7.699091518,2,25,818.91,2,20
33H320240201,A13.5,57,1,9,570109,11082,2,20240227,1228,-24.0084,1.49572,5042.45,2199.297,2,2.8817,2,34.8679,2,220.24300603170218,2,34.8809,2,233.381,2,1.617,2,39.6,2,23.4,2,0.01,2,0,3,0.01403,2,0.02301,2,16.39082,2,2193.017593,2,2330.75,2,7.698770866,2,25,816.67,6,20
33H320240201,A13.5,57,1,10,570110,11115,2,20240227,1228,-24.00876,1.4954,5042.45,1898.949,2,3.2008,2,34.8671,2,216.22133905143403,2,34.8796,2,226.851,2,1.637,2,35.1,2,23.5,2,0.01,2,0.059675,3,0.021765,6,0.03304,6,17.784665,6,2190.965573,2,2326.21,2,7.693891586,2,25,830.5,2,20
33H320240201,A13.5,57,1,11,570111,11008,2,20240227,1228,-24.00927,1.49558,5042.45,1599.36,2,3.4019,2,34.8073,2,202.32499727570396,2,34.8164,2,211.18,2,1.805,2,36.3,2,25.9,2,0,2,0.156,3,0.03088,2,0.04453,2,18.594,2,2199.892741,2,2323.58,2,7.666531712,2,25,894.71,2,20
33H320240201,A13.5,57,1,12,570112,-999,2,20240227,1228,-24.00965,1.49554,5042.45,1300.692,2,3.5732,2,34.6947,2,182.94930809718912,2,34.7032,6,190.447,2,2.05,6,39.2,6,29.3,6,0.01,6,0.36408,3,0.04926,2,0.07271,2,20.22149,2,2213.411413,2,2320.32,2,7.621070219,2,25,998.52,2,20
33H320240201,A13.5,57,1,13,570113,11058,2,20240227,1228,-24.01012,1.49554,5042.45,1048.511,2,3.6413,2,34.5279,2,169.95581785389322,2,34.543,2,175.108,2,2.297,2,43.8,2,32.7,2,0.01,2,0.26646,3,0.21676,2,0.37962,2,22.20175,2,2223.751252,6,2315.97,2,7.575454876,2,25,1108.34,2,20
33H320240201,A13.5,57,1,14,570114,11124,2,20240227,1228,-24.01045,1.49536,5042.45,811.436,2,4.3183,2,34.4015,2,166.54086740410298,2,34.4108,2,170.947,2,2.358,2,35.9,2,33.7,2,0,2,0.57832,3,0.73276,2,1.2966,2,23.80161,2,2218.449119,2,2305.91,2,7.559727579,2,25,1163.86,2,20
33H320240201,A13.5,57,1,15,570115,11081,2,20240227,1228,-24.01064,1.4951,5042.45,656.346,2,5.4991,2,34.3818,2,179.53984021178516,2,34.4,2,183.035,2,2.133,6,23.2,6,30.7,6,0.01,6,1.03848,3,1.3564,2,2.53516,2,21.39571,2,2201.003725,2,2295.82,2,7.586933432,2,25,1083.22,2,20
33H320240201,A13.5,57,1,16,570116,11126,2,20240227,1228,-24.01105,1.4952,5042.45,480.584,2,8.5689,2,34.625,2,178.06287515723565,2,34.6426,2,181.731,2,1.677,2,12.2,2,23.6,2,0,2,1.72802,3,1.67183,2,2.98678,2,19.96449,2,2179.994271,2,2297.1,2,7.644016249,2,25,927.9,2,20
33H320240201,A13.5,57,1,17,570117,11020,2,20240227,1228,-24.01127,1.49504,5042.45,360.809,2,11.3054,2,34.9391,2,194.97028409159145,2,34.9516,2,199.177,2,1.146,2,6,2,15.4,2,0.01,2,2.00836,3,1.75172,2,2.78732,2,16.3065,2,2152.441204,2,2312.33,2,7.743489558,2,25,723.2,2,20
33H320240201,A13.5,57,1,18,570118,11128,2,20240227,1228,-24.01138,1.49482,5042.45,280.487,2,12.9583,2,35.1415,2,202.1795147170714,2,35.1453,2,206.729,2,0.853,2,4.1,2,10.9,2,0.01,2,2.06099,3,1.66114,2,2.69046,2,14.11171,2,2136.34087,2,2316.33,6,7.796678055,6,25,631.62,2,20
33H320240201,A13.5,57,1,19,570119,11031,2,20240227,1228,-24.01147,1.49462,5042.45,221.034,2,14.5256,2,35.353,2,206.7849364446411,2,35.3572,2,211.717,2,0.644,2,3.3,2,7.4,2,0.01,2,2.28849,3,1.55422,2,2.71028,2,12.40665,2,2125.78289,2,2326.26,2,7.84209825,2,25,556.91,2,20
33H320240201,A13.5,57,1,20,570120,11122,2,20240227,1228,-24.01161,1.49439,5042.45,159.6,2,16.2465,2,35.6213,2,217.02235350263845,2,35.6113,2,221.212,2,0.438,2,2.6,2,3.8,2,0.03,2,2.38598,3,1.43789,2,2.37601,2,10.08317,2,2109.005166,2,2339.32,2,7.896950569,2,25,481.73,2,20
33H320240201,A13.5,57,1,21,570121,11120,2,20240227,1228,-24.01181,1.49418,5042.45,101.044,2,18.551,2,36.0392,2,227.89903259120442,2,36.0241,2,236.847,2,0.185,2,1.6,2,0,2,0,2,2.09213,3,1.32129,2,2.34655,2,8.68388,2,2105.035308,2,2371.13,2,7.957749805,2,25,417.19,6,20
33H320240201,A13.5,57,1,22,570122,11026,2,20240227,1228,-24.01206,1.49416,5042.45,59.759,2,19.5759,2,35.9434,2,241.70381075337002,2,35.9586,2,245.787,2,0.175,2,1.8,2,0.1,2,0,2,2.09603,3,1.32735,2,2.36131,2,8.62397,2,2092.005096,2,2367,2,7.971206429,2,25,396.81,2,20
33H320240201,A13.5,57,1,23,570123,11102,2,20240227,1228,-24.01216,1.49404,5042.45,29.94,2,23.6321,2,36.0499,2,209.99948918127657,2,36.0559,2,213.66,2,0.209,2,1.5,2,0.1,2,0.01,2,1.99921,3,1.09203,2,1.95203,2,7.30349,2,2091.725948,6,2372.8,2,7.984888741,2,25,382.33,2,20
33H320240201,A13.5,57,1,24,570124,11023,2,20240227,1228,-24.01226,1.4941,5042.45,4.313,2,23.7137,2,36.0327,2,210.25992766776676,2,36.0367,2,-0.959,4,0.201,2,1.4,2,0.1,2,0,2,2.02,3,1.09353,2,1.92452,2,7.43777,2,2091.123821,2,2370.98,2,7.983393614,2,25,381.34,2,20
33H320240201,A13.5,58,1,1,580101,11113,2,20240227,1926,-24.49812,1.53095,5303.152,5303.152,2,2.4833,2,34.8685,2,216.21613842102994,2,34.8798,2,231.955,2,1.64,6,53.5,6,23.7,6,0,6,0,3,0.00563,2,0.0058,2,17.67025,2,2221.930999,2,2363.51,2,7.713425689,2,25,-999,5,20
33H320240201,A13.5,58,1,2,580102,11067,2,20240227,1926,-24.49852,1.53064,5303.152,4900.555,2,2.4334,2,34.8689,2,215.00289628439432,2,34.8934,2,231.133,2,1.632,6,53.6,6,23.5,6,0,6,0.14852,3,0.00584,2,0.00327,2,18.42694,2,2219.305718,2,2361.01,2,7.710656706,2,25,793.09,2,20
33H320240201,A13.5,58,1,3,580103,11052,2,20240227,1926,-24.49853,1.52999,5303.152,4449.729,2,2.3866,2,34.8699,2,214.44572922765278,2,34.8935,2,231.33,2,1.642,6,53.4,6,23.6,6,0,6,0.174,3,0.00765,2,0.00254,2,17.88592,2,2217.571394,2,2357.31,2,7.714696382,2,25,793.86,2,20
33H320240201,A13.5,58,1,4,580104,11118,2,20240227,1926,-24.49847,1.52948,5303.152,4050.548,2,2.3574,2,34.8705,2,214.45380367915766,2,34.8817,2,230.376,2,1.65,6,53.2,6,23.6,6,0,6,0,3,0.00338,2,0.00124,2,17.89635,2,2216.985673,2,2355.75,2,7.714441337,2,25,797.18,2,20
33H320240201,A13.5,58,1,5,580105,11136,2,20240227,1926,-24.49874,1.52966,5303.152,3675.672,2,2.3489,2,34.8689,2,215.24037392966827,2,34.8795,2,232.149,2,1.648,2,52.7,2,23.8,2,0,2,0.21596,3,0.00549,2,0.00196,2,18.26876,2,2214.932492,2,2351.59,2,7.711254297,2,25,800.37,2,20
33H320240201,A13.5,58,1,6,580106,11027,2,20240227,1926,-24.49904,1.52948,5303.152,3299.833,2,2.3774,2,34.863,2,217.60124141571347,2,34.8707,2,234.007,2,1.653,2,51.3,2,23.8,2,0,2,0.13477,3,0.00377,2,0.00189,2,17.2161,2,2210.736533,2,2342.43,2,7.705383037,2,25,806.27,2,20
33H320240201,A13.5,58,1,7,580107,-999,2,20240227,1926,-24.49924,1.52928,5303.152,3001.28,2,2.4297,2,34.8579,2,219.63221206868934,2,34.8795,2,235.52,2,1.664,2,50,2,23.7,2,0,2,0,3,0.00605,2,0.00583,2,19.10505,2,2204.797526,2,2337.26,2,7.702923036,2,25,810.67,2,20
33H320240201,A13.5,58,1,8,580108,11004,2,20240227,1926,-24.49932,1.52892,5303.152,2698.463,2,2.5235,2,34.8551,2,220.36005258261997,2,34.8656,2,235.337,2,1.671,2,47.6,2,23.7,2,0,2,0.23142,3,0.00715,2,0.00789,2,18.83039,2,2199.363919,2,2331.19,2,7.702101758,2,25,815.76,2,20
33H320240201,A13.5,58,1,9,580109,11082,2,20240227,1926,-24.49928,1.52862,5303.152,2400.925,2,2.6677,2,34.854,2,219.1549741222984,2,34.8627,2,233.219,2,1.67,2,45.6,2,23.8,2,0,2,0.139915,3,0.01241,6,0.018075,6,18.31646,6,2198.264457,2,2327.9,2,7.6998819,2,25,822.56,2,20
33H320240201,A13.5,58,1,10,580110,11115,2,20240227,1926,-24.49993,1.52851,5303.152,2099.095,2,2.9868,2,34.8636,2,218.57721064271053,2,34.8719,2,230.254,2,1.645,2,38.6,2,23.5,2,0,2,0,3,0.02908,2,0.04358,2,18.16999,2,2196.867869,2,2323.65,2,7.698544651,2,25,822.895,6,20
33H320240201,A13.5,58,1,11,580111,11008,2,20240227,1926,-24.50012,1.52822,5303.152,1800.974,2,3.2808,2,34.8441,2,210.18658548426313,2,34.8531,6,220.851,2,1.715,2,35.7,2,24.5,2,0.01,2,0,3,0.02745,2,0.04562,2,18.84184,2,2198.197233,2,2318.45,6,7.68043479,6,25,854.42,2,20
33H320240201,A13.5,58,1,12,580112,-999,2,20240227,1926,-24.49992,1.52762,5303.152,1500.43,2,3.5018,2,34.7632,2,191.3431998432273,2,34.774,2,199.885,2,1.942,2,37.8,2,27.6,2,0.01,2,0.214,3,0.0291,2,0.05402,2,21.33644,2,2208.664819,2,2315.13,2,7.644375133,2,25,944.51,2,20
33H320240201,A13.5,58,1,13,580113,11058,2,20240227,1926,-24.5,1.52762,5303.152,1248.841,2,3.5146,2,34.6319,2,174.49930456280606,2,34.657,2,180.904,2,2.208,2,43.9,2,31.1,2,0,2,0,3,0.11069,2,0.21289,2,23.19027,2,2224.481068,6,2314.79,2,7.598615632,2,25,1058.32,2,20
33H320240201,A13.5,58,1,14,580114,11124,2,20240227,1926,-24.50002,1.5272,5303.152,951.09,2,3.9259,2,34.456,2,163.12342235398162,2,34.471,2,167.839,6,2.406,2,41.3,2,34,2,0,2,0.28717,3,0.36893,2,0.69523,2,23.34032,2,2230.479308,2,2305.25,2,7.560879816,2,25,1164.5,2,20
33H320240201,A13.5,58,1,15,580115,11081,2,20240227,1926,-24.50008,1.5269,5303.152,749.814,2,4.8675,2,34.3745,2,172.89756081217368,2,34.3956,2,176.838,2,2.27,2,29,2,32.5,2,0,2,0.73588,3,1.06745,2,2.05656,2,24.0741,2,2212.534825,2,2290.32,2,7.572847462,2,25,1130.35,2,20
33H320240201,A13.5,58,1,16,580116,11126,2,20240227,1926,-24.50012,1.52666,5303.152,560.034,2,7.0448,2,34.4894,2,173.25035515052033,2,34.4951,2,177.697,2,1.962,2,16.8,2,27.9,2,0,2,1.27734,3,1.52441,2,2.63467,2,23.91666,2,2195.011339,2,2287.85,2,7.608093304,2,25,1031.36,2,20
33H320240201,A13.5,58,1,17,580117,11020,2,20240227,1926,-24.50016,1.52652,5303.152,440.678,2,9.5551,2,34.7288,2,183.19115800813935,2,34.7343,2,187.496,2,1.495,2,9.6,2,20.7,2,0.01,2,1.69306,3,1.69441,2,2.71891,2,20.41985,2,2175.152609,2,2293.39,2,7.679077495,6,25,852.65,2,20
33H320240201,A13.5,58,1,18,580118,11128,2,20240227,1926,-24.50017,1.52656,5303.152,330.557,2,11.8959,2,35.0112,2,198.49996741090166,2,35.0175,2,202.62,2,1.029,2,5.2,2,13.7,2,0.01,2,1.91053,3,1.67813,2,2.66022,2,16.35652,2,2147.909757,2,2303.97,2,7.766368565,2,25,683.11,6,20
33H320240201,A13.5,58,1,19,580119,11031,2,20240227,1926,-24.50026,1.52658,5303.152,261.522,2,13.7027,2,35.2352,2,203.8747000761383,2,35.2549,2,208.25,2,0.741,2,3.6,2,9,2,0.01,2,2.08588,3,1.5774,2,2.57932,2,14.29506,2,2133.002223,2,2314.89,2,7.822282624,2,25,591.31,2,20
33H320240201,A13.5,58,1,20,580120,11122,2,20240227,1926,-24.50038,1.52664,5303.152,200.066,2,15.682,2,35.5355,2,220.26844241342502,2,35.5416,2,224.34,2,0.439,2,3,2,4.4,2,0.02,2,2.17959,3,1.43304,2,2.36341,2,11.09358,2,2108.350491,2,2327.71,2,7.898588637,2,25,485.87,2,20
33H320240201,A13.5,58,1,21,580121,11120,2,20240227,1926,-24.50056,1.52672,5303.152,139.622,2,17.2779,2,35.8085,2,221.9271595278394,2,35.8191,2,228.503,3,0.283,2,2,2,1.1,2,0.3,2,2.07925,3,1.30237,2,2.00721,2,9.62044,2,2109.151089,2,2349.53,2,7.923804284,2,25,447.82,2,20
33H320240201,A13.5,58,1,22,580122,11026,2,20240227,1926,-24.50072,1.52659,5303.152,79.638,2,18.1573,2,35.8926,2,231.98528542536062,2,35.8971,2,237.16,2,0.185,2,1.8,2,0.1,2,0,2,-999,5,1.41592,2,2.05042,2,8.5423,2,2103.185745,6,2357.21,2,7.951066193,2,25,417.41,2,20
33H320240201,A13.5,58,1,23,580123,11102,2,20240227,1926,-24.50094,1.52638,5303.152,50.015,2,19.3519,2,35.9046,2,242.13248508332882,2,35.9095,6,246.78,2,0.178,2,1.8,2,0.1,2,0.01,2,2.19114,3,1.28625,2,1.93505,2,8.30737,2,2092.742902,2,2357.86,2,7.968660279,2,25,395.99,2,20
33H320240201,A13.5,58,1,24,580124,11023,2,20240227,1926,-24.50116,1.52616,5303.152,3.858,2,23.6489,2,36.1453,2,210.2907929055936,2,36.147,2,213.643,2,0.181,2,1.6,2,0.1,2,0.01,2,1.91801,3,1.06089,2,1.5335,2,6.89665,2,2099.011071,2,2373.45,2,7.973183816,2,25,385.53,2,20
33H320240201,A13.5,59,1,1,590101,11113,2,20240228, 0150,-24.99882,1.55912,4425.799,4425.799,2,2.3863,2,34.8696,2,218.18686513335953,2,34.8809,2,230.403,2,1.612,6,53.3,6,23.6,6,0,6,0,3,0.00706,2,0.00939,2,16.61365,2,2217.675694,2,2360.58,2,7.713296795,2,25,794.55,2,20
33H320240201,A13.5,59,1,2,590102,11067,2,20240228, 0150,-24.99904,1.55932,4425.799,4151.299,2,2.3648,2,34.8694,2,217.43047466503455,2,34.883,2,230.978,2,1.621,6,53.1,6,23.6,6,0,6,0,3,0.00419,2,0.00292,2,16.45002,2,2216.215066,6,2355.3,2,7.712872041,2,25,797.31,2,20
33H320240201,A13.5,59,1,3,590103,11052,2,20240228, 0150,-24.99934,1.55942,4425.799,3899.031,2,2.3587,2,34.8684,2,217.76075858300374,2,34.8806,2,231.779,2,1.631,6,53,6,23.7,6,0,6,0,3,0.00433,2,0.0037,2,16.26392,2,2213.606861,2,2353.02,2,7.713298387,2,25,799.29,2,20
33H320240201,A13.5,59,1,4,590104,11118,2,20240228, 0150,-24.99924,1.55847,4425.799,3549.451,2,2.3657,2,34.8651,2,218.56527974972298,2,34.8827,2,231.957,2,1.63,6,52.2,6,23.8,6,0,6,0,3,0.00201,2,0.00167,2,16.72883,2,2209.307684,2,2346.96,2,7.709164612,2,25,802.99,2,20
33H320240201,A13.5,59,1,5,590105,11136,2,20240228, 0150,-24.9995,1.55805,4425.799,3200.039,2,2.4013,2,34.8601,2,220.3743299110808,2,34.8722,6,233.825,2,1.641,2,50.8,2,23.8,2,0,2,0,3,0.00451,2,0.00545,2,15.84752,2,2204.055094,2,2341.01,2,7.708785544,2,25,808.52,6,20
33H320240201,A13.5,59,1,6,590106,11027,2,20240228, 0150,-24.99946,1.558,4425.799,2900.196,2,2.4189,2,34.8579,2,221.2701199050193,2,34.8708,2,235.1145,6,1.634,2,50,2,23.9,2,0,2,0.32592,3,0.00502,2,0.00539,2,16.4283,2,2202.303193,2,2335.62,2,7.70201111,2,25,811.36,2,20
33H320240201,A13.5,59,1,7,590107,-999,2,20240228, 0150,-24.9992,1.5575,4425.799,2600.129,2,2.5338,2,34.8549,2,222.08965034091003,2,34.8696,2,234.195,2,1.633,2,47.2,2,23.8,2,0,2,0,3,0.00806,2,0.00936,2,16.70964,2,2198.357501,2,2330.22,2,7.702927028,2,25,816.35,2,20
33H320240201,A13.5,59,1,8,590108,11004,2,20240228, 0150,-24.9986,1.55722,4425.799,2300.74,2,2.7276,2,34.8542,2,219.92952333285467,2,34.8731,2,231.914,2,1.64,2,43.6,2,23.9,2,0,2,0,3,0.01533,2,0.02141,2,17.04953,2,2195.42267,2,2326.94,2,7.691960752,2,25,824.77,2,20
33H320240201,A13.5,59,1,9,590109,11082,2,20240228, 0150,-24.99884,1.55756,4425.799,2000.114,2,3.0271,2,34.8576,2,217.6187033127892,2,34.8705,2,228.398,2,1.635,2,38.3,2,23.8,2,0,2,0.17118,3,0.02741,2,0.03977,2,17.27541,2,2194.392844,2,2322.13,2,7.693019724,2,25,830.24,2,20
33H320240201,A13.5,59,1,10,590110,11115,2,20240228, 0150,-24.99914,1.55764,4425.799,1698.974,2,3.3264,2,34.8256,2,206.4663524563725,2,34.8391,2,215.555,2,1.741,2,36.4,2,25.3,2,0.01,2,0,3,0.02758,2,0.043,2,18.5971,2,2197.276062,2,2319.78,2,7.669952678,2,25,875.29,2,20
33H320240201,A13.5,59,1,11,590111,11008,2,20240228, 0150,-24.99948,1.55739,4425.799,1399.043,2,3.4878,2,34.7194,2,187.59451185294793,2,34.731,2,194.384,2,1.988,2,40.1,2,28.7,2,0,2,0.13273,3,0.05029,2,0.07512,2,20.64733,2,2211.294523,2,2316.69,2,7.632192641,2,25,974.93,2,20
33H320240201,A13.5,59,1,12,590112,-999,2,20240228, 0150,-24.99958,1.55724,4425.799,1149.375,2,3.588,2,34.5788,2,173.87747503633813,2,34.5908,2,178.556,2,2.216,2,43.3,2,32,2,0.01,2,0.13748,3,0.14371,2,0.24345,2,22.07756,2,2221.52557,6,2313.66,2,7.593933363,2,25,1076.395,6,20
33H320240201,A13.5,59,1,13,590113,11058,2,20240228, 0150,-24.99982,1.5568,4425.799,900.008,2,4.0116,2,34.4053,2,173.6429237608419,2,34.419,2,177.418,2,2.326,2,39.7,2,33.4,2,0.01,2,0.49014,3,0.67599,2,1.28635,2,23.23282,2,2219.170511,2,2302.44,6,7.569892184,6,25,1133.91,2,20
33H320240201,A13.5,59,1,14,590114,11124,2,20240228, 0150,-24.99998,1.55638,4425.799,680.042,2,5.608,2,34.3847,2,180.82009543666183,2,34.3916,2,184.147,2,2.107,2,22.8,2,30.6,2,0.01,2,-999,5,-999,5,-999,5,-999,5,2199.765307,2,2287.86,2,7.589733432,2,25,1075.95,2,20
33H320240201,A13.5,59,1,15,590115,11081,2,20240228, 0150,-25.00002,1.55582,4425.799,520.061,2,8.2486,2,34.5947,2,175.18815547048342,2,34.6031,2,178.642,2,1.736,2,13.1,2,24.9,2,0.01,2,1.64383,3,1.72614,2,3.04116,2,23.10312,2,2185.41072,2,2289,2,7.632163709,2,25,956.5,2,20
33H320240201,A13.5,59,1,16,590116,11126,2,20240228, 0150,-25.00011,1.55547,4425.799,400.478,2,10.7753,2,34.8716,2,191.7692323403462,2,34.881,2,196.1745,6,1.227,2,6.9,2,17.1,2,0.01,2,1.88248,3,1.70258,2,2.85478,2,17.24204,2,2158.731716,2,2298.4,2,7.72571265,2,25,757.92,2,20
33H320240201,A13.5,59,1,17,590117,11020,2,20240228, 0150,-25.00022,1.55532,4425.799,299.104,2,12.9498,2,35.1384,2,199.46918872462763,2,35.3633,2,203.068,2,0.873,2,4.3,2,11.3,2,0.01,2,1.96454,3,1.63783,2,2.48667,2,14.84719,2,2139.920519,2,2308.26,2,7.7868964,2,25,634.28,2,20
33H320240201,A13.5,59,1,18,590118,11128,2,20240228, 0150,-25.00032,1.55516,4425.799,239.651,2,14.5862,2,35.3549,2,203.4105950395075,2,35.3544,2,207.813,2,0.659,2,3.4,2,8,2,0.01,2,2.08077,3,1.52159,2,2.61996,2,12.50932,2,2127.602621,2,2319.68,2,7.840249792,2,25,558.39,2,20
33H320240201,A13.5,59,1,19,590119,11031,2,20240228, 0150,-25.00034,1.55504,4425.799,180.567,2,15.8134,2,35.5577,2,222.9432552724931,2,35.5775,2,229.622,3,0.409,2,3,2,4.1,2,0.02,2,2.07678,3,1.4111,2,2.21557,2,9.69965,2,2104.931172,2,2327.38,2,7.903692856,6,25,473.87,2,20
33H320240201,A13.5,59,1,20,590120,11122,2,20240228, 0150,-25.00036,1.55498,4425.799,149.879,2,16.3892,2,35.6467,2,216.75106233754406,2,35.6494,2,221.33,2,0.404,2,2.6,2,3.5,2,0.05,2,2.160695,3,1.39515,6,2.5015,6,10.2546,6,2109.196717,2,2336.46,2,7.904043772,2,25,473.53,2,20
33H320240201,A13.5,59,1,21,590121,11120,2,20240228, 0150,-25.00036,1.55487,4425.799,125.289,2,17.5497,2,35.8269,2,223.37043797838055,2,35.8283,2,226.761,2,0.262,2,2.1,2,0.7,2,0.18,2,1.90319,3,1.28806,2,2.26814,2,8.82817,2,2107.334705,2,2350.49,2,7.932529731,2,25,438.77,2,20
33H320240201,A13.5,59,1,22,590122,11026,2,20240228, 0150,-25.00032,1.5547,4425.799,70.206,2,18.9447,2,35.915,2,239.0362847242056,2,35.9203,2,243.027,2,0.182,2,1.7,2,0.1,2,0,2,2.03662,3,1.27073,2,2.25611,2,8.77646,2,2095.370734,2,2357.07,2,7.965214171,2,25,403.13,2,20
33H320240201,A13.5,59,1,23,590123,11102,2,20240228, 0150,-25.00034,1.55462,4425.799,40.864,2,23.4862,2,36.1551,2,211.8572110746097,2,36.1174,2,220.697,2,0.185,2,1.6,2,0.1,2,0.01,2,1.84927,3,1.08753,2,1.76491,2,7.88996,2,2097.301532,6,2369.81,2,7.976609334,2,25,387.74,2,20
33H320240201,A13.5,59,1,24,590124,11023,2,20240228, 0150,-25.00036,1.5545,4425.799,3.478,2,23.6936,2,36.177,2,209.96166858068625,2,36.1811,2,212.809,2,0.177,2,1.8,2,0.1,2,0.01,2,1.97033,3,1.0426,2,1.75439,2,7.714,2,2100.083959,2,2374.32,2,7.982788656,2,25,385.17,2,20
33H320240201,A13.5,60,1,1,600101,11113,2,20240228, 0831,-25.49838,1.58564,5078.728,5078.728,2,2.458,2,34.8687,2,216.6458110530776,2,34.8827,6,230.451,2,1.628,6,53.6,6,23.4,6,0.02,6,0,3,0.00742,2,0.00744,2,16.58698,2,2221.124398,6,2357.14,2,7.714486109,2,25,796.11,2,20
33H320240201,A13.5,60,1,2,600102,11067,2,20240228, 0831,-25.49854,1.58511,5078.728,4599.657,2,2.3983,2,34.8693,2,215.5540265751189,2,34.8815,2,230.81,2,1.629,6,53.4,6,23.4,6,0.02,6,0,3,0.00449,2,0.00356,2,17.78614,2,2218.785694,2,2357.99,2,7.71435815,2,25,796.96,2,20
33H320240201,A13.5,60,1,3,600103,11052,2,20240228, 0831,-25.49884,1.5851,5078.728,4150.033,2,2.3556,2,34.8697,2,215.20125282952952,2,34.8852,2,231.321,2,1.634,6,53.4,6,23.5,6,0.02,6,0,3,0.0066,2,0.00454,2,17.85418,2,2218.078123,2,2356.42,2,7.711892712,2,25,796.875,6,20
33H320240201,A13.5,60,1,4,600104,11118,2,20240228, 0831,-25.4989,1.58494,5078.728,3773.83,2,2.3379,2,34.8687,2,215.63561197249462,2,34.8872,2,230.455,2,1.632,6,53.2,6,23.6,6,0.02,6,0.13964,3,0.00395,2,0.00159,2,17.85483,2,2214.595794,2,2353.43,2,7.71091317,2,25,800.36,2,20
33H320240201,A13.5,60,1,5,600105,11136,2,20240228, 0831,-25.49902,1.58494,5078.728,3425.436,2,2.3508,2,34.8638,2,217.14005366683165,2,34.8742,2,232.47,2,1.641,2,52.4,2,23.6,2,0.03,2,0.23074,3,0.00391,2,0.00306,2,17.66295,2,2212.018699,2,2347.58,2,7.707578711,2,25,805.76,2,20
33H320240201,A13.5,60,1,6,600106,11027,2,20240228, 0831,-25.4991,1.58492,5078.728,3100.623,2,2.3888,2,34.8575,2,218.57567904492765,2,34.8682,2,233.978,2,1.641,2,51.5,2,23.7,2,0.02,2,0.19168,3,0.00483,2,0.00398,2,18.21611,2,2208.146258,2,2340.75,2,7.706597607,2,25,812.67,2,20
33H320240201,A13.5,60,1,7,600107,-999,2,20240228, 0831,-25.49902,1.58494,5078.728,2800.12,2,2.4723,2,34.8547,2,220.6937509412364,2,34.8676,2,234.682,2,1.641,2,49.3,2,23.6,2,0.02,2,0.16631,3,0.00681,2,0.00728,2,18.89238,2,2201.80167,2,2335.78,2,7.703187536,2,25,815.37,2,20
33H320240201,A13.5,60,1,8,600108,11004,2,20240228, 0831,-25.49896,1.58508,5078.728,2500.088,2,2.5761,2,34.8507,2,219.5231648132347,2,34.8599,2,233.241,2,1.656,2,47.2,2,23.7,2,0.02,2,0.12935,3,0.00972,2,0.01592,2,17.35341,2,2200.755822,2,2329.4,2,7.697742627,2,25,824.25,2,20
33H320240201,A13.5,60,1,9,600109,11082,2,20240228, 0831,-25.49833,1.58548,5078.728,2199.4,2,2.7852,2,34.8509,2,217.92367723518936,2,34.8659,2,230.459,2,1.649,2,43.3,2,23.8,2,0.02,2,0.22011,3,0.0187,2,0.03279,2,18.32679,2,2197.901664,2,2326.06,2,7.694972457,2,25,830.8,2,20
33H320240201,A13.5,60,1,10,600110,11115,2,20240228, 0831,-25.49824,1.58556,5078.728,1899.502,2,3.0584,2,34.8444,2,213.91058612886232,2,34.8527,2,224.215,2,1.672,2,39.2,2,24.2,2,0.03,2,0.24105,3,0.02995,2,0.0478,2,18.76407,2,2197.21373,2,2321.7,6,7.684959487,6,25,846.6,2,20
33H320240201,A13.5,60,1,11,600111,11008,2,20240228, 0831,-25.49842,1.5857,5078.728,1600.662,2,3.3449,2,34.7933,2,199.75781228969345,2,34.8016,2,207.985,2,1.823,2,38.5,2,26.3,2,0.03,2,0.068575,3,0.0309,6,0.049325,6,20.40705,6,2206.154398,2,2318.64,2,7.660816534,2,25,907.09,2,20
33H320240201,A13.5,60,1,12,600112,-999,2,20240228, 0831,-25.49854,1.58536,5078.728,1299.691,2,3.5121,2,34.6688,2,180.8353269890397,2,34.6775,2,187.532,2,2.091,2,41.8,2,29.8,2,0.03,2,0.17415,3,0.07064,2,0.11874,2,22.62947,2,2219.554729,2,2314.9,2,7.615421859,2,25,1016.41,2,20
33H320240201,A13.5,60,1,13,600113,11058,2,20240228, 0831,-25.49861,1.58498,5078.728,1050.399,2,3.6807,2,34.4947,2,168.1699492763176,2,34.5023,2,173.188,2,2.321,2,44.5,2,33.1,2,0.03,2,0.43529,3,0.3105,2,0.53517,2,24.93302,2,2228.443145,2,2307.74,2,7.575219334,2,25,1127.94,2,20
33H320240201,A13.5,60,1,14,600114,11124,2,20240228, 0831,-25.49874,1.58486,5078.728,804.153,2,4.5515,2,34.3673,2,177.70106957758676,2,34.3807,2,181.717,2,2.262,2,32.1,2,32.4,2,0.03,2,0.79971,3,1.0104,2,1.88611,2,23.60768,2,2212.36563,6,2296.53,2,7.577992654,2,25,1105,2,20
33H320240201,A13.5,60,1,15,600115,11081,2,20240228, 0831,-25.49889,1.5848,5078.728,620.593,2,6.305,2,34.4273,2,179.03380364986907,2,34.4333,6,182.827,2,2.024,2,19.4,2,29,2,0.02,2,1.46127,3,1.4982,2,2.75593,2,23.19647,2,2196.541186,2,2295.86,2,7.601156553,2,25,1047.03,2,20
33H320240201,A13.5,60,1,16,600116,11126,2,20240228, 0831,-25.49894,1.58458,5078.728,479.695,2,9.0296,2,34.6721,2,181.17442901880153,2,34.6713,2,185.849,2,1.587,2,10.9,2,22.2,2,0.03,2,1.56246,3,1.68396,2,2.79775,2,20.95204,2,2177.136611,2,2290.47,2,7.664561147,2,25,882.06,2,20
33H320240201,A13.5,60,1,17,600117,11020,2,20240228, 0831,-25.49906,1.58439,5078.728,359.249,2,11.5604,2,34.9712,2,195.34863957312353,2,34.9752,2,199.982,2,1.1,2,5.6,2,14.6,2,0.03,2,2.04505,3,1.69203,2,2.74853,2,18.76903,2,-999,5,2300.89,2,7.749171571,2,25,702.89,2,20
33H320240201,A13.5,60,1,18,600118,11128,2,20240228, 0831,-25.4993,1.58438,5078.728,259.947,2,13.9274,2,35.2755,2,205.77056135807433,2,35.2856,2,211.43,2,0.695,2,3.3,2,8.1,2,0.03,2,2.25021,3,1.56486,2,2.53782,2,14.97224,2,2131.274118,2,2316.25,2,7.829770556,2,25,573.27,2,20
33H320240201,A13.5,60,1,19,600119,11031,2,20240228, 0831,-25.49922,1.5842,5078.728,219.939,2,15.3251,2,35.5291,2,217.6761400135461,2,35.5056,2,221.329,2,0.487,2,2.5,2,4.7,2,0.04,2,2.24477,3,1.47112,2,2.40384,2,11.98948,2,2119.60737,2,2328.34,2,7.876609908,2,25,509.74,2,20
33H320240201,A13.5,60,1,20,600120,11122,2,20240228, 0831,-25.49938,1.58404,5078.728,160.245,2,16.6413,2,35.7125,2,220.5349401018649,2,35.7135,2,225.201,2,0.347,2,2.2,2,2.2,2,0.16,2,2.15815,3,1.38504,2,2.14009,2,10.52685,2,2108.640586,2,2339.16,2,7.916566181,2,25,459.84,6,20
33H320240201,A13.5,60,1,21,600121,11120,2,20240228, 0831,-25.49956,1.584,5078.728,99.58,2,18.0341,2,35.8787,2,230.0218688084579,2,35.879,2,233.233,2,0.22,2,1.7,2,0,2,0.03,2,2.26224,3,1.32939,2,2.11746,2,9.01769,2,2101.472805,2,2353.96,2,7.95043812,2,25,421.7,2,20
33H320240201,A13.5,60,1,22,600122,11026,2,20240228, 0831,-25.49967,1.58394,5078.728,60.077,2,19.7043,2,36.0143,2,239.6219006001752,2,36.0148,2,244.735,2,0.188,2,1.6,2,0,2,0.02,2,2.22375,3,1.28919,2,2.3247,2,8.59759,2,2094.412311,2,2361.85,2,7.974596206,6,25,395.55,2,20
33H320240201,A13.5,60,1,23,600123,11102,2,20240228, 0831,-25.49964,1.58369,5078.728,29.553,2,23.7014,2,36.2486,2,209.86385063178454,2,36.2527,2,213.485,2,0.191,2,1.6,2,0,2,0.03,2,1.66259,3,1.01898,2,1.58637,2,6.76018,2,2105.21979,2,2378.75,2,7.982639805,2,25,388.02,2,20
33H320240201,A13.5,60,1,24,600124,11023,2,20240228, 0831,-25.49978,1.58344,5078.728,2.53,2,23.7033,2,36.2496,2,209.8463765790809,2,36.2525,2,213.541,2,0.188,2,1.7,2,0,2,0.03,2,1.79795,3,1.03427,2,1.62163,2,7.11372,2,2104.015748,6,2377.27,2,7.970886436,2,25,388.25,2,20
33H320240201,A13.5,61,1,1,610101,11113,2,20240228,1509,-25.9995,1.61182,4873.577,4873.577,2,2.4341,2,34.8689,2,217.01467764722835,2,34.8824,2,230.266,2,1.611,6,53.6,6,23.6,6,0.01,6,0,3,0.00904,2,0.00642,2,18.03283,2,2115.48998,4,2356.55,2,7.712149333,2,25,797.52,2,20
33H320240201,A13.5,61,1,2,610102,11067,2,20240228,1509,-26.00002,1.61189,4873.577,4451.214,2,2.3855,2,34.8693,2,215.8275372114373,2,34.8816,2,230.898,2,1.615,6,53.4,6,23.6,6,0,6,0,3,0.00597,2,0.00303,2,17.8296,2,2220.648797,6,2356.61,2,7.711893243,2,25,798.26,2,20
33H320240201,A13.5,61,1,3,610103,11052,2,20240228,1509,-25.99972,1.6114,4873.577,4049.657,2,2.3522,2,34.8691,2,215.78787411717144,2,34.909,2,231.415,2,1.625,6,53.4,6,23.7,6,0.01,6,0,3,0.00582,6,0.00516,6,17.75153,6,2217.102327,2,2355.09,2,7.71486687,2,25,798.94,2,20
33H320240201,A13.5,61,1,4,610104,11118,2,20240228,1509,-25.99986,1.61132,4873.577,3661.407,2,2.3465,2,34.867,2,216.43553824137828,2,34.8783,2,231.09,2,1.622,6,52.8,6,23.7,6,0.01,6,0,3,0.00534,2,0.00291,2,17.53453,2,2214.795917,2,2350.16,2,7.708089925,2,25,802.92,2,20
33H320240201,A13.5,61,1,5,610105,11136,2,20240228,1509,-25.99963,1.61136,4873.577,3300.024,2,2.3808,2,34.8615,2,218.33587484453483,2,34.8788,2,233.546,2,1.629,2,51.6,2,23.8,2,0,2,0,3,0.00206,2,0.00153,2,18.29465,2,2208.038555,2,2342.25,2,7.707452817,2,25,808.13,2,20
33H320240201,A13.5,61,1,6,610106,11027,2,20240228,1509,-25.99916,1.61108,4873.577,3000.207,2,2.4315,2,34.8581,2,218.88050687891564,2,34.8696,6,-999,5,1.636,2,50.2,2,23.8,2,0.01,2,0,3,0.00423,2,0.00607,2,17.09699,2,2203.711558,2,2337.41,2,7.706424524,2,25,814.49,2,20
33H320240201,A13.5,61,1,7,610107,-999,2,20240228,1509,-25.99949,1.6115,4873.577,2699.904,2,2.4686,2,34.8551,2,220.0070831647477,2,34.8711,2,234.049,2,1.642,2,49.2,2,23.9,2,0,2,0,3,0.00644,2,0.00632,2,19.61624,2,2195.217756,2,2335.71,2,7.701449464,2,25,818.24,2,20
33H320240201,A13.5,61,1,8,610108,11004,2,20240228,1509,-25.99956,1.61155,4873.577,2399.608,2,2.6085,2,34.8538,2,220.58781069279124,2,34.8664,2,233.703,2,1.641,2,45.9,2,23.8,2,0,2,0.18929,3,0.01136,2,0.01256,2,19.31925,2,-999,5,2328.62,2,7.700798039,2,25,822.08,2,20
33H320240201,A13.5,61,1,9,610109,11082,3,20240228,1509,-25.99954,1.61168,4873.577,2100.272,2,2.8484,2,34.8541,2,218.32410829489407,2,34.8943,2,231.166,2,1.641,2,41.6,2,23.8,2,0.01,2,0.20268,3,0.0241,2,0.03059,2,19.63477,2,2197.02476,2,2321.69,2,7.691072877,2,25,830.12,2,20
33H320240201,A13.5,61,1,10,610110,11115,2,20240228,1509,-25.99972,1.61145,4873.577,1800.499,2,3.1796,2,34.834,2,210.31662753522232,2,34.8618,2,220.28,2,1.697,2,38.2,2,24.8,2,0,2,0,3,0.03227,2,0.04713,2,20.06878,2,2199.116122,2,2321.77,2,7.680271242,2,25,861.64,2,20
33H320240201,A13.5,61,1,11,610111,11008,2,20240228,1509,-25.99986,1.61162,4873.577,1500.41,2,3.4027,2,34.761,2,193.59719981647453,2,34.7732,2,201.61,2,1.89,2,39.6,2,27.4,2,0,2,0,3,0.0333,2,0.05853,2,21.74197,2,2210.66457,2,2318.49,2,7.64378112,2,25,939.12,2,20
33H320240201,A13.5,61,1,12,610112,-999,2,20240228,1509,-25.99964,1.6117,4873.577,1249.573,2,3.479,2,34.6273,2,177.26792441293992,2,34.6373,2,182.89,2,2.136,2,44.3,2,30.9,2,0,2,0.23221,3,0.11157,2,0.18615,2,24.38845,2,2222.79823,2,2313.1,2,7.602264551,6,25,1049.16,2,20
33H320240201,A13.5,61,1,13,610113,11058,2,20240228,1509,-25.99964,1.61184,4873.577,949.875,2,3.8157,2,34.4348,2,171.34900096579275,2,34.446,2,175.543,2,2.33,2,43.4,2,33.4,2,0.01,2,0.46536,3,0.54628,2,0.97629,2,25.62744,2,2226.581513,2,2305.37,2,7.603335515,2,25,1137.965,6,20
33H320240201,A13.5,61,1,14,610114,11124,2,20240228,1509,-25.99928,1.61175,4873.577,750.539,2,4.876,2,34.364,2,179.2903972726127,2,34.3798,2,183.17,2,2.2,2,28.2,2,31.9,2,0,2,1.07239,3,1.19982,2,2.34024,2,25.74903,2,2205.521987,6,2289.81,2,7.571434923,2,25,1099.97,2,20
33H320240201,A13.5,61,1,15,610115,11081,2,20240228,1509,-25.99938,1.61186,4873.577,649.44,2,5.813,2,34.3807,2,191.27388098786025,2,34.3888,2,196.137,2,2,2,20.4,2,29,2,0,2,1.21593,3,1.51823,2,2.64988,2,21.65634,2,2195.26233,2,2284.9,2,7.584336177,2,25,1019.71,2,20
33H320240201,A13.5,61,1,16,610116,11126,2,20240228,1509,-25.99973,1.6121,4873.577,440.356,2,9.797,2,34.755,2,186.96135983645001,2,34.7665,2,190.827,2,1.414,2,8.9,2,19.9,2,0.01,2,1.70759,3,1.69631,2,2.85758,2,19.74925,2,2175.232714,2,2291.95,2,7.6935998,2,25,827.775,6,20
33H320240201,A13.5,61,1,17,610117,11020,2,20240228,1509,-25.99954,1.61193,4873.577,330.224,2,12.175,2,35.0469,2,197.1259035807391,2,35.0539,2,201.2205,6,1.001,2,4.9,2,13.2,2,0,2,1.89341,3,1.63887,2,2.644,2,17.37588,2,2152.25047,2,2305.59,2,7.768874883,2,25,677.42,2,20
33H320240201,A13.5,61,1,18,610118,11128,2,20240228,1509,-25.99948,1.61186,4873.577,260.482,2,13.6302,2,35.2427,2,203.5833948265798,2,35.2507,6,208.402,2,0.725,2,3.4,2,8.9,2,0.01,2,2.173,3,1.58652,2,2.57802,2,14.76889,2,2137.389181,2,2315.91,2,7.818014554,2,25,594.72,2,20
33H320240201,A13.5,61,1,19,610119,11031,2,20240228,1509,-25.9995,1.61192,4873.577,200.249,2,14.8028,2,35.4015,2,205.13163236993586,2,35.4201,2,-0.953,4,0.597,2,2.9,2,6.8,2,0.02,2,2.21263,3,1.50641,2,2.48614,2,13.99682,2,2128.522168,2,2323.99,2,7.847962164,2,25,549.17,2,20
33H320240201,A13.5,61,1,20,610120,11122,2,20240228,1509,-25.99966,1.61206,4873.577,140.568,2,16.9976,2,35.7501,2,215.40668179869277,2,35.7513,2,219.664,2,0.367,2,2.1,2,2.4,2,0.15,2,2.05658,3,1.37167,2,2.32932,2,10.71133,2,2114.291173,2,2345.28,2,7.910983896,2,25,465.84,2,20
33H320240201,A13.5,61,1,21,610121,11120,2,20240228,1509,-25.99962,1.61202,4873.577,110.357,2,18.0852,2,35.8955,2,228.84649470468543,2,35.901,2,231.495,2,0.233,2,1.9,2,0,2,0.02,2,2.196,3,1.31403,2,2.29463,2,9.32828,2,2106.494813,2,2356.6,2,7.944108252,2,25,425.89,2,20
33H320240201,A13.5,61,1,22,610122,11026,2,20240228,1509,-25.99956,1.6119,4873.577,80.107,2,19.1752,2,36.0287,2,236.3348170606426,2,36.0117,2,241.316,2,0.192,2,1.7,2,0,2,0.01,2,1.93607,3,1.22589,2,1.9838,2,8.63105,2,2099.31147,6,2362.96,2,7.969356886,2,25,401.86,2,20
33H320240201,A13.5,61,1,23,610123,11102,2,20240228,1509,-25.99964,1.61188,4873.577,49.967,2,23.7512,2,36.2454,2,210.4557647036288,2,36.2429,2,214.67,2,0.198,2,1.8,2,0,2,0,2,1.99108,3,1.06012,2,1.67388,2,7.57781,2,2102.105321,2,2378.12,2,7.990101135,2,25,386.79,2,20
33H320240201,A13.5,61,1,24,610124,11023,2,20240228,1509,-25.99971,1.61174,4873.577,2.631,2,23.9834,2,36.2473,2,210.39988546250297,2,36.2506,2,213.194,2,0.184,2,1.7,2,0,2,0.01,2,1.89143,3,1.06061,2,1.66722,2,7.60956,2,2102.219832,2,2378.15,6,7.981286945,6,25,386.4,2,20
33H320240201,A13.5,62,1,1,620101,11113,2,20240228,2154,-26.4988,1.63918,5182.713,5182.713,2,2.4731,2,34.8688,2,216.18114283815027,2,34.8821,2,230.53,2,1.614,6,53.4,6,23.6,6,0.01,6,0.12618,3,0.00702,2,0.00685,2,17.66124,2,2221.828487,2,2361.57,2,7.717191036,2,25,793.77,2,20
33H320240201,A13.5,62,1,2,620102,11067,2,20240228,2154,-26.4989,1.6394,5182.713,4750.469,2,2.418,2,34.869,2,215.1459920386589,2,34.8821,2,231.68,2,1.606,6,53.3,6,23.5,6,0.01,6,0,3,0.00447,2,0.00421,2,19.07596,2,2220.360039,6,2360.18,2,7.715332628,2,25,796.22,2,20
33H320240201,A13.5,62,1,3,620103,11052,2,20240228,2154,-26.49912,1.63876,5182.713,4300.433,2,2.3714,2,34.8692,2,214.69759038609035,2,34.8803,2,231.22,2,1.612,6,53.4,6,23.7,6,0.01,6,0,3,0.0048,2,0.00396,2,19.78809,2,2217.176145,2,2358.85,2,7.712106351,2,25,796.3,2,20
33H320240201,A13.5,62,1,4,620104,11118,2,20240228,2154,-26.49924,1.63808,5182.713,3900.246,2,2.3443,2,34.8687,2,215.07955972006638,2,34.8808,6,230.438,2,1.622,6,53.3,6,23.7,6,0.01,6,0,3,0.00607,2,0.00245,2,19.86652,2,2216.506461,2,2355.97,2,7.714867401,2,25,798.91,2,20
33H320240201,A13.5,62,1,5,620105,11136,2,20240228,2154,-26.49921,1.63808,5182.713,3549.748,2,2.344,2,34.866,2,216.2531702877382,2,34.8765,2,232.091,2,1.627,2,52.6,2,23.7,2,0.01,2,0.14981,3,0.00414,2,0.00329,2,17.19185,2,2212.86592,2,2352.64,2,7.707015188,6,25,802.82,2,20
33H320240201,A13.5,62,1,6,620106,11027,2,20240228,2154,-26.49964,1.63772,5182.713,3200.588,2,2.3709,2,34.8601,2,218.0708849666998,2,34.871,2,233.915,2,1.631,2,51.6,2,23.7,2,0.01,2,0,3,0.0038,2,0.00292,2,18.12104,2,2209.17511,2,2345.34,2,7.707755509,2,25,808.79,2,20
33H320240201,A13.5,62,1,7,620107,-999,2,20240228,2154,-26.49986,1.63741,5182.713,2899.519,2,2.4241,2,34.8535,2,218.77687336194816,2,34.877,2,233.775,2,1.647,2,50.6,2,23.8,2,0,2,0.1276,3,0.0064,2,0.00669,2,18.45181,2,2205.312414,2,2338.76,2,7.703622564,2,25,817.61,2,20
33H320240201,A13.5,62,1,8,620108,11004,2,20240228,2154,-26.50022,1.63762,5182.713,2599.396,2,2.5294,2,34.8471,2,217.75442492766084,2,34.8562,2,230.836,2,1.653,2,50.1,2,24.1,2,0,2,0,3,0.0064,2,0.00935,2,18.64394,2,2202.076381,2,2333.85,2,7.696122543,2,25,830.06,2,20
33H320240201,A13.5,62,1,9,620109,11082,2,20240228,2154,-26.50056,1.63771,5182.713,2300.354,2,2.7214,2,34.8528,2,218.42619395687984,2,34.8621,2,231.617,2,1.635,2,44.2,2,23.8,2,0,2,0,3,0.01474,2,0.02015,2,18.78504,2,2199.516322,2,2328.55,2,7.696818256,2,25,826.7,2,20
33H320240201,A13.5,62,1,10,620110,11115,2,20240228,2154,-26.50062,1.63794,5182.713,2000.253,2,2.9849,2,34.8488,2,214.96870263377963,2,34.8573,2,225.568,2,1.655,2,40.2,2,24.1,2,0,2,0,3,0.02252,2,0.03623,2,18.96022,2,2197.747872,2,2325.35,2,7.68809339,2,25,841.18,2,20
33H320240201,A13.5,62,1,11,620111,11008,2,20240228,2154,-26.50048,1.63796,5182.713,1701.114,2,3.2722,2,34.8177,2,205.21070431574915,2,34.8308,2,214.882,2,1.761,2,37.9,2,25.5,2,0,2,0.13765,3,0.02807,2,0.04934,2,19.63433,2,2201.222215,2,2322.53,2,7.671492005,2,25,881.11,2,20
33H320240201,A13.5,62,1,12,620112,-999,2,20240228,2154,-26.50042,1.63818,5182.713,1401.087,2,3.447,2,34.7103,2,185.6002938101557,2,34.7177,2,192.961,2,1.998,2,41.4,2,29,2,0.01,2,0,3,0.05456,2,0.08836,2,22.06233,2,2216.302301,2,2318.84,2,7.627214298,2,25,986.32,2,20
33H320240201,A13.5,62,1,13,620113,11058,2,20240228,2154,-26.50036,1.6383,5182.713,1150.431,2,3.4756,2,34.5578,2,171.94423631441148,2,34.5807,2,176.743,3,2.239,2,47.1,2,32.3,2,0,2,0.20999,3,0.20508,2,0.36913,2,22.64695,2,2228.374195,6,2316.65,2,7.587069754,2,25,1096.28,2,20
33H320240201,A13.5,62,1,14,620114,11124,2,20240228,2154,-26.50046,1.6381,5182.713,900.592,2,4.0024,2,34.3992,2,174.68258415105564,2,34.4148,2,179.063,2,2.318,2,40.2,2,33.2,2,0.01,2,0.50226,3,0.75702,2,1.40656,2,24.65386,2,2222.697982,2,2305.99,2,7.570928436,2,25,1132.88,2,20
33H320240201,A13.5,62,1,15,620115,11081,2,20240228,2154,-26.50046,1.63849,5182.713,731.242,2,4.9206,2,34.348,2,189.22840326227663,2,34.3589,2,193.833,2,2.13,2,27.1,2,31,2,0.01,2,1.06087,3,1.31357,2,2.28219,2,23.43236,2,2203.423569,2,2291.58,6,7.593684537,6,25,1062.98,2,20
33H320240201,A13.5,62,1,16,620116,11126,2,20240228,2154,-26.5004,1.63836,5182.713,520.142,2,7.9611,2,34.5544,2,191.53798333258752,2,34.5622,6,195.433,2,1.66,2,12.7,2,23.9,2,0,2,1.60403,3,1.7382,2,2.93573,2,20.68084,2,2176.931775,2,2288.05,2,7.657251919,2,25,902.74,2,20
33H320240201,A13.5,62,1,17,620117,11020,2,20240228,2154,-26.50025,1.63851,5182.713,400.382,2,10.4818,2,34.8356,2,193.70036006326413,2,34.8421,2,197.776,2,1.266,2,7.1,2,17.4,2,0.01,2,1.95162,3,1.74623,6,3.08443,6,18.601885,6,2159.3875,2,2304.57,2,7.721516108,2,25,762.64,2,20
33H320240201,A13.5,62,1,18,620118,11128,2,20240228,2154,-26.50012,1.63842,5182.713,300.858,2,12.3747,2,35.074,2,200.65747694382577,2,35.0803,2,204.555,6,0.933,2,4.6,2,12.3,2,0.01,2,2.18248,3,1.68773,2,2.93973,2,16.79053,2,2143.792097,2,2307.95,2,7.778288843,2,25,650.77,2,20
33H320240201,A13.5,62,1,19,620119,11031,2,20240228,2154,-26.5,1.63859,5182.713,240.873,2,13.6571,2,35.2532,2,211.21001621440283,2,35.2621,2,215.778,2,0.679,2,3.2,2,8.3,2,0.02,2,2.38268,3,1.58938,2,2.71417,2,14.89039,2,2131.455925,2,2318.35,2,7.829089735,2,25,575.04,2,20
33H320240201,A13.5,62,1,20,620120,11122,2,20240228,2154,-26.4999,1.63882,5182.713,180.903,2,14.919,2,35.4613,2,217.3243679506859,2,35.4574,2,221.269,2,0.526,2,2.7,2,5.4,2,0.02,2,2.05823,3,1.42109,2,2.10131,2,12.14238,2,2120.151985,2,2327.15,2,7.868871868,2,25,517.68,6,20
33H320240201,A13.5,62,1,21,620121,11120,2,20240228,2154,-26.4998,1.63852,5182.713,121.02,2,16.3825,2,35.6689,2,224.9899841413153,2,35.6683,2,228.061,2,0.341,2,2.1,2,2.1,2,0.17,2,2.20467,3,1.36294,2,2.09373,2,11.33364,2,2108.57894,2,2348.45,2,7.912717949,2,25,461.5,2,20
33H320240201,A13.5,62,1,22,620122,11026,2,20240228,2154,-26.4997,1.63877,5182.713,69.402,2,18.6178,2,35.8861,2,240.3890911314505,2,35.8844,2,244.894,2,0.185,2,1.7,2,0,2,0.01,2,2.25743,3,1.29396,2,1.92971,2,10.14416,2,2094.861368,6,2357.31,2,7.963048509,2,25,403.55,2,20
33H320240201,A13.5,62,1,23,620123,11102,2,20240228,2154,-26.49954,1.63869,5182.713,40.443,2,22.5342,2,36.0461,2,222.54583503820075,2,36.0385,2,226.231,2,0.176,2,1.6,2,0,2,0,2,2.12611,3,1.14592,2,1.60161,2,9.08472,2,2094.749317,2,2366.08,2,7.976723022,2,25,389.66,2,20
33H320240201,A13.5,62,1,24,620124,11023,2,20240228,2154,-26.49946,1.63882,5182.713,3.77,2,23.4908,2,36.0986,2,211.87070736885465,2,36.1072,2,214.643,2,0.175,2,1.5,2,0,2,0.01,2,2.07238,3,1.07568,2,1.62006,2,8.60967,2,2098.867906,2,2371,2,7.977102318,2,25,384.69,2,20
33H320240201,A13.5,63,1,1,630101,11113,2,20240229, 0422,-27.00124,1.66654,4702.027,4702.027,2,2.4141,2,34.8689,2,217.3401975600113,2,34.8861,2,230.012,2,1.612,6,53.5,6,23.6,6,0,6,0,3,0.00611,2,0.00613,2,17.70045,2,2222.738052,2,2360.99,2,7.714782429,2,25,796.34,2,20
33H320240201,A13.5,63,1,2,630102,11067,2,20240229, 0422,-27.00162,1.66642,4702.027,4250.035,2,2.3641,2,34.869,2,216.3008174771708,2,34.8884,6,230.664,2,1.618,6,53.7,6,23.6,6,0,6,0.17106,3,0.00692,2,0.00191,2,19.41577,2,2220.995752,6,2359.54,2,7.718369613,2,25,797.4,2,20
33H320240201,A13.5,63,1,3,630103,11052,2,20240229, 0422,-27.00161,1.66646,4702.027,3800.765,2,2.3297,2,34.8682,2,216.4480733398479,2,34.8874,2,231.715,2,1.632,6,53.7,6,23.7,6,0,6,0.29028,3,0.0053,2,0.00291,2,19.30106,2,2218.941903,2,2356.12,2,7.708302951,2,25,800.06,2,20
33H320240201,A13.5,63,1,4,630104,11118,2,20240229, 0422,-27.0017,1.6667,4702.027,3449.541,2,2.3296,2,34.8658,2,217.61294846893162,2,34.8795,2,231.042,2,1.635,6,53,6,23.7,6,0.01,6,0,3,0.00258,2,0.00044,2,19.71958,2,2218.038138,2,2349.97,2,7.709553375,2,25,803.38,2,20
33H320240201,A13.5,63,1,5,630105,11136,2,20240229, 0422,-27.00163,1.66643,4702.027,3099.377,2,2.3619,2,34.8592,2,219.03113909983472,2,34.8734,2,233.098,2,1.647,2,52.2,2,23.9,2,0,2,0,3,0.00281,2,0.0041,2,20.14157,2,2212.340112,2,2344.35,2,7.708186147,2,25,810.87,2,20
33H320240201,A13.5,63,1,6,630106,11027,2,20240229, 0422,-27.00166,1.66624,4702.027,2800.052,2,2.4247,2,34.852,2,219.64181996017086,2,34.8628,2,233.792,2,1.656,2,51,2,24,2,0,2,0,3,0.00574,2,0.00539,2,20.37908,2,2207.925822,2,2338.67,2,7.701410075,2,25,819.97,2,20
33H320240201,A13.5,63,1,7,630107,-999,2,20240229, 0422,-27.00178,1.66624,4702.027,2500.083,2,2.5494,2,34.8467,2,218.48919697416866,2,34.8775,2,231.627,2,1.67,2,48.9,2,24.2,2,0.01,2,0.2291,3,0.0095,2,0.00998,2,20.59596,2,2204.434716,2,2332.43,2,7.696167062,2,25,830.54,2,20
33H320240201,A13.5,63,1,8,630108,11004,2,20240229, 0422,-27.00196,1.66654,4702.027,2198.927,2,2.7688,2,34.8507,2,218.23625808415161,2,34.8631,2,229.516,2,1.65,2,43.8,2,24,2,0.01,2,0,3,0.01528,2,0.02761,2,21.10115,2,2197.98592,2,2327.97,2,7.693780842,2,25,832.44,2,20
33H320240201,A13.5,63,1,9,630109,11082,2,20240229, 0422,-27.0022,1.66688,4702.027,1899.059,2,3.054,2,34.8435,2,213.8802326913259,2,34.8594,2,223.8025,6,1.678,2,40.1,2,24.3,2,0.01,2,0,3,0.02817,2,0.04425,2,20.86377,2,2202.267809,2,2323.01,2,7.682929764,6,25,848.4,6,20
33H320240201,A13.5,63,1,10,630110,11115,2,20240229, 0422,-27.00237,1.66698,4702.027,1599.12,2,3.2893,2,34.7936,2,200.23040331193775,2,34.8149,2,208.484,2,1.824,2,39.8,2,26.5,2,0.01,2,0.22175,3,0.02621,2,0.04755,2,23.22509,2,2207.414613,2,2319.76,2,7.656160842,2,25,908.73,2,20
33H320240201,A13.5,63,1,11,630111,11008,2,20240229, 0422,-27.002,1.66665,4702.027,1274.822,2,3.3782,2,34.649,2,177.9629871679773,2,34.6678,2,183.001,2,2.125,2,46.5,2,30.7,2,0.01,2,0.20067,3,0.11218,2,0.20589,2,25.49903,2,2226.840493,2,2319.19,2,7.604205998,2,25,1045.02,2,20
33H320240201,A13.5,63,1,12,630112,-999,2,20240229, 0422,-27.002,1.66671,4702.027,1050.082,2,3.561,2,34.471,2,171.15738935399284,2,34.483,2,175.806,2,2.328,2,48.8,2,33.4,2,0.01,2,0.32672,3,0.46541,2,0.90999,2,27.46413,2,2232.889105,2,2313.79,2,7.572760747,2,25,1136.59,2,20
33H320240201,A13.5,63,1,13,630113,11058,2,20240229, 0422,-27.0021,1.66666,4702.027,809.467,2,4.4241,2,34.3482,2,188.30084841048276,2,34.3589,2,192.852,2,2.226,2,33.1,2,31.9,2,0.01,2,1.06128,3,1.06222,2,-999,2,25.46978,2,2210.867146,6,2295.18,2,7.58182567,2,25,1083,2,20
33H320240201,A13.5,63,1,14,630114,11124,2,20240229, 0422,-27.00224,1.66647,4702.027,620.151,2,6.5725,2,34.4411,2,185.5476572834854,2,34.445,2,190.489,2,1.935,2,17.9,2,27.9,2,0.01,2,1.50683,3,-999,5,-999,5,22.90048,2,2192.950821,2,2287.75,2,7.615688384,2,25,1003.91,2,20
33H320240201,A13.5,63,1,15,630115,11081,2,20240229, 0422,-27.00232,1.66626,4702.027,480.226,2,8.6253,2,34.6222,2,189.6985953626789,2,34.6278,2,193.213,2,1.58,2,11.1,2,22.5,2,0.01,2,1.73308,3,-999,5,-999,5,-999,5,2177.594382,2,2292.08,2,7.667764094,2,25,880.34,2,20
33H320240201,A13.5,63,1,16,630116,11126,2,20240229, 0422,-27.00222,1.66596,4702.027,360.713,2,11.3065,2,34.9385,2,203.7269191333888,2,34.9437,2,208.532,2,1.065,2,5.4,2,14.5,2,0.01,2,2.10003,3,-999,5,-999,5,-999,5,2149.795455,2,2303.66,2,7.757990289,2,25,695.83,2,20
33H320240201,A13.5,63,1,17,630117,11020,2,20240229, 0422,-27.00224,1.66598,4702.027,280.182,2,13.0598,2,35.1682,2,208.72720765811087,2,35.1701,2,213.114,2,0.8,2,3.6,2,9.8,2,0.01,2,-999,5,-999,5,-999,5,-999,5,2136.320442,2,2313.1,2,7.80511516,2,25,609,2,20
33H320240201,A13.5,63,1,18,630118,11128,2,20240229, 0422,-27.00232,1.6661,4702.027,217.928,2,14.4716,2,35.3826,2,214.47091436768014,2,35.3949,2,218.557,2,0.58,2,2.8,2,6.3,2,0.02,2,2.13721,3,1.49812,2,2.7241,2,14.51049,2,2125.990918,2,2323.79,2,7.854676674,2,25,541.64,2,20
33H320240201,A13.5,63,1,19,630119,11031,2,20240229, 0422,-27.00228,1.66604,4702.027,159.869,2,15.8417,2,35.5925,2,217.55565047480837,2,35.5892,6,221.462,6,0.441,2,2.5,2,4.1,2,0.03,2,2.4346,3,1.4373,2,2.69888,2,12.46183,2,2119.349347,2,2335.19,2,7.885452414,2,25,491.2,2,20
33H320240201,A13.5,63,1,20,630120,11122,2,20240229, 0422,-27.00223,1.66595,4702.027,130.098,2,16.4956,2,35.6874,2,222.45972130703558,2,35.6661,2,225.339,2,0.377,2,2.3,2,2.8,2,0.11,2,2.27224,3,1.39746,2,2.57031,2,11.37897,2,2111.469082,2,2338.91,2,7.909841548,6,25,467.21,2,20
33H320240201,A13.5,63,1,21,630121,11120,2,20240229, 0422,-27.00226,1.666,4702.027,99.942,2,17.3239,2,35.7824,2,235.04413749729355,2,35.7897,2,238.996,2,0.222,2,1.8,2,0,2,0.02,2,1.97073,3,1.36619,2,2.28193,2,9.37245,2,2100.142401,2,2348.02,2,7.926306571,2,25,427.57,2,20
33H320240201,A13.5,63,1,22,630122,11026,2,20240229, 0422,-27.00222,1.666,4702.027,59.529,2,20.0179,2,35.8829,2,241.1236905513682,2,35.8809,2,246.156,2,0.174,2,1.6,2,0,2,0.01,2,2.028455,3,1.316785,6,2.335895,6,9.215685,6,2092.136448,2,2355.43,2,7.972123196,2,25,398.61,2,20
33H320240201,A13.5,63,1,23,630123,11102,2,20240229, 0422,-27.0021,1.6659,4702.027,29.561,2,23.6787,2,36.0671,2,210.0650188550841,2,36.072,2,213.479,2,0.189,2,1.5,2,0,2,0.01,2,1.82572,3,1.07217,2,1.83331,2,7.86705,2,2095.00332,2,2369.61,2,7.983407955,2,25,385.39,2,20
33H320240201,A13.5,63,1,24,630124,11023,2,20240229, 0422,-27.00199,1.6659,4702.027,3.661,2,23.7648,2,36.0704,2,209.87792110181513,2,36.0732,2,212.52,2,0.186,2,1.3,2,0,2,0.01,2,1.96655,3,1.05902,2,1.83786,2,7.81092,2,2096.871077,6,2370.5,2,7.982140424,2,25,383.68,2,20
33H320240201,A13.5,64,1,1,640101,11113,2,20240229,1041,-27.50156,1.69168,4511.279,4511.279,2,2.3947,2,34.8688,2,217.82216732422654,2,34.8796,2,230.004,2,1.625,6,53.4,6,23.6,6,0,6,0,3,0.00603,2,0.01763,2,17.85018,2,2219.130324,6,2358.52,2,7.713467762,2,25,792.86,2,20
33H320240201,A13.5,64,1,2,640102,11067,2,20240229,1041,-27.50188,1.69144,4511.279,4100.745,2,2.3472,2,34.8681,2,216.96111568788035,2,34.8804,2,230.537,2,1.637,6,53.6,6,23.7,6,0,6,0,3,0.00568,2,0.00366,2,17.96247,2,2216.53593,2,2357.37,2,7.712703656,2,25,797.55,2,20
33H320240201,A13.5,64,1,3,640103,11052,2,20240229,1041,-27.5022,1.69118,4511.279,3664.152,2,2.3076,2,34.866,2,217.3648565312808,2,34.8924,6,231.133,2,1.642,6,53.9,6,23.8,6,0,6,0,3,0.00672,2,0.00676,2,17.53525,2,2216.830163,2,2354.78,2,7.712280913,6,25,799.55,2,20
33H320240201,A13.5,64,1,4,640104,11118,2,20240229,1041,-27.5027,1.69148,4511.279,3269.183,2,2.3088,2,34.8607,2,218.7648830170742,2,34.888,2,231.258,2,1.654,6,53.4,6,23.8,6,0,6,0.12562,3,0.00667,2,0.00729,2,17.63817,2,2210.757223,2,2348.23,2,7.706808625,2,25,806.54,2,20
33H320240201,A13.5,64,1,5,640105,11136,2,20240229,1041,-27.50264,1.69098,4511.279,2999.779,2,2.3452,2,34.8551,2,219.5877094621433,2,34.8679,2,232.685,2,1.657,2,52.6,2,23.9,2,0,2,0.15168,3,0.0072,2,0.00811,2,15.89969,2,2209.07556,2,2342.6,2,7.700970568,2,25,814.38,2,20
33H320240201,A13.5,64,1,6,640106,11027,2,20240229,1041,-27.50292,1.69125,4511.279,2640.059,2,2.4117,2,34.8423,2,217.78786083672094,2,34.8524,2,230.816,2,1.689,2,52.7,2,24.4,2,0,2,0.17364,3,0.01449,2,0.01731,2,18.55906,2,2206.149433,2,2339.2,2,7.691444007,2,25,834.92,2,20
33H320240201,A13.5,64,1,7,640107,-999,2,20240229,1041,-27.50323,1.69146,4511.279,2398.705,2,2.4988,2,34.831,2,214.05011698643037,2,34.8494,2,225.236,2,1.734,2,52.7,2,25,2,0,2,0,3,0.01905,2,0.03091,2,19.30046,2,2208.370757,2,2335.84,2,7.684617291,2,25,854.57,2,20
33H320240201,A13.5,64,1,8,640108,11004,2,20240229,1041,-27.50348,1.6914,4511.279,2099.509,2,2.7401,2,34.8242,2,211.14427520024762,2,34.8327,2,221.551,2,1.754,2,47.8,2,25.2,2,0,2,0.48039,3,0.02203,2,0.03532,2,19.62838,2,2206.050299,2,2330.91,2,7.675674332,2,25,867.35,2,20
33H320240201,A13.5,64,1,9,640109,11082,2,20240229,1041,-27.5035,1.69124,4511.279,1799.853,2,3.1037,2,34.8136,2,205.26032072471617,2,34.8244,2,214.608,2,1.777,2,41.5,2,25.7,2,0,2,0,3,0.02473,2,0.05408,2,20.10333,2,2204.653544,2,2323.46,2,7.666896909,2,25,887.13,2,20
33H320240201,A13.5,64,1,10,640110,11115,2,20240229,1041,-27.50377,1.69109,4511.279,1500.404,2,3.2651,2,34.7346,2,188.4923052,2,34.749,2,195.952,2,1.98,2,44.8,2,28.4,2,0,2,0,3,0.05873,2,0.13118,2,22.21865,2,2209.437246,2,2332.17,2,7.629657748,2,25,975.1,2,20
33H320240201,A13.5,64,1,11,640111,11008,2,20240229,1041,-27.50398,1.6906,4511.279,1250.446,2,3.3071,2,34.6001,2,174.10903127154708,2,34.6195,2,178.9825,6,2.227,2,50.6,2,31.7,2,0,2,0.49817,3,0.19753,2,0.44532,2,24.67316,2,2229.952657,2,2321.21,2,7.590797677,2,25,1082.02,2,20
33H320240201,A13.5,64,1,12,640112,-999,2,20240229,1041,-27.50436,1.69026,4511.279,949.599,2,3.7862,2,34.4243,2,173.34956714816744,2,34.4331,2,177.569,2,2.339,2,44.5,2,33.3,2,0,2,0.66346,3,0.6691,2,1.56891,2,25.83959,2,2225.60775,6,2309.73,2,7.569693645,2,25,1137.71,2,20
33H320240201,A13.5,64,1,13,640113,11058,2,20240229,1041,-27.50468,1.69028,4511.279,750.239,2,4.6716,2,34.3327,2,196.0906665035657,2,34.3413,2,200.18,2,2.151,2,28.7,2,30.7,2,0,2,0.95444,3,1.35132,2,2.72387,2,22.76283,2,2199.845972,2,2291.09,6,7.598177565,6,25,1047.05,2,20
33H320240201,A13.5,64,1,14,640114,11124,2,20240229,1041,-27.50488,1.69014,4511.279,559.95,2,7.0624,2,34.4705,2,193.06123244643499,2,34.4763,2,197.554,2,1.828,2,15.4,2,26,2,0,2,1.61056,3,1.67896,2,3.36101,2,22.05369,2,2182.530476,2,2285.77,2,7.637329215,2,25,948.84,2,20
33H320240201,A13.5,64,1,15,640115,11081,2,20240229,1041,-27.50508,1.69012,4511.279,440.38,2,9.4276,2,34.7107,2,184.4381801,2,34.7145,2,188.734,2,1.502,2,9.8,2,20.8,2,0,2,1.82837,3,1.72506,2,3.21472,2,21.37731,2,2171.371673,2,2292.23,2,7.67678975,2,25,850.83,2,20
33H320240201,A13.5,64,1,16,640116,11126,2,20240229,1041,-27.50528,1.69012,4511.279,330.278,2,11.6613,2,34.9836,2,192.49238193537778,2,34.9882,2,197.17,2,1.124,2,5.8,2,14.9,2,0.01,2,1.956835,3,1.719905,6,3.12401,6,18.99877,6,2154.082911,2,2301.76,2,7.746341383,2,25,716.21,6,20
33H320240201,A13.5,64,1,17,640117,11020,2,20240229,1041,-27.50539,1.68996,4511.279,258.537,2,12.9495,2,35.1415,2,201.2220230389201,2,35.1454,2,204.747,2,0.885,2,4.1,2,11,2,0.01,2,1.9712,3,1.63965,2,3.07334,2,16.95584,2,2138.347231,2,2309.62,2,7.791963095,2,25,633.95,2,20
33H320240201,A13.5,64,1,18,640118,11128,2,20240229,1041,-27.50558,1.68988,4511.279,201.268,2,13.8935,2,35.2658,2,201.39781486384845,2,35.2707,2,203.306,2,0.76,2,3.7,2,9.3,2,0.01,2,2.02517,3,1.57778,2,2.87404,2,15.55527,2,2133.248707,2,2314.6,2,7.81795148,2,25,598.91,2,20
33H320240201,A13.5,64,1,19,640119,11031,2,20240229,1041,-27.50575,1.68971,4511.279,141.43,2,15.6964,2,35.4497,2,214.1381121965603,2,35.4568,2,218.096,2,0.601,2,2.5,2,5.9,2,0.03,2,2.20506,3,1.44631,2,2.6123,2,12.91327,2,2117.00745,2,2324.98,2,7.864113125,2,25,522.48,2,20
33H320240201,A13.5,64,1,20,640120,11122,2,20240229,1041,-27.50586,1.68952,4511.279,111.08,2,16.258,2,35.5058,2,213.95578616794643,2,35.5079,2,218.231,2,0.591,2,2.1,2,5,2,0.13,2,2.04227,3,1.42879,2,2.3634,2,11.05516,2,2119.662861,2,2329.96,2,7.868506504,2,25,514.45,2,20
33H320240201,A13.5,64,1,21,640121,11120,2,20240229,1041,-27.506,1.68948,4511.279,79.101,2,17.6052,2,35.626,2,241.02107193217003,2,35.6253,6,243.933,6,0.268,2,1.5,2,0.3,2,0.03,2,2.03375,3,1.38909,2,2.32728,2,9.55452,2,2088.799903,2,2338.56,2,7.943050984,2,25,425.19,2,20
33H320240201,A13.5,64,1,22,640122,11026,2,20240229,1041,-27.50608,1.68938,4511.279,49.234,2,22.6557,2,35.8856,2,222.48397982648146,2,35.8859,2,226.439,2,0.201,2,1.1,2,0,2,0.01,2,1.69463,3,1.12884,2,1.62298,2,6.72319,2,2083.450414,2,2356.49,2,7.98048671,2,25,387.23,2,20
33H320240201,A13.5,64,1,23,640123,11102,2,20240229,1041,-27.50615,1.68938,4511.279,33.917,2,23.4681,2,35.9213,2,211.89713134014448,2,35.9288,2,214.962,2,0.218,2,0.8,2,0,2,0,2,1.69688,3,1.04421,2,1.51018,2,6.62914,2,2084.936045,6,2360.94,2,7.98507588,2,25,380.17,2,20
33H320240201,A13.5,64,1,24,640124,11023,2,20240229,1041,-27.50614,1.68924,4511.279,3.541,2,23.6438,2,35.9066,2,210.68946321458952,2,35.9149,2,214.076,2,0.221,2,0.7,2,0,2,0.01,2,1.84399,3,1.05417,2,1.49908,2,6.49552,2,2083.659328,2,2362.38,2,7.983704911,2,25,378.03,2,20
33H320240201,A13.5,65,1,1,650101,11113,2,20240229,1703,-27.99572,1.73204,4428.434,4428.434,2,2.3855,2,34.8685,2,217.73080660686747,2,34.8911,6,229.199,2,1.637,6,54,6,23.6,6,0,6,0,3,0.00801,2,0.01015,2,15.36206,2,2219.893535,2,2357.03,2,7.713850236,2,25,798.93,2,20
33H320240201,A13.5,65,1,2,650102,11067,2,20240229,1703,-27.99572,1.73234,4428.434,4001.286,2,2.3347,2,34.8668,2,217.08711941686838,2,34.8831,2,230.62,2,1.632,6,54.2,6,23.7,6,0.01,6,0.15479,3,0.00899,2,0.00403,2,15.53396,2,2216.882062,2,2355.14,2,7.714403859,2,25,800.79,2,20
33H320240201,A13.5,65,1,3,650103,11052,2,20240229,1703,-27.99533,1.73238,4428.434,3547.885,2,2.3004,2,34.8641,2,217.73437919775571,2,34.8768,2,231.305,2,1.651,6,54.6,6,23.8,6,0,6,0,3,0.00458,2,0.00395,2,15.25299,2,2214.379597,2,2353.53,2,7.709850908,2,25,803.53,2,20
33H320240201,A13.5,65,1,4,650104,11118,2,20240229,1703,-27.99502,1.73258,4428.434,3200.277,2,2.3053,2,34.8579,2,218.8435088111298,2,34.8702,2,231.06,2,1.662,6,54.2,6,23.9,6,0,6,0,3,0.00809,2,0.00666,2,15.11708,2,2212.976769,2,2345.17,2,7.70750059,2,25,811.38,2,20
33H320240201,A13.5,65,1,5,650105,11136,2,20240229,1703,-27.99481,1.73295,4428.434,2902.612,2,2.3435,2,34.8496,2,218.98030447482773,2,34.8647,2,231.801,2,1.664,2,53.4,2,24.1,2,0,2,0,3,0.01483,2,0.01804,2,15.38052,2,2210.230221,2,2340.06,2,7.696822519,2,25,822.68,2,20
33H320240201,A13.5,65,1,6,650106,11027,2,20240229,1703,-27.99464,1.7332,4428.434,2600.259,2,2.4153,2,34.8381,2,216.44163493090136,2,34.8505,2,228.415,2,1.698,2,53.7,2,24.6,2,0,2,0.17875,3,0.02395,2,0.02441,2,15.51873,2,2209.16108,2,2335.69,2,7.688420516,6,25,843.45,2,20
33H320240201,A13.5,65,1,7,650107,-999,2,20240229,1703,-27.99468,1.7337,4428.434,2300.293,2,2.5528,2,34.8253,2,212.2226822754044,2,34.8389,2,222.086,2,1.764,2,52.7,2,25.2,2,0,2,0.43058,3,0.02397,2,0.03496,2,17.47519,2,2208.760635,2,2333.93,2,7.676621223,2,25,866.085,6,20
33H320240201,A13.5,65,1,8,650108,11004,2,20240229,1703,-27.99426,1.73387,4428.434,2000.568,2,2.7846,2,34.8107,2,206.60636583922172,2,34.823,2,216.14,2,1.8,2,49.6,2,25.8,2,0,2,0.50099,3,0.02826,2,0.04455,2,18.68438,2,2209.423575,2,2328.54,2,7.666807416,2,25,891.43,2,20
33H320240201,A13.5,65,1,9,650109,11082,2,20240229,1703,-27.99412,1.73428,4428.434,1700.177,2,3.1637,2,34.789,2,199.07720399994105,2,34.7999,2,206.849,2,1.847,2,43.1,2,26.7,2,0,2,0,3,0.0422,2,0.06143,2,19.78305,2,2210.770017,2,2323.2,2,7.653630751,2,25,918.19,2,20
33H320240201,A13.5,65,1,10,650110,11115,2,20240229,1703,-27.99352,1.73456,4428.434,1399.863,2,3.2255,2,34.6675,2,179.95708997169731,2,34.6784,2,186.4425,6,2.129,2,50.1,2,30.3,2,0,2,0.12582,3,0.13709,2,0.22819,2,23.09194,2,2228.720501,2,2323.4,2,7.605242427,2,25,1037.56,2,20
33H320240201,A13.5,65,1,11,650111,11008,2,20240229,1703,-27.99322,1.73509,4428.434,1099.729,2,3.5048,2,34.4963,2,170.3359261041144,2,34.5047,2,174.675,2,2.342,2,49.5,2,33.2,2,0,2,0.2503,3,0.406,2,0.75375,2,25.49114,2,2233.445064,2,2313.91,2,7.573065518,2,25,1134.23,2,20
33H320240201,A13.5,65,1,12,650112,-999,2,20240229,1703,-27.99304,1.73548,4428.434,900.563,2,4.1459,2,34.3876,2,175.99960665596393,2,34.3962,2,179.475,2,2.316,2,38.3,2,33,2,0,2,0.69582,3,0.86575,2,1.74691,2,25.92528,2,2219.76626,6,2299.27,2,7.569517492,2,25,1128.64,2,20
33H320240201,A13.5,65,1,13,650113,11058,2,20240229,1703,-27.99278,1.73587,4428.434,679.655,2,5.5083,2,34.3643,2,190.99104878555656,2,34.3748,6,195.357,2,2.067,2,22.6,2,29.5,2,0,2,1.60179,3,1.52625,2,2.95038,2,24.04773,2,2197.077854,2,2288.84,6,7.601511577,6,25,1036.07,2,20
33H320240201,A13.5,65,1,14,650114,11124,2,20240229,1703,-27.9926,1.73619,4428.434,520.475,2,8.0157,2,34.5691,2,175.3378028310172,2,34.5739,2,179.092,2,1.794,2,14.1,2,25.3,2,0.01,2,1.44472,3,1.5586,2,2.55072,2,20.60869,2,2186.43391,2,2288.91,2,7.625337445,2,25,974.05,2,20
33H320240201,A13.5,65,1,15,650115,11081,2,20240229,1703,-27.99227,1.73645,4428.434,399.35,2,10.4744,2,34.8311,2,197.99392921417035,2,34.837,2,201.761,2,1.251,2,6.9,2,16.9,2,0,2,1.99005,3,1.70824,2,2.7226,2,18.60104,2,2156.423614,2,2297.63,2,7.725932174,2,25,753.75,2,20
33H320240201,A13.5,65,1,16,650116,11126,2,20240229,1703,-27.99181,1.73648,4428.434,301.469,2,12.0925,2,35.0362,2,195.87156380673767,2,35.0464,2,198.835,2,1.022,2,5.4,2,13.6,2,0,2,2.05577,3,1.65634,2,2.5935,2,19.04522,2,2149.477263,2,2307.94,2,7.762387223,2,25,689.49,2,20
33H320240201,A13.5,65,1,17,650117,11020,2,20240229,1703,-27.99165,1.73667,4428.434,238.887,2,13.4395,2,35.197,2,200.28462160764764,2,35.2025,2,203.78,2,0.82,2,4.4,2,10.2,2,0.01,2,2.02236,3,1.56708,2,2.24057,2,17.91734,2,2139.255728,2,2314.27,2,7.806809375,2,25,620.3,2,20
33H320240201,A13.5,65,1,18,650118,11128,2,20240229,1703,-27.99138,1.73678,4428.434,181.278,2,14.8137,2,35.3983,2,207.2778767188412,2,35.4068,2,211.264,2,0.614,2,3.4,2,7,2,0.02,2,2.23167,3,1.4888,2,2.31492,2,14.96139,2,2127.34756,2,2325.14,2,7.850691874,2,25,546.46,2,20
33H320240201,A13.5,65,1,19,650119,11031,2,20240229,1703,-27.99128,1.73706,4428.434,149.481,2,15.7422,2,35.5306,2,217.23890347174435,2,35.537,2,221.025,2,0.472,2,3.1,2,4.7,2,0.03,2,2.11497,3,1.42999,2,2.16804,2,13.15159,2,2114.491185,2,2329.75,2,7.88519143,2,25,494.58,2,20
33H320240201,A13.5,65,1,20,650120,11122,2,20240229,1703,-27.99128,1.73743,4428.434,119.911,2,16.2339,2,35.5721,2,220.7465679622284,2,35.5731,2,224.256,6,0.445,2,2.8,2,3.4,2,0.19,2,2.20919,3,1.41807,2,2.24163,2,12.29832,2,2110.752633,2,2336.13,2,7.898132216,2,25,480.91,2,20
33H320240201,A13.5,65,1,21,650121,11120,2,20240229,1703,-27.9912,1.73768,4428.434,89.429,2,17.1392,2,35.597,2,234.74441264423797,2,35.6056,2,238.895,2,0.315,2,2.2,2,0.8,2,0.11,2,1.96953,3,1.33889,2,1.81604,2,9.34823,2,2100.927068,2,2338.72,2,7.929201843,2,25,444.34,2,20
33H320240201,A13.5,65,1,22,650122,11026,2,20240229,1703,-27.9911,1.7378,4428.434,70.04,2,18.1423,2,35.6067,2,246.2500891473655,2,35.6184,2,249.094,2,0.237,2,2,2,0,2,0.01,2,1.89873,3,1.33319,2,1.92909,2,9.9868,2,2088.171917,6,2339.64,2,7.952910064,2,25,412.19,2,20
33H320240201,A13.5,65,1,23,650123,11102,2,20240229,1703,-27.99109,1.73802,4428.434,40.168,2,23.2047,2,35.8665,2,214.47909519977446,2,35.8751,2,217.422,2,0.213,2,1.3,2,0,2,0,2,1.64338,3,1.09048,2,1.48911,2,7.93171,2,2084.341911,2,2357.64,2,7.986870069,2,25,377.51,2,20
33H320240201,A13.5,65,1,24,650124,11023,2,20240229,1703,-27.99088,1.73814,4428.434,3.718,2,23.5751,2,35.7125,2,211.80993287354613,2,35.719,2,214.432,2,0.182,2,0.9,2,0,2,0.01,2,1.775395,3,1.07093,6,1.509135,6,8.058095,6,2071.429515,2,2350.99,2,7.992162402,2,25,367.19,2,20
33H320240201,A13.5,66,1,1,660101,11113,2,20240229,2323,-28.49698,1.75774,4169.535,4169.535,2,2.3546,2,34.8679,2,218.28652084674033,2,34.8809,2,229.72,2,1.637,6,53.8,6,23.6,6,0,6,0.36382,3,0.00792,2,0.01101,2,18.17433,2,2220.744743,2,2362.45,2,7.714826111,2,25,793.71,2,20
33H320240201,A13.5,66,1,2,660102,11067,2,20240229,2323,-28.49692,1.75829,4169.535,3802.102,2,2.3111,2,34.8658,2,217.86028693471894,2,34.8817,2,230.45,2,1.637,6,54.5,6,23.8,6,0,6,0,3,0.00641,2,0.00436,2,18.43654,2,2219.429963,6,2357.28,2,7.712068276,2,25,799.23,2,20
33H320240201,A13.5,66,1,3,660103,11052,2,20240229,2323,-28.49672,1.75895,4169.535,3425.309,2,2.2842,2,34.862,2,218.34709952811798,2,34.8787,2,231.542,2,1.655,6,54.6,6,23.9,6,0,6,0.16826,3,0.00539,2,0.00591,2,18.19091,2,2215.160602,2,2353.07,2,7.708053632,2,25,804,2,20
33H320240201,A13.5,66,1,4,660104,11118,2,20240229,2323,-28.49671,1.75963,4169.535,3100.756,2,2.3015,2,34.8544,2,219.43496777400034,2,34.8654,2,231.259,2,1.669,6,54.4,6,24,6,0,6,0,3,0.0082,2,0.01289,2,18.72379,2,2210.83514,2,2344.3,2,7.70383794,2,25,815.61,2,20
33H320240201,A13.5,66,1,5,660105,11136,2,20240229,2323,-28.49632,1.76015,4169.535,2799.836,2,2.3573,2,34.8433,2,218.07783895789905,2,34.8546,2,230.095,2,1.688,2,54.7,2,24.4,2,0,2,0.1139,3,0.0198,2,0.02125,2,-999,5,2210.293453,2,2340.12,6,7.693562047,6,25,833.26,2,20
33H320240201,A13.5,66,1,6,660106,11027,2,20240229,2323,-28.49606,1.76108,4169.535,2500.251,2,2.4557,2,34.8328,2,214.77035048981963,2,34.8464,2,224.264,3,1.714,2,54,2,25,2,0,2,0.12475,3,0.02621,2,0.02894,2,18.93117,2,2209.616048,2,2333.46,2,7.678406669,2,25,853.42,2,20
33H320240201,A13.5,66,1,7,660107,-999,2,20240229,2323,-28.49606,1.76194,4169.535,2201.014,2,2.6386,2,34.8203,2,210.01763543876066,2,34.8729,2,219.524,3,1.724,2,52.5,2,25.5,2,0,2,0.19249,3,0.02513,2,0.03865,2,19.57136,2,2210.991797,2,2331.06,2,7.672458868,2,25,875.51,2,20
33H320240201,A13.5,66,1,8,660108,11004,2,20240229,2323,-28.49553,1.7624,4169.535,1901.797,2,2.9184,2,34.8009,2,203.4555505420487,2,34.8113,2,211.872,2,1.822,2,47.7,2,26.2,2,0,2,0.1515,3,0.03519,2,0.05363,2,21.21764,2,2210.95294,2,2328.5,2,7.662128267,2,25,903.54,2,20
33H320240201,A13.5,66,1,9,660109,11082,2,20240229,2323,-28.49526,1.763,4169.535,1601.443,2,3.2586,2,34.7542,2,191.32711529402155,2,34.7789,2,197.988,2,1.952,2,44.4,2,28,2,0,2,0.31941,3,0.04917,2,0.08222,2,22.39577,2,2214.248429,2,2323.68,2,7.63867121,2,25,959,2,20
33H320240201,A13.5,66,1,10,660110,11115,2,20240229,2323,-28.49534,1.76366,4169.535,1304.05,2,3.331,2,34.6121,2,175.10744234810969,2,34.6223,6,179.228,2,2.207,2,50.2,2,31.6,2,0,2,0.39314,3,0.18554,2,0.31467,2,26.0259,2,2230.563652,2,2322.29,2,7.584175537,2,25,1073.93,2,20
33H320240201,A13.5,66,1,11,660111,11008,2,20240229,2323,-28.49496,1.76406,4169.535,1051.113,2,3.7058,2,34.4344,2,173.65548861644052,2,34.4414,2,177.164,2,2.348,2,46.4,2,33.4,2,0.01,2,0.669525,3,0.6181,6,0.992045,6,27.95859,2,2227.815502,2,2311.3,2,7.573380347,2,25,1135.92,2,20
33H320240201,A13.5,66,1,12,660112,-999,2,20240229,2323,-28.4948,1.76448,4169.535,810.676,2,4.8196,2,34.3541,2,185.3993258501145,2,34.3626,2,190.063,6,2.171,2,28.8,2,31.6,2,0.01,2,1.21508,3,1.23016,2,2.20805,2,25.86918,2,2205.971853,6,2296.17,2,7.584817778,2,25,1084.24,2,20
33H320240201,A13.5,66,1,13,660113,11058,2,20240229,2323,-28.49431,1.76467,4169.535,621.586,2,6.9647,2,34.4744,2,181.13004835045314,2,34.5018,2,185.03,2,1.885,2,16.9,2,27.4,2,0,2,1.62999,3,1.58403,2,2.7016,2,24.01686,2,2190.802196,2,2288.18,2,7.614132714,2,25,996.83,2,20
33H320240201,A13.5,66,1,14,660114,11124,2,20240229,2323,-28.49454,1.76522,4169.535,480.877,2,9.3848,2,34.7096,2,178.02617846616522,2,34.7366,2,179.784,2,1.54,2,10.4,2,21.6,2,0.01,2,1.60842,3,1.71671,2,2.80524,2,22.89222,2,2177.500875,2,2292.36,2,7.66450988,2,25,882.05,2,20
33H320240201,A13.5,66,1,15,660115,11081,2,20240229,2323,-28.49448,1.76541,4169.535,421.122,2,10.4578,2,34.8317,2,188.53706288672961,2,34.8388,2,192.283,2,1.294,2,7.6,2,18,2,0.01,2,2.15153,3,1.72576,2,2.88654,2,20.8293,2,2163.515887,2,2295.92,2,7.711047779,2,25,787.36,2,20
33H320240201,A13.5,66,1,16,660116,11126,2,20240229,2323,-28.49432,1.76554,4169.535,360.764,2,11.693,2,34.9876,2,200.03602945777305,2,35.0231,2,203.051,2,1.038,2,5.6,2,14.1,2,0.01,2,2.21106,3,1.71394,2,2.88511,2,18.53472,2,2150.201633,2,2304.63,2,7.760212599,2,25,686.93,6,20
33H320240201,A13.5,66,1,17,660117,11020,2,20240229,2323,-28.49422,1.76578,4169.535,279.256,2,13.2924,2,35.1851,2,204.06573768601487,2,35.1879,2,208.013,2,0.795,2,4.1,2,10,2,0.01,2,2.28531,3,1.61019,2,2.90635,2,17.34889,2,2135.831952,2,2312.12,2,7.807069494,6,25,610.2,2,20
33H320240201,A13.5,66,1,18,660118,11128,2,20240229,2323,-28.49416,1.76596,4169.535,222.192,2,14.5235,2,35.3608,2,208.12383944838857,2,35.3703,2,211.803,2,0.614,2,4.6,2,7.2,2,0.01,2,2.08583,3,1.42712,2,2.26436,2,12.49442,2,2126.014981,2,2322.19,2,7.846218786,2,25,552.06,2,20
33H320240201,A13.5,66,1,19,660119,11031,2,20240229,2323,-28.49414,1.76616,4169.535,161.076,2,15.7798,2,35.5435,2,218.5528895259251,2,35.6174,2,222.352,2,0.438,2,3.1,2,4.4,2,0.02,2,-999,1,-999,1,-999,1,-999,1,2112.902149,2,2328.97,2,7.893025845,2,25,488.29,2,20
33H320240201,A13.5,66,1,20,660120,11122,2,20240229,2323,-28.49418,1.76632,4169.535,131.024,2,16.2851,2,35.6005,2,220.7357222410166,2,35.6073,2,224.23,2,0.393,2,3.2,2,3,2,0.23,2,-999,1,-999,1,-999,1,-999,1,2110.137906,2,2334.09,2,7.905673327,2,25,471.75,2,20
33H320240201,A13.5,66,1,21,660121,11120,2,20240229,2323,-28.49412,1.76644,4169.535,99.743,2,17.0967,2,35.6877,2,231.30489071666634,2,35.6896,2,235.203,2,0.265,2,2.8,2,0.4,2,0.08,2,2.28238,3,1.35949,2,2.16757,2,10.65088,2,2101.50843,2,2363.2,2,7.935119097,2,25,440.08,2,20
33H320240201,A13.5,66,1,22,660122,11026,2,20240229,2323,-28.4941,1.76669,4169.535,61.308,2,18.8182,2,35.6817,2,244.40905042744038,2,35.6951,6,247.888,6,0.193,2,2.1,2,0,2,0,2,1.95543,3,1.06097,2,1.71102,2,7.89722,2,2082.45339,6,2349.36,2,7.962278187,2,25,403.35,2,20
33H320240201,A13.5,66,1,23,660123,11102,2,20240229,2323,-28.4942,1.7669,4169.535,30.529,2,23.4439,2,35.7474,2,212.04065119269893,2,35.76,2,214.832,2,0.198,2,1.1,2,0,2,0,2,2.4625,3,1.33069,2,2.22306,2,9.71791,2,2072.915697,2,2353.25,2,7.999684098,2,25,371.28,2,20
33H320240201,A13.5,66,1,24,660124,11023,2,20240229,2323,-28.49412,1.76706,4169.535,4.467,2,23.6343,2,35.7413,2,210.81057784983284,2,35.7442,2,214.013,2,0.201,2,1.1,2,0,2,0.01,2,2.40093,3,1.07158,2,1.80017,2,8.07755,2,2071.745403,2,2352.74,2,7.995602071,2,25,368.89,2,20
33H320240201,A13.5,67,1,1,670101,11113,2,20240301, 0522,-28.99926,1.77292,3653.465,3653.465,2,2.2994,2,34.8657,2,219.8848828921844,2,34.8764,2,229.966,2,1.63,6,54.3,6,23.8,6,0,6,0.13912,3,0.00839,2,0.01513,2,18.65573,2,2218.10503,2,2354.98,2,7.711301202,2,25,800.68,2,20
33H320240201,A13.5,67,1,2,670102,11067,2,20240301, 0522,-28.99908,1.77292,3653.465,3325.595,2,2.2812,2,34.862,2,220.05030277116953,2,34.872,2,231.06,2,1.645,6,54.2,6,23.9,6,0.01,6,0,3,0.01129,2,0.00862,2,-999,5,2217.114008,6,2356.12,2,7.710494996,2,25,806.84,2,20
33H320240201,A13.5,67,1,3,670103,11052,2,20240301, 0522,-28.99903,1.7729,3653.465,3000.022,2,2.3103,2,34.8511,2,220.35684789819652,2,34.862,2,231.709,2,1.68,6,54.4,6,24.3,6,0.02,6,0.13964,3,0.01225,2,0.01383,2,17.73823,2,2214.184984,2,2346.7,6,7.700320131,6,25,821,2,20
33H320240201,A13.5,67,1,4,670104,11118,2,20240301, 0522,-28.99908,1.77302,3653.465,2699.802,2,2.399,2,34.8387,2,217.71872002946074,2,34.8534,2,227.601,2,1.713,6,54.2,6,24.8,6,0.02,6,0,3,0.0248,2,0.02624,2,18.37824,2,2212.627408,2,2341.26,2,7.683299381,2,25,841.75,2,20
33H320240201,A13.5,67,1,5,670105,11136,2,20240301, 0522,-28.99918,1.77312,3653.465,2401.041,2,2.5351,2,34.8276,2,213.7124063862093,2,34.8383,2,210.495,4,1.754,2,53.1,2,25.3,2,0.04,2,0.48907,3,0.03083,2,0.03687,2,19.29264,2,2210.978781,2,2338.51,2,7.677043623,2,25,862.56,2,20
33H320240201,A13.5,67,1,6,670106,11027,2,20240301, 0522,-28.9993,1.77321,3653.465,2099.632,2,2.7708,2,34.8236,2,210.35842829199558,2,34.8359,2,219.718,2,1.761,2,48.4,2,25.5,2,0.04,2,0.35281,3,0.02694,2,0.04209,2,20.36518,2,2207.547516,2,2331.48,2,7.671992612,2,25,875.79,2,20
33H320240201,A13.5,67,1,7,670107,-999,2,20240301, 0522,-28.99929,1.77315,3653.465,1799.467,2,3.0614,2,34.7916,2,200.76102861650972,2,34.8032,6,208.744,2,1.852,2,45.4,2,26.7,2,0.04,2,0,3,0.05085,2,0.06489,2,20.97719,2,2213.241419,2,2327.89,2,7.654058867,2,25,916.64,2,20
33H320240201,A13.5,67,1,8,670108,11004,2,20240301, 0522,-28.999,1.77361,3653.465,1499.647,2,3.2276,2,34.7143,2,186.30863503028874,2,34.725,2,192.912,2,2.026,2,47.2,2,29.2,2,0.04,2,0,3,0.09219,2,0.14066,2,23.23898,2,2223.727335,2,2325.86,2,7.624872259,2,25,996.9,2,20
33H320240201,A13.5,67,1,9,670109,11082,2,20240301, 0522,-28.99906,1.77366,3653.465,1250.455,2,3.3431,2,34.5605,2,172.30683708406536,2,34.5682,2,176.652,2,2.284,2,51.5,2,32.5,2,0.03,2,0.17717,3,0.27591,2,0.53449,2,25.32869,2,2233.501827,2,2321.96,2,7.58235933,2,25,1105.49,2,20
33H320240201,A13.5,67,1,10,670110,11115,2,20240301, 0522,-28.99947,1.77352,3653.465,949.145,2,4.0513,2,34.3847,2,179.68921250365108,2,34.3947,2,184.294,2,2.309,2,39.6,2,33,2,0.03,2,0.70197,3,0.8528,6,1.48952,6,24.44947,2,2219.603906,2,2304.35,2,7.578304653,2,25,1118.06,2,20
33H320240201,A13.5,67,1,11,670111,11008,2,20240301, 0522,-28.99962,1.7736,3653.465,749.812,2,5.2535,2,34.338,2,201.38550880306772,2,34.3451,2,205.453,2,2.046,2,23.1,2,29.4,2,0.03,2,1.2986,3,1.58131,2,2.66605,2,22.05536,2,2195.604225,2,2291.18,2,7.614900173,2,25,1006.95,2,20
33H320240201,A13.5,67,1,12,670112,-999,2,20240301, 0522,-28.99984,1.77352,3653.465,560.013,2,8.1271,2,34.5625,2,198.41279893688764,2,34.5681,2,202.768,2,1.613,2,11.5,2,22.8,2,0.03,2,1.73338,3,1.79103,2,2.74048,2,20.02957,2,2174.104509,2,2292.27,2,7.666305594,2,25,873.785,6,20
33H320240201,A13.5,67,1,13,670113,11058,2,20240301, 0522,-28.99997,1.77356,3653.465,499.082,2,9.181,2,34.6762,2,199.90184585082164,2,34.7007,2,203.6315,6,1.433,2,9,2,20,2,0.04,2,1.7825,3,1.80116,2,2.92147,2,19.73067,2,2167.705362,2,2296.62,2,7.695604867,2,25,810.19,2,20
33H320240201,A13.5,67,1,14,670114,11124,2,20240301, 0522,-29.00004,1.7736,3653.465,439.686,2,10.2863,2,34.8093,2,195.72905869624992,2,34.8188,2,199.678,2,1.287,2,7.2,2,17.7,2,0.04,2,1.8244,3,1.79526,2,2.94537,2,19.79585,2,2163.268636,6,2299.04,2,7.723053362,2,25,767.45,2,20
33H320240201,A13.5,67,1,15,670115,11081,2,20240301, 0522,-29.00017,1.77346,3653.465,330.705,2,12.2611,2,35.0568,2,193.83440959189693,2,35.0648,2,197.531,2,1.025,2,5.2,2,13.4,2,0.04,2,1.90133,3,1.69776,2,2.80873,2,19.50261,2,2152.864223,2,2309.71,2,7.761281815,2,25,687.81,2,20
33H320240201,A13.5,67,1,16,670116,11126,2,20240301, 0522,-29.00021,1.77342,3653.465,260.484,2,13.6103,2,35.2198,2,200.43163996063953,2,35.4227,2,203.819,2,0.784,2,4,2,9.7,2,0.04,2,2.11221,3,1.57955,2,2.70789,2,11.85909,2,2139.563246,2,2317.55,2,7.809838778,2,25,609.53,2,20
33H320240201,A13.5,67,1,17,670117,11020,2,20240301, 0522,-29.00022,1.77354,3653.465,200.952,2,14.9668,2,35.4143,2,205.76347703257161,2,35.424,6,210.132,2,0.618,2,3.2,2,6.9,2,0.04,2,2.06631,3,1.46966,2,2.18273,2,13.87147,2,2126.658552,2,2328.43,2,7.850802081,2,25,542.46,2,20
33H320240201,A13.5,67,1,18,670118,11128,2,20240301, 0522,-29.00022,1.77368,3653.465,169.198,2,15.7928,2,35.5427,2,219.14116151594612,2,35.5478,2,223.08,2,0.448,2,2.9,2,4.3,2,0.05,2,2.22818,3,1.397,2,2.11756,2,11.49443,2,2112.623314,2,2332.67,2,7.892160327,2,25,486.15,2,20
33H320240201,A13.5,67,1,19,670119,11031,2,20240301, 0522,-29.00024,1.77368,3653.465,138.882,2,16.0786,2,35.5668,2,220.15218193078823,2,35.5759,2,223.632,2,0.439,2,2.7,2,3.7,2,0.13,2,2.2199,3,1.41449,2,2.14841,2,11.62546,2,2114.639148,2,2335.52,2,7.897517125,2,25,479.32,2,20
33H320240201,A13.5,67,1,20,670120,11122,2,20240301, 0522,-29.00025,1.7735,3653.465,110.051,2,16.7328,2,35.6247,2,229.28536792828478,2,35.628,2,231.441,2,0.343,2,2.3,2,1.4,2,0.22,2,2.25121,3,1.37829,2,2.07406,2,11.65217,2,2106.176461,2,2343.97,2,7.918717127,6,25,455.78,2,20
33H320240201,A13.5,67,1,21,670121,11120,2,20240301, 0522,-29.00029,1.77354,3653.465,79.34,2,18.6313,2,35.6356,2,247.39334882704577,2,35.6475,2,250.718,2,0.194,2,1.9,2,0,2,0.02,2,2.6407,3,1.33283,2,2.01287,2,10.67589,2,2082.319245,2,2343.32,2,7.966150058,2,25,401.39,2,20
33H320240201,A13.5,67,1,22,670122,11026,2,20240301, 0522,-29.00031,1.77364,3653.465,50.658,2,23.364,2,35.9291,2,212.10319714676197,2,35.936,2,215.491,2,0.19,2,1.7,2,0,2,0.01,2,2.00555,3,1.07748,2,1.6006,2,8.77818,2,2089.19046,2,2364.46,2,7.979753684,2,25,383.82,2,20
33H320240201,A13.5,67,1,23,670123,11102,2,20240301, 0522,-29.00029,1.7737,3653.465,34.468,2,23.3225,2,35.891,2,212.96105812588235,2,35.8969,2,215.7995,6,0.19,2,1.5,2,0,2,0.01,2,2.079,3,1.0978,2,1.66368,2,8.76002,2,2086.846072,2,2362.68,2,7.983747016,2,25,381.65,2,20
33H320240201,A13.5,67,1,24,670124,11023,2,20240301, 0522,-29.00026,1.77364,3653.465,3.603,2,23.5185,2,35.8977,2,211.66412657482215,2,35.9044,2,214.138,2,0.183,2,1.4,2,0,2,0.02,2,1.75338,3,1.04191,2,1.42838,2,6.21601,2,2086.660482,6,2362.35,2,7.984370534,2,25,380.33,2,20
33H320240201,A13.5,68,1,1,680101,11113,2,20240301,1117,-29.49648,1.79572,3512.313,3512.313,2,2.2752,2,34.8628,2,220.102199,2,34.8791,2,229.801,2,1.63,6,55.3,6,23.8,6,0,6,0.20491,3,0.00661,2,0.00781,2,18.67942,2,2219.891622,6,2358.57,2,7.710109254,2,25,801.69,2,20
33H320240201,A13.5,68,1,2,680102,11067,2,20240301,1117,-29.49646,1.79531,3512.313,3192.83,2,2.2766,2,34.8556,2,220.51189407867534,2,34.8653,2,230.986,2,1.649,6,55.5,6,24,6,0,6,0,3,0.01044,2,0.01017,2,19.36035,2,2214.557287,2,2352.49,2,7.702231448,2,25,813.28,2,20
33H320240201,A13.5,68,1,3,680103,11052,2,20240301,1117,-29.49618,1.79459,3512.313,2899.055,2,2.3164,2,34.8473,2,220.27505262241252,2,34.8566,2,230.123,2,1.675,6,55.3,6,24.3,6,0,6,0.27538,3,0.01495,2,0.02394,2,19.9429,2,2212.115146,2,2347.98,2,7.701938284,2,25,825.48,2,20
33H320240201,A13.5,68,1,4,680104,11118,2,20240301,1117,-29.49623,1.79392,3512.313,2600.974,2,2.4152,2,34.836,2,216.81132707777186,2,34.8462,2,227.213,2,1.708,6,54.7,6,24.8,6,0.01,6,0,3,0.019465,6,0.030105,6,20.950995,6,2209.983186,2,2341.25,2,7.689271589,2,25,847.09,2,20
33H320240201,A13.5,68,1,5,680105,11136,2,20240301,1117,-29.4962,1.79343,3512.313,2301.466,2,2.5865,2,34.8214,2,211.68946074540642,2,34.8298,2,221.2347326,2,1.756,2,53.3,2,25.5,2,0.01,2,0.45229,3,0.02499,2,0.04213,2,21.29257,2,2210.376629,2,2338.03,2,7.673794249,2,25,873.65,2,20
33H320240201,A13.5,68,1,6,680106,11027,2,20240301,1117,-29.49612,1.79285,3512.313,2001.33,2,2.855,2,34.8064,2,205.4350616328405,2,34.8205,2,213.989,2,1.803,2,49.2,2,26.2,2,0.02,2,0.38942,3,0.03873,2,0.06004,2,21.71375,2,2210.113245,2,2334.12,2,7.663862284,2,25,898.82,2,20
33H320240201,A13.5,68,1,7,680107,-999,2,20240301,1117,-29.49626,1.79208,3512.313,1686.719,2,3.02,2,34.7392,2,190.93406086643475,2,34.748,2,197.996,2,1.969,2,51.4,2,28.4,2,0,2,0.38383,3,0.08386,2,0.12189,2,-999,5,2219.085724,2,2330.84,2,7.632265949,2,25,975.48,2,20
33H320240201,A13.5,68,1,8,680108,11004,2,20240301,1117,-29.49626,1.79119,3512.313,1401.688,2,3.1911,2,34.6286,2,177.0369824962358,2,34.6511,2,181.836,2,2.182,2,53.5,2,31.3,2,0,2,0.15288,3,0.17911,2,0.30132,2,23.88645,2,2230.611251,2,2328.49,2,7.593211857,2,25,1069.97,2,20
33H320240201,A13.5,68,1,9,680109,11082,2,20240301,1117,-29.4963,1.79052,3512.313,1151.165,2,3.5518,2,34.4711,2,172.33522204383914,2,34.5045,2,175.968,2,2.333,2,49.7,2,33.2,2,0.01,2,0.41209,3,0.49406,2,0.85848,2,25.49755,2,2230.04077,2,2318.34,2,7.571224868,2,25,1136.04,2,20
33H320240201,A13.5,68,1,10,680110,11115,2,20240301,1117,-29.49608,1.7897,3512.313,901.619,2,4.3533,2,34.3434,2,192.08258473818512,2,34.3616,2,196.252,2,2.184,2,33.8,2,31.6,2,0.01,2,1.12467,3,1.19322,2,1.94175,2,24.70419,2,2208.481322,2,2302.43,2,7.592689673,2,25,1070.63,2,20
33H320240201,A13.5,68,1,11,680111,11008,2,20240301,1117,-29.49598,1.78903,3512.313,679.308,2,6.1645,2,34.388,2,201.48675312641083,2,34.4177,2,206.049,2,1.879,2,18,2,27.3,2,0.01,2,1.70888,3,1.72555,2,2.86053,2,22.23881,2,2184.712864,2,2289.72,2,7.631249384,2,25,965.35,2,20
33H320240201,A13.5,68,1,12,680112,-999,2,20240301,1117,-29.49637,1.78856,3512.313,519.283,2,8.9775,2,34.6552,2,192.31798242146786,2,34.7066,2,196.766,6,1.495,2,10.2,2,21.1,2,0.01,2,2.26898,3,1.74678,2,3.04103,2,20.88506,2,2170.65754,6,2295.48,6,7.680328036,6,25,849.505,6,20
33H320240201,A13.5,68,1,13,680113,11058,2,20240301,1117,-29.49662,1.78828,3512.313,456.641,2,10.3831,2,34.8194,2,204.8476810795591,2,34.8257,2,209.077,2,1.183,2,6.4,2,16.3,2,0.02,2,1.95915,3,1.79676,2,2.62152,2,18.06719,2,2152.886612,2,2300.78,2,7.738140643,2,25,732.6,2,20
33H320240201,A13.5,68,1,14,680114,11124,2,20240301,1117,-29.4965,1.78791,3512.313,396.611,2,11.2611,2,34.9366,2,210.75942236737848,2,34.9423,2,215.662,2,1.01,2,4.9,2,13.6,2,0.02,2,1.8768,3,1.61239,2,2.515,2,-999,5,2144.728205,2,2305.6,2,7.768105033,2,25,675.14,2,20
33H320240201,A13.5,68,1,15,680115,11081,2,20240301,1117,-29.4966,1.7874,3512.313,299.22,2,12.9305,2,35.1644,2,214.47395537252027,2,35.198,2,218.942,2,0.743,2,3.4,2,9.2,2,0.01,2,2.1938,3,1.57145,2,2.46149,2,13.96121,2,2135.322392,2,2317.6,2,7.814026539,2,25,597.22,2,20
33H320240201,A13.5,68,1,16,680116,11126,3,20240301,1117,-29.4968,1.78702,3512.313,238.12,2,13.6553,2,35.258,2,213.4629314948828,2,35.2953,2,217.856,2,0.663,2,3.2,2,7.8,2,0.01,2,2.22953,3,1.52318,2,2.35799,2,13.67009,2,2129.095958,2,2321.45,2,7.831441144,2,25,572.47,2,20
33H320240201,A13.5,68,1,17,680117,11020,2,20240301,1117,-29.49674,1.78678,3512.313,209.925,2,14.1722,2,35.3288,2,211.76851215754485,2,35.3323,2,215.705,2,0.633,2,3.1,2,7.2,2,0.02,2,2.22085,3,1.51909,2,2.30745,2,13.37141,2,2127.287285,2,2323.41,2,7.843573645,2,25,556.66,2,20
33H320240201,A13.5,68,1,18,680118,11128,2,20240301,1117,-29.4968,1.78657,3512.313,180.988,2,14.7712,2,35.4351,2,216.32533954384547,2,35.4442,2,220.796,2,0.527,2,2.7,2,5.5,2,0.03,2,2.28781,3,1.4765,2,2.06056,2,12.19529,2,2121.908959,2,2330.26,2,7.866836129,2,25,522.18,2,20
33H320240201,A13.5,68,1,19,680119,11031,2,20240301,1117,-29.4968,1.78638,3512.313,151.439,2,15.2782,2,35.5227,2,219.5722161646245,2,35.5323,2,223.666,2,0.45,2,2.5,2,4.2,2,0.07,2,2.52934,3,1.45424,2,1.99595,2,11.46015,2,2117.099691,2,2334.93,2,7.88462471,2,25,500.17,2,20
33H320240201,A13.5,68,1,20,680120,11122,2,20240301,1117,-29.49676,1.78618,3512.313,119.957,2,16.0234,2,35.6139,2,220.72048331852346,2,35.6179,2,224.6584982,2,0.398,2,2.5,2,3.1,2,0.11,2,2.30428,3,1.39677,2,1.49168,2,11.3354,2,2111.239738,2,2331.35,2,7.898881511,2,25,476.06,2,20
33H320240201,A13.5,68,1,21,680121,11120,2,20240301,1117,-29.49688,1.7859,3512.313,90.768,2,16.8795,2,35.7248,2,232.58814047404604,2,35.7286,2,237.393,2,0.238,2,1.9,2,0.5,2,0.05,2,2.32499,3,1.38799,2,2.16494,2,10.16682,2,2101.974576,2,2350.3,2,7.931672681,2,25,437.19,2,20
33H320240201,A13.5,68,1,22,680122,11026,2,20240301,1117,-29.49692,1.78557,3512.313,69.129,2,18.2031,2,35.8443,2,240.98162352785894,2,35.8483,2,246.184,2,0.179,2,1.6,2,0,2,0.01,2,2.10457,3,1.27552,2,1.87291,2,6.61186,2,2093.608023,2,2357.59,2,7.963356154,2,25,407.26,2,20
33H320240201,A13.5,68,1,23,680123,11102,2,20240301,1117,-29.49699,1.78543,3512.313,41.255,2,20.134,2,35.8441,2,236.41218680259462,2,35.8688,2,240.5,2,0.159,2,1.5,2,0,2,0,2,2.1442,3,1.2223,2,1.82316,2,7.39313,2,2090.507976,2,2354.38,2,7.973427246,2,25,399.93,2,20
33H320240201,A13.5,68,1,24,680124,11023,2,20240301,1117,-29.497,1.78521,3512.313,4.954,2,22.7385,2,36.0981,2,214.79755826673681,2,36.0997,2,218.219,2,0.159,2,1.6,2,0,2,0.01,2,1.96435,3,1.08621,2,1.54483,2,6.68345,2,2098.930156,6,2372.35,2,7.9737972,6,25,393.22,2,20
33H320240201,A13.5,69,1,1,690101,11113,2,20240301,1747,-29.99777,1.84108,3632.004,3632.004,2,2.2804,2,34.8556,2,220.30339902177164,2,34.8697,2,229.885,2,1.651,6,56.4,6,24.1,6,0.01,6,0,3,0.01609,2,0.01372,2,15.96655,2,2218.365522,2,2354.48,2,7.701883757,2,25,812.67,2,20
33H320240201,A13.5,69,1,2,690102,11067,2,20240301,1747,-29.99778,1.84109,3632.004,3342.926,2,2.2775,2,34.8529,2,220.48630346515685,2,34.8694,2,231.501,2,1.649,6,56,6,24.1,6,0,6,0,3,0.01362,2,0.013,2,16.20843,2,2216.655842,6,2354.03,2,7.700319706,2,25,818.22,2,20
33H320240201,A13.5,69,1,3,690103,11052,3,20240301,1747,-29.99786,1.84082,3632.004,3101.606,2,2.3005,2,34.8496,2,220.2960981640585,2,34.8749,2,231.991,2,1.666,6,55.6,6,24.2,6,0.01,6,0,3,0.01555,2,0.01736,2,16.0025,2,2215.162174,2,2347.97,2,7.700018703,2,25,823.44,2,20
33H320240201,A13.5,69,1,4,690104,11118,2,20240301,1747,-29.99748,1.84093,3632.004,2798.577,2,2.3782,2,34.8426,2,218.82569684653686,2,34.8534,2,229.0886982,2,1.693,6,54.3,6,24.4,6,0.01,6,0.25883,3,0.01602,2,0.02479,2,16.86774,2,2213.010765,2,2344.46,2,7.693039718,2,25,835.74,2,20
33H320240201,A13.5,69,1,5,690105,11136,2,20240301,1747,-29.99714,1.84115,3632.004,2501.025,2,2.4914,2,34.8278,2,214.4676598294227,2,34.8463,2,225.012,2,1.736,2,54.2,2,25.1,2,0.01,2,0,3,0.03114,2,0.03542,2,17.64625,2,2213.358598,2,2340.87,2,7.68018867,2,25,861.96,2,20
33H320240201,A13.5,69,1,6,690106,11027,2,20240301,1747,-29.99687,1.84138,3632.004,2199.373,2,2.6551,2,34.8079,2,207.44750415908825,2,34.818,2,216.875,2,1.801,2,53.7,2,26,2,0.01,2,0,3,0.03661,2,0.05997,2,17.97332,2,2214.790623,2,2334.44,2,7.665689121,2,25,893.69,2,20
33H320240201,A13.5,69,1,7,690107,-999,2,20240301,1747,-29.99672,1.84134,3632.004,1899.232,2,2.9041,2,34.7757,2,198.28805671517551,2,34.7928,2,206.422,2,1.889,2,51,2,27.3,2,0.01,2,0,3,0.05279,2,0.09313,2,18.09011,2,2218.55133,2,2331.46,2,7.648730075,2,25,930.08,2,20
33H320240201,A13.5,69,1,8,690108,11004,2,20240301,1747,-29.99675,1.84134,3632.004,1599.341,2,3.1035,2,34.6888,2,183.5983458665871,2,34.7231,2,189.693,2,2.058,2,52.4,2,29.8,2,0.01,2,0,3,0.10944,2,0.1838,2,-999,5,2228.077497,2,2329.89,2,7.611797798,2,25,1022.29,2,20
33H320240201,A13.5,69,1,9,690109,11082,2,20240301,1747,-29.99672,1.84082,3632.004,1301.692,2,3.2923,2,34.538,2,172.45246807427904,2,34.5472,2,176.805,2,2.277,2,54.2,2,32.7,2,0.01,2,0.44063,3,0.32714,2,0.57938,2,20.87081,2,2237.708312,2,2322.39,2,7.57887235,2,25,1120.57,2,20
33H320240201,A13.5,69,1,10,690110,11115,2,20240301,1747,-29.99698,1.84028,3632.004,1051.014,2,3.8104,2,34.3998,2,180.07838792542202,2,34.4063,2,185.229,2,2.297,2,43.5,2,32.9,2,0.01,2,0.87098,3,0.80393,2,1.39211,2,21.696,2,2224.493391,2,2309.96,2,7.576031828,2,25,1119.2,2,20
33H320240201,A13.5,69,1,11,690111,11008,2,20240301,1747,-29.99756,1.84027,3632.004,813.288,2,5.2238,2,34.3477,2,195.67000559246236,2,34.3591,6,199.613,2,2.074,2,24.4,2,29.8,2,0.01,2,1.43109,3,1.47487,2,2.36781,2,19.80229,2,2200.312124,2,2294.36,2,7.607545691,2,25,1028.39,2,20
33H320240201,A13.5,69,1,12,690112,-999,2,20240301,1747,-29.99752,1.83993,3632.004,621.365,2,7.8456,2,34.5362,2,199.20452128218352,2,34.5474,2,203.451,2,1.639,2,12.7,2,23.4,2,0.01,2,1.61014,3,1.72061,2,2.62908,2,17.80322,2,2175.130879,2,2291.24,2,7.666669226,6,25,879.56,2,20
33H320240201,A13.5,69,1,13,690113,11058,2,20240301,1747,-29.9975,1.83998,3632.004,479.864,2,10.2133,2,34.7965,2,204.36254459820694,2,34.8055,2,208.669,2,1.23,2,6.9,2,16.9,2,0.01,2,2.0607,3,1.7464,2,2.76124,2,16.01089,2,2155.342781,2,2304.43,2,7.735780763,2,25,739.49,6,20
33H320240201,A13.5,69,1,14,690114,11124,2,20240301,1747,-29.99762,1.83988,3632.004,419.641,2,11.3456,2,34.9435,2,203.5361795551952,2,34.9503,2,207.898,2,1.07,2,5.5,2,14.4,2,0.01,2,2.10942,3,1.70984,2,2.57274,2,15.41295,2,2149.768744,2,2308.38,2,7.759225051,2,25,692.92,2,20
33H320240201,A13.5,69,1,15,690115,11081,2,20240301,1747,-29.99766,1.83967,3632.004,359.923,2,12.3077,2,35.0675,2,203.97088447635187,2,35.0781,2,207.274,2,0.918,2,4.6,2,12.1,2,0.01,2,1.86285,3,1.6858,2,2.5234,2,14.88319,2,2145.704841,2,2312.9,2,7.789181489,2,25,651.15,2,20
33H320240201,A13.5,69,1,16,690116,11126,2,20240301,1747,-29.99761,1.83954,3632.004,280.19,2,14.0344,2,35.3081,2,211.77883708193198,2,35.3123,2,216.298,2,0.638,2,3.2,2,7.4,2,0.02,2,1.67883,3,1.43897,2,2.20244,2,-999,5,2129.671679,2,2324.47,2,7.839248943,2,25,561.89,2,20
33H320240201,A13.5,69,1,17,690117,11020,2,20240301,1747,-29.99769,1.83941,3632.004,220.419,2,15.4854,2,35.5452,2,217.21116463227756,2,35.5483,2,221.497,2,0.454,2,2.5,2,4.4,2,0.02,2,2.05192,3,1.38327,2,2.17817,2,11.65613,2,2118.215225,2,2338.06,2,7.879661606,2,25,501.4,2,20
33H320240201,A13.5,69,1,18,690118,11128,2,20240301,1747,-29.99768,1.83929,3632.004,189.727,2,16.0027,2,35.6128,2,218.74387868729093,2,35.6286,2,222.588,2,0.39,2,2.6,2,3.6,2,0.02,2,2.10149,3,1.36646,2,2.15656,2,9.61525,2,2112.966363,2,2340.24,2,7.900474595,2,25,480.41,2,20
33H320240201,A13.5,69,1,19,690119,11031,2,20240301,1747,-29.99767,1.83911,3632.004,161.198,2,16.3306,2,35.6495,2,221.1433433753721,2,35.6576,2,224.283,2,0.354,2,2.5,2,2.8,2,0.09,2,2.10012,3,1.36463,6,2.19036,6,9.00598,6,2109.744447,2,2341.58,2,7.907421189,2,25,465.39,2,20
33H320240201,A13.5,69,1,20,690120,11122,2,20240301,1747,-29.99772,1.83885,3632.004,130.31,2,16.9685,2,35.7476,2,228.0755203,2,35.7618,2,231.805,2,0.265,2,2.1,2,0.6,2,0.2,2,2.01318,3,1.35867,2,2.23909,2,8.21233,2,2106.259547,2,2351.61,2,7.926878014,2,25,442.13,2,20
33H320240201,A13.5,69,1,21,690121,11120,2,20240301,1747,-29.99768,1.8387,3632.004,98.832,2,17.5412,2,35.782,2,238.27744257249222,2,35.792,2,242.559,2,0.193,2,2,2,0,2,0.01,2,2.15964,3,1.35163,2,1.73145,2,8.01142,2,2094.9804,2,2352.11,2,7.950061706,2,25,417.86,2,20
33H320240201,A13.5,69,1,22,690122,11026,3,20240301,1747,-29.99782,1.83862,3632.004,62.478,2,19.6217,2,35.8288,2,241.38322312371952,2,35.837,2,245.472,2,0.169,2,1.9,2,0,2,0.01,2,2.08545,3,1.29142,2,1.85808,2,7.98975,2,2090.244712,6,2355.46,2,7.969572391,2,25,395.87,2,20
33H320240201,A13.5,69,1,23,690123,11102,2,20240301,1747,-29.998,1.83874,3632.004,29.746,2,22.9342,2,36.0916,2,213.8473060425247,2,36.0979,6,217.9,2,0.165,2,1.9,2,0,2,0.01,2,1.8095,3,1.033,2,1.57223,2,4.86473,2,2097.964635,2,2372.2,6,7.971301754,6,25,388.58,2,20
33H320240201,A13.5,69,1,24,690124,11023,3,20240301,1747,-29.99832,1.8388,3632.004,4.569,2,22.9174,2,36.0923,2,214.22096786324184,2,36.0977,2,217.444,2,0.151,2,2.1,2,0,2,0.01,2,1.89862,3,1.0563,2,1.62155,2,5.9779,2,2097.517933,2,2371.06,2,7.975958423,2,25,388.68,2,20
33H320240201,A13.5,70,1,1,700101,11113,2,20240302, 0024,-30.4989,1.70397,4132.567,4132.567,2,1.459,2,34.7601,2,208.32658573461939,2,34.773,2,218.856,2,2.02,6,93.2,6,28.9,6,0,6,0,3,0.05758,2,0.08881,2,16.91624,2,2247.721772,2,2362.48,2,7.654819966,2,25,931.295,6,20
33H320240201,A13.5,70,1,2,700102,11067,2,20240302, 0024,-30.49902,1.70349,4132.567,3751.404,2,2.211,2,34.8482,2,217.4270024777241,2,34.8654,6,229.386,2,1.691,6,60,6,24.6,6,0,6,0.21078,3,0.01333,2,0.01602,2,15.80229,2,2219.743356,6,2356.02,2,7.703672944,2,25,817.75,2,20
33H320240201,A13.5,70,1,3,700103,11052,2,20240302, 0024,-30.49875,1.70289,4132.567,3402.552,2,2.2681,2,34.8533,2,218.54816702139604,2,34.8645,2,231.253,2,1.676,6,56.7,6,24.3,6,0.01,6,-999,5,0.01162,2,0.01491,2,15.95245,2,2215.886116,2,2352.25,2,7.703752786,2,25,816.37,2,20
33H320240201,A13.5,70,1,4,700104,11118,2,20240302, 0024,-30.49955,1.70349,4132.567,3001.371,2,2.3179,2,34.8473,2,218.69346148964064,2,34.8807,2,230.728,2,1.68,6,55.6,6,24.4,6,0,6,0.27557,3,0.01887,2,0.02293,2,16.96991,2,2213.000245,2,2344.45,2,7.699541474,2,25,825.75,2,20
33H320240201,A13.5,70,1,5,700105,11136,2,20240302, 0024,-30.49942,1.70322,4132.567,2699.194,2,2.4029,2,34.837,2,216.1939236958647,2,34.8469,2,227.642,2,1.724,2,55.2,2,24.8,2,0,2,0.17164,3,0.02137,2,0.03397,2,17.5292,2,2211.047517,2,2340.08,2,7.687570361,6,25,845.16,2,20
33H320240201,A13.5,70,1,6,700106,11027,2,20240302, 0024,-30.49967,1.70328,4132.567,2399.239,2,2.5245,2,34.824,2,211.8573894300513,2,34.8535,2,221.805,3,1.763,2,54.3,2,25.4,2,0,2,0,3,0.03149,2,0.05053,2,17.81183,2,2205.45697,2,2338.92,2,7.682324735,2,25,869.81,2,20
33H320240201,A13.5,70,1,7,700107,-999,2,20240302, 0024,-30.49974,1.70257,4132.567,2099.913,2,2.6996,2,34.8044,2,205.62814364983672,2,34.8204,2,214.841,2,1.816,2,52.9,2,26.3,2,0,2,0,3,0.0398,2,0.06324,2,18.61053,2,2214.984196,2,2331.52,2,7.662076405,2,25,899.84,2,20
33H320240201,A13.5,70,1,8,700108,11004,2,20240302, 0024,-30.49982,1.70214,4132.567,1804.025,2,2.9399,2,34.7524,2,193.04707031008945,2,34.7655,2,199.959,2,1.957,2,52.4,2,28.1,2,0,2,0.25533,3,0.0741,2,0.11332,2,-999,5,2221.299972,2,2330.77,2,7.638822079,2,25,963.5,2,20
33H320240201,A13.5,70,1,9,700109,11082,2,20240302, 0024,-30.4998,1.70144,4132.567,1500.799,2,3.0919,2,34.6393,2,177.63802060316766,2,34.6509,2,183.987,2,2.18,2,55.7,2,31.1,2,0,2,0.33002,3,0.18323,2,0.29544,2,19.937,2,2233.014813,2,2326.23,2,7.599250317,2,25,1063.44,2,20
33H320240201,A13.5,70,1,10,700110,11115,2,20240302, 0024,-30.49982,1.70105,4132.567,1251.988,2,3.3515,2,34.5185,2,172.08656474364005,2,34.5247,2,176.299,2,2.307,2,53.3,2,33,2,0,2,0.32431,3,0.40078,2,0.64846,2,21.71241,2,2234.596763,2,2320.81,2,7.577440119,2,25,1124.13,2,20
33H320240201,A13.5,70,1,11,700111,11008,2,20240302, 0024,-30.49996,1.70043,4132.567,951.549,2,4.2664,2,34.3544,2,187.57080100315903,2,34.3604,2,192.57,2,2.231,2,35.4,2,32.1,2,0.01,2,0.76412,3,1.12609,2,1.83901,2,20.90752,2,2212.888294,2,2302.23,2,7.587413777,2,25,1085.33,2,20
33H320240201,A13.5,70,1,12,700112,-999,2,20240302, 0024,-30.50009,1.70038,4132.567,750.619,2,5.7748,2,34.3641,2,200.91552502752836,2,34.3717,2,204.918,2,1.955,2,20.1,2,28.2,2,0.01,2,1.69204,3,1.65342,2,2.46029,2,19.12214,2,2188.566166,6,2287.84,2,7.619317034,2,25,982.27,2,20
33H320240201,A13.5,70,1,13,700113,11058,2,20240302, 0024,-30.50005,1.70017,4132.567,557.47,2,8.8429,2,34.6406,2,196.9610274069966,2,34.6468,2,201.2685,6,1.49,2,10,2,21,2,0.01,2,2.15996,3,1.7585,2,2.93351,2,17.00131,2,2167.886027,2,2294.47,2,7.687076993,2,25,834.05,2,20
33H320240201,A13.5,70,1,14,700114,11124,2,20240302, 0024,-30.50016,1.70005,4132.567,441.515,2,10.7527,2,34.8698,2,204.02206901588897,2,34.8803,2,207.845,2,1.139,2,6,2,15.6,2,0.01,2,2.09197,3,1.75525,2,2.39807,2,14.88073,2,2153.308313,2,2302.44,2,7.747284903,2,25,715.87,2,20
33H320240201,A13.5,70,1,15,700115,11081,2,20240302, 0024,-30.50039,1.69998,4132.567,379.048,2,11.9133,2,35.0224,2,206.0377953,2,35.0273,2,210.814,2,0.964,2,4.7,2,12.7,2,0.01,2,2.39776,3,1.69394,2,2.77168,2,13.43706,2,2144.085047,2,2308.43,2,7.779584067,6,25,658.83,2,20
33H320240201,A13.5,70,1,16,700116,11126,2,20240302, 0024,-30.5005,1.70002,4132.567,331.65,2,12.8494,2,35.1437,2,207.86976398224593,2,35.152,6,212.549,2,0.81,2,3.8,2,10.2,2,0.01,2,2.16813,3,1.55626,2,2.4306,2,9.61342,2,2138.307045,2,2315.48,2,7.805711634,2,25,615.3,2,20
33H320240201,A13.5,70,1,17,700117,11020,2,20240302, 0024,-30.50058,1.69998,4132.567,260.332,2,13.839,2,35.2777,2,209.9086319902904,2,35.2844,2,214.63,2,0.673,2,3.2,2,7.9,2,0.01,2,2.185895,3,1.491775,6,2.365895,6,11.083285,6,2129.888494,2,2324.3,2,7.832021301,2,25,571.58,2,20
33H320240201,A13.5,70,1,18,700118,11128,2,20240302, 0024,-30.50064,1.6998,4132.567,199.576,2,15.011,2,35.4659,2,214.93026937742576,2,35.4679,2,218.835,2,0.52,2,2.7,2,5.4,2,0.02,2,2.11294,3,1.42311,2,2.06551,2,9.98058,2,2121.44972,2,2331.73,2,7.867520668,2,25,520.71,2,20
33H320240201,A13.5,70,1,19,700119,11031,2,20240302, 0024,-30.50077,1.69961,4132.567,171.674,2,15.7279,2,35.58,2,218.66623663260157,2,35.5882,2,222.704,2,0.435,2,2.4,2,3.8,2,0.05,2,2.44053,3,1.41574,2,2.26479,2,9.69649,2,2114.77364,2,2337.39,2,7.890949395,2,25,490.48,2,20
33H320240201,A13.5,70,1,20,700120,11122,2,20240302, 0024,-30.50092,1.69944,4132.567,139.121,2,16.407,2,35.683,2,220.90662190441373,2,35.6847,2,224.976,2,0.366,2,2.1,2,2.4,2,0.13,2,2.40768,3,1.36541,2,2.25346,2,9.7048,2,2113.892703,2,2344.39,2,7.908833543,2,25,467.94,2,20
33H320240201,A13.5,70,1,21,700121,11120,2,20240302, 0024,-30.50081,1.69946,4132.567,110.023,2,17.3434,2,35.8142,2,230.1255593088169,2,35.8162,2,233.879,2,0.232,2,1.8,2,0.2,2,0.06,2,2.41232,3,1.33769,2,1.99239,2,8.59606,2,2105.29711,2,2353.82,2,7.940550072,2,25,433.15,2,20
33H320240201,A13.5,70,1,22,700122,11026,2,20240302, 0024,-30.5007,1.69927,4132.567,79.577,2,18.5916,2,35.8739,2,241.34318571039915,2,35.8892,2,245.195,2,0.18,2,1.6,2,0,2,0.01,2,2.18378,3,1.30784,2,2.13434,2,8.03802,2,2094.352911,6,2359.87,2,7.967603037,2,25,403.45,2,20
33H320240201,A13.5,70,1,23,700123,11102,2,20240302, 0024,-30.50076,1.69906,4132.567,43.534,2,22.8697,2,36.1611,2,216.06790880366648,2,36.1874,2,215.995,2,0.179,2,1.6,2,0,2,0.01,2,1.97437,3,1.09554,2,1.95889,2,6.59326,2,2101.674156,2,2378.49,2,7.975067422,2,25,391.75,2,20
33H320240201,A13.5,70,1,24,700124,11023,2,20240302, 0024,-30.50108,1.69875,4132.567,3.917,2,23.1329,2,36.1927,2,212.16552353081283,2,36.1963,2,215.649,2,0.167,2,1.6,2,0,2,0.01,2,1.73257,3,1.02261,2,1.68785,2,4.94003,2,2103.165996,2,2375.47,2,7.977719668,2,25,391.25,2,20
33H320240201,A13.5,71,1,1,710101,11113,2,20240302, 0705,-31.00017,1.56959,4441.241,4441.241,2,1.2164,2,34.731,2,205.14718860041728,2,34.7422,2,215.821,2,2.106,6,103.1,6,30.2,6,0.01,6,0.38645,3,0.07856,2,0.13879,2,16.57914,2,2255.766761,6,2370.69,2,7.637315259,2,25,969.34,2,20
33H320240201,A13.5,71,1,2,710102,11067,2,20240302, 0705,-31.00052,1.56939,4441.241,4150.374,2,1.4549,2,34.7587,2,207.11881004030346,2,34.7715,2,218.444,2,2.01,6,92.6,6,28.9,6,0.01,6,0,3,0.0574,2,0.09758,2,17.08583,2,2245.794164,2,2367.9,2,7.652230215,2,25,936.68,2,20
33H320240201,A13.5,71,1,3,710103,11052,2,20240302, 0705,-31.00056,1.56937,4441.241,3900.336,2,1.9454,2,34.8151,2,212.87442385275074,2,34.8297,6,225.39,2,1.822,6,71.6,6,26.1,6,0,6,-999,5,0.02649,2,0.04712,2,15.70308,2,2230.051486,2,2356.3,2,7.684953693,2,25,862.73,2,20
33H320240201,A13.5,71,1,4,710104,11118,2,20240302, 0705,-31.00104,1.56884,4441.241,3551.576,2,2.2631,2,34.8531,2,217.57481788679178,2,34.866,2,230.108,2,1.681,6,56.9,6,24.2,6,0,6,0.29521,3,0.01483,2,0.01763,2,15.26503,2,2216.703794,2,2351.29,2,7.70505073,2,25,816.635,6,20
33H320240201,A13.5,71,1,5,710105,11136,2,20240302, 0705,-31.00141,1.5682,4441.241,3192.56,2,2.2959,2,34.8483,2,218.4930249731963,2,34.8833,2,231.119,2,1.686,2,56.1,2,24.3,2,0,2,0.1271,3,0.01544,2,0.02699,2,14.8941,2,2210.980501,2,2347.39,2,7.697482694,2,25,825.37,2,20
33H320240201,A13.5,71,1,6,710106,11027,2,20240302, 0705,-31.00109,1.56779,4441.241,2902.96,2,2.3442,2,34.8418,2,217.5390630282735,2,34.8522,2,229.896,2,1.701,2,55.6,2,24.5,2,0,2,0,3,0.01955,2,0.03508,2,15.28828,2,2211.402611,2,2342.92,2,7.695601471,2,25,837.58,2,20
33H320240201,A13.5,71,1,7,710107,-999,2,20240302, 0705,-31.00134,1.56805,4441.241,2600.637,2,2.4368,2,34.8318,2,214.4747066918806,2,34.8657,2,225.808,2,1.733,2,54.9,2,25,2,0,2,0.32014,3,0.03074,2,0.05159,2,15.57477,2,2211.093418,2,2339.41,2,7.682495228,2,25,856.61,2,20
33H320240201,A13.5,71,1,8,710108,11004,2,20240302, 0705,-31.00118,1.56736,4441.241,2299.711,2,2.574,2,34.816,2,209.04818173513533,2,34.8673,2,219.467,2,1.786,2,54.2,2,25.8,2,0.01,2,0,3,0.034685,6,0.06538,6,16.48812,2,2212.150727,2,2337.42,2,7.670753679,2,25,882.56,2,20
33H320240201,A13.5,71,1,9,710109,11082,2,20240302, 0705,-31.00116,1.56725,4441.241,2002.051,2,2.8009,2,34.7774,2,198.29468679032158,2,34.8259,2,207.608,2,1.899,2,53.5,2,27.3,2,0,2,0.20936,3,0.05705,2,0.10007,2,15.04149,2,2218.121664,2,2332.97,2,7.64993793,2,25,935.95,2,20
33H320240201,A13.5,71,1,10,710110,11115,2,20240302, 0705,-31.00127,1.56705,4441.241,1702.417,2,2.9413,2,34.7334,2,189.89929719380783,2,34.7539,2,196.71,2,2,2,53.8,2,28.8,2,0.01,2,0.19379,3,0.09083,2,0.16628,2,17.14703,2,2224.514223,2,2330.51,6,7.629580258,6,25,984.87,2,20
33H320240201,A13.5,71,1,11,710111,11008,2,20240302, 0705,-31.00129,1.56631,4441.241,1398.919,2,3.1164,2,34.596,2,174.74109185532643,2,34.6064,2,179.428,2,2.23,2,56.6,2,32,2,0,2,0.47395,3,0.25567,2,0.51014,2,19.33749,2,2235.52392,2,2329.71,2,7.58987313,2,25,1093.46,2,20
33H320240201,A13.5,71,1,12,710112,-999,2,20240302, 0705,-31.00144,1.56642,4441.241,1150.193,2,3.4947,2,34.4503,2,175.64940165559807,2,34.457,2,180.164,2,2.327,2,49.9,2,33.3,2,0.01,2,0.17141,3,0.61447,2,1.21287,2,20.31015,2,2230.397333,2,2314.52,2,7.577986281,2,25,1129.92,2,20
33H320240201,A13.5,71,1,13,710113,11058,2,20240302, 0705,-31.00131,1.56658,4441.241,900.506,2,4.3174,2,34.3283,2,196.45351040060697,2,34.3466,2,200.794,2,2.179,2,32.3,2,31.3,2,0.01,2,-999,5,-999,5,-999,5,-999,5,2207.905904,2,2300.76,2,7.59418052,2,25,1056.6,2,20
33H320240201,A13.5,71,1,14,710114,11124,2,20240302, 0705,-31.00122,1.56656,4441.241,680.499,2,6.4411,2,34.4082,2,200.34704221991626,2,34.4441,2,204.918,2,1.858,2,16.6,2,26.8,2,0.01,2,1.85815,3,1.76551,2,4.32458,2,16.52915,2,2182.793539,6,2288.04,2,7.636423429,2,25,955.12,2,20
33H320240201,A13.5,71,1,15,710115,11081,2,20240302, 0705,-31.00112,1.56632,4441.241,521.403,2,9.0086,2,34.6507,2,207.60284687297832,2,34.7001,2,212.297,2,1.383,2,8.1,2,19.4,2,0.01,2,2.15998,3,1.8382,2,4.13775,2,13.62804,2,2159.899693,2,2294.26,2,7.70829582,2,25,795.72,2,20
33H320240201,A13.5,71,1,16,710116,11126,2,20240302, 0705,-31.00109,1.56621,4441.241,403.269,2,11.4222,2,34.9558,2,198.60418001430514,2,34.9739,2,202.207,2,1.088,2,5.6,2,14.7,2,0.01,2,2.13504,3,1.74397,2,3.7241,2,13.13499,2,2150.971363,2,2306.92,2,7.757345896,2,25,701.6,2,20
33H320240201,A13.5,71,1,17,710117,11020,2,20240302, 0705,-31.00105,1.56626,4441.241,300.772,2,13.1564,2,35.1835,2,208.26324915420065,2,35.1905,2,214.553,2,0.787,2,3.6,2,9.5,2,0.01,2,2.4234,3,1.64494,2,3.42329,2,11.5688,2,2134.254633,2,2317.48,2,7.813689634,2,25,602.53,2,20
33H320240201,A13.5,71,1,18,710118,11128,2,20240302, 0705,-31.00112,1.56639,4441.241,239.071,2,14.3707,2,35.3751,2,216.2254486625465,2,35.3812,2,221.564,2,0.558,2,2.7,2,6.1,2,0.02,2,2.03075,3,1.53191,2,3.03426,2,11.50106,2,2123.603,2,2329.68,2,7.85494263,2,25,538.62,2,20
33H320240201,A13.5,71,1,19,710119,11031,2,20240302, 0705,-31.00109,1.56655,4441.241,184.401,2,15.1181,2,35.5044,2,219.74166914189377,2,35.5356,2,-0.953,4,0.46,2,2.3,2,4.4,2,0.02,2,2.67867,3,1.48777,2,3.21542,2,10.51422,2,2118.034169,2,2336.28,2,7.880199161,2,25,506.64,2,20
33H320240201,A13.5,71,1,20,710120,11122,2,20240302, 0705,-31.00082,1.56655,4441.241,120.114,2,16.2824,2,35.6662,2,224.01047747073423,2,35.6719,2,227.651,2,0.35,2,2.1,2,2.1,2,0.19,2,2.31534,3,1.43072,2,2.84009,2,8.92787,2,2109.064496,2,2345.11,6,7.909778843,6,25,466.97,2,20
33H320240201,A13.5,71,1,21,710121,11120,2,20240302, 0705,-31.00069,1.56666,4441.241,89.477,2,17.3405,2,35.7824,2,236.16805097495885,2,35.7901,2,240.737,2,0.215,2,1.8,2,0.1,2,0.02,2,2.40459,3,1.38373,2,2.89355,2,8.10753,2,2099.767799,2,2352.75,2,7.946479795,2,25,425.3,2,20
33H320240201,A13.5,71,1,22,710122,11026,2,20240302, 0705,-31.00068,1.56669,4441.241,68.943,2,18.4994,2,35.8489,2,241.6469650696182,2,35.8552,2,246.603,2,0.167,2,1.8,2,0,2,0.01,2,2.33919,3,1.35482,2,2.74283,2,7.67598,2,2092.81941,2,2357.01,2,7.968331657,2,25,405.43,2,20
33H320240201,A13.5,71,1,23,710123,11102,2,20240302, 0705,-31.00066,1.56653,4441.241,38.337,2,22.6364,2,36.142,2,214.98922532146165,2,36.1543,2,218.073,2,0.17,2,1.6,2,0,2,0.01,2,2.0905,3,1.13552,2,2.20648,2,6.57514,2,2098.309739,2,2376.34,2,7.976929509,2,25,391.74,2,20
33H320240201,A13.5,71,1,24,710124,11023,2,20240302, 0705,-31.001,1.56615,4441.241,5.056,2,22.6842,2,36.1346,2,214.20456475546126,2,36.1384,2,217.735,2,0.169,2,1.7,2,0,2,0.01,2,2.09678,3,1.13022,2,2.1711,2,6.54388,2,2101.407141,6,2375.58,2,7.977498892,2,25,391.45,2,20
33H320240201,A13.5,72,1,1,720101,11113,2,20240302,1422,-31.50034,1.40958,4456.577,4456.577,2,1.1537,2,34.7245,2,204.2001266194384,2,34.7393,2,216.099,2,2.141,6,106,6,30.5,6,0.01,6,0,3,0.08932,2,0.20274,2,17.52621,2,2258.610033,6,2368.79,2,7.639305042,2,25,974.8,2,20
33H320240201,A13.5,72,1,2,720102,11067,2,20240302,1422,-31.50081,1.40899,4456.577,4177.462,2,1.4901,2,34.7612,2,207.04070971354375,2,34.7761,2,219.073,2,1.992,6,91.4,6,28.7,6,0,6,0.15644,3,0.05172,2,0.12275,2,17.06319,2,2244.807744,2,2365.63,2,7.655201254,2,25,932.8,6,20
33H320240201,A13.5,72,1,3,720103,11052,2,20240302,1422,-31.50186,1.4092,4456.577,3770.513,2,2.1605,2,34.8404,2,215.57209978074337,2,34.8525,2,229.314,2,1.714,6,62,6,24.8,6,0,6,0.38424,3,0.02063,2,0.04386,2,14.5527,2,2222.209359,2,2357.2,2,7.697361611,2,25,831.02,2,20
33H320240201,A13.5,72,1,4,720104,11118,2,20240302,1422,-31.50258,1.40884,4456.577,3426.475,2,2.2714,2,34.8517,2,218.0097087127032,2,34.8665,6,230.4049333,2,1.667,6,56.3,6,24.2,6,0.01,6,0.31748,3,0.01654,2,0.02451,2,14.81501,2,2213.904008,2,2350.85,2,7.702497247,2,25,817.72,2,20
33H320240201,A13.5,72,1,5,720105,11136,2,20240302,1422,-31.50327,1.40856,4456.577,3102.524,2,2.3082,2,34.8439,2,217.68580145443286,2,34.8586,2,231.463,3,1.691,2,55.9,2,24.4,2,0.01,2,0.54634,3,0.01765,2,0.03946,2,13.53071,2,2212.656021,2,2346.03,2,7.695069963,2,25,830.7,2,20
33H320240201,A13.5,72,1,6,720106,11027,2,20240302,1422,-31.50411,1.40786,4456.577,2799.607,2,2.3689,2,34.8353,2,215.70260074238288,2,34.8468,2,234.08,6,1.719,2,55.8,2,24.8,2,0,2,0,3,0.02615,2,0.05304,2,14.62813,2,2209.938459,2,2342.16,2,7.684926652,2,25,849.15,2,20
33H320240201,A13.5,72,1,7,720107,-999,2,20240302,1422,-31.5036,1.40787,4456.577,2501.943,2,2.4513,2,34.827,2,212.82023720927924,2,34.8381,2,224.24,2,1.747,2,55.2,2,25.2,2,0,2,0.36292,3,0.03709,2,0.06868,2,14.92983,2,2211.902826,2,2341.97,2,7.679780624,2,25,865.15,2,20
33H320240201,A13.5,72,1,8,720108,11004,2,20240302,1422,-31.50269,1.40782,4456.577,2200.957,2,2.6169,2,34.8063,2,205.74805337868716,2,34.8178,2,215.901,2,1.799,2,54.6,2,26.2,2,0,2,-999,5,-999,5,0.13363,2,16.53904,2,2213.681514,2,2337.45,2,7.664894921,2,25,899.11,2,20
33H320240201,A13.5,72,1,9,720109,11082,2,20240302,1422,-31.5017,1.4081,4456.577,1898.814,2,2.7834,2,34.7665,2,195.6626624140914,2,34.7773,2,203.657,2,1.918,2,54.9,2,27.6,2,0.02,2,0.47238,3,0.07229,2,0.13618,2,18.1521,2,2220.351461,2,2333.7,2,7.640136748,2,25,950.75,2,20
33H320240201,A13.5,72,1,10,720110,11115,2,20240302,1422,-31.50067,1.40834,4456.577,1598.655,2,2.9197,2,34.6827,2,182.79220441546423,2,34.6915,2,189.436,2,2.097,2,57.4,2,30.1,2,0,2,0.4269,3,0.14103,2,0.30418,2,19.93487,2,2232.170118,2,2333.64,2,7.611125548,2,25,1035.14,2,20
33H320240201,A13.5,72,1,11,720111,11008,2,20240302,1422,-31.4996,1.40832,4456.577,1303.975,2,3.1709,2,34.5345,2,172.8508904799789,2,34.5434,2,177.618,2,2.298,2,56.4,2,32.8,2,0.01,2,0.75293,3,0.39331,2,0.83977,2,21.51247,2,2238.549601,2,2324.25,2,7.57606624,2,25,1125.55,2,20
33H320240201,A13.5,72,1,12,720112,-999,2,20240302,1422,-31.49873,1.40847,4456.577,1052.01,2,3.7294,2,34.3934,2,181.77760346044494,2,34.4069,2,187.132,2,2.269,2,44,2,32.9,2,0,2,1.07082,3,0.87142,2,1.94417,2,21.52878,2,2222.991284,2,2308.6,2,7.579245724,2,25,1115.83,2,20
33H320240201,A13.5,72,1,13,720113,11058,2,20240302,1422,-31.49797,1.40896,4456.577,811.522,2,4.7552,2,34.3038,2,206.58842635934298,2,34.3121,2,212.604,2,2.076,2,25.3,2,29.7,2,0.02,2,1.57082,3,1.59624,2,3.34207,2,19.23677,2,2192.932092,2,2292.7,2,7.615000786,6,25,1008.22,2,20
33H320240201,A13.5,72,1,14,720114,11124,2,20240302,1422,-31.49734,1.40892,4456.577,619.771,2,7.0501,2,34.4491,2,204.0966862584945,2,34.4585,2,208.501,2,1.738,2,13.8,2,24.7,2,0,2,1.66189,3,1.81395,2,3.66414,2,17.32012,2,2174.651436,6,2289.13,2,7.65462804,2,25,907.11,2,20
33H320240201,A13.5,72,1,15,720115,11081,2,20240302,1422,-31.49666,1.40908,4456.577,481.79,2,9.0063,2,34.6539,2,201.80037970376273,2,34.6635,2,205.987,2,1.421,2,8.9,2,19.9,2,0,2,1.85705,3,1.80842,2,3.75823,2,16.63955,2,2163.399791,2,2296.67,2,7.717901897,2,25,811.01,2,20
33H320240201,A13.5,72,1,16,720116,11126,2,20240302,1422,-31.49589,1.40904,4456.577,361.8,2,10.978,2,34.8979,2,206.5573892,2,34.9076,2,212.004,2,1.083,2,5.6,2,14.8,2,0,2,2.0308,3,1.72097,2,3.00542,2,14.23948,2,2149.369628,2,2304.17,2,7.757266173,2,25,698.23,2,20
33H320240201,A13.5,72,1,17,720117,11020,3,20240302,1422,-31.49527,1.40942,4456.577,283.488,2,12.2652,2,35.0709,2,211.45125567327065,2,35.0836,2,215.799,2,0.869,2,4,2,11.1,2,0.01,2,1.92389,3,1.66577,2,3.0875,2,13.50047,2,2140.44023,2,2312.42,2,7.796389966,2,25,631.98,2,20
33H320240201,A13.5,72,1,18,720118,11128,2,20240302,1422,-31.49482,1.40932,4456.577,221.284,2,13.1794,2,35.1972,2,218.368641,2,35.2059,2,222.609,2,0.677,2,3,2,8.2,2,0.01,2,2.03531,3,1.61214,2,3.01283,2,12.61918,2,2130.549736,2,2321.44,2,7.827265618,2,25,580.93,2,20
33H320240201,A13.5,72,1,19,720119,11031,2,20240302,1422,-31.49434,1.40947,4456.577,160.694,2,14.1626,2,35.3515,2,220.2924838684427,2,35.3623,6,224.146,2,0.555,2,2.7,2,6.1,2,0.02,2,1.93343,3,1.54467,2,2.89277,2,11.55711,2,2123.172083,2,2325.58,2,7.851847714,2,25,541.26,2,20
33H320240201,A13.5,72,1,20,720120,11122,2,20240302,1422,-31.49391,1.40942,4456.577,129.945,2,14.8727,2,35.4545,2,222.58409541932787,2,35.4652,2,226.517,2,0.473,2,2.4,2,4.5,2,0.11,2,2.13979,3,1.49563,2,2.79841,2,10.8079,2,2117.579799,2,2333.37,2,7.873268674,2,25,511.23,2,20
33H320240201,A13.5,72,1,21,720121,11120,2,20240302,1422,-31.49347,1.40928,4456.577,102.23,2,16.0979,2,35.5502,2,242.03437077689483,2,35.5704,2,247.028,2,0.259,2,1.8,2,0.6,2,0.05,2,2.16294,3,1.4496,2,2.72746,2,10.65176,2,2099.269319,2,2340.84,2,7.92693524,2,25,445.29,2,20
33H320240201,A13.5,72,1,22,720122,11026,2,20240302,1422,-31.4931,1.40908,4456.577,64.204,2,20.2569,2,35.7905,2,235.52751483949007,2,35.8796,2,228.602,2,-999,9,-999,9,-999,9,-999,9,2.00105,3,1.19724,2,2.16641,2,7.52427,2,2090.207878,2,2360.37,6,7.972674803,6,25,396.81,2,20
33H320240201,A13.5,72,1,23,720123,11102,2,20240302,1422,-31.49265,1.40892,4456.577,28.83,2,21.9939,2,35.9434,2,218.00221520583983,2,35.9492,2,221.437,2,0.15,2,1.3,2,0,2,0,2,2.27808,3,1.15692,2,2.12577,2,7.36756,2,2093.8629,6,2365.25,2,7.971928909,2,25,395.75,2,20
33H320240201,A13.5,72,1,24,720124,11023,2,20240302,1422,-31.49218,1.40933,4456.577,3.689,2,22.0814,2,35.9492,2,218.00652275468317,2,35.9549,2,220.898,2,0.147,2,1.3,2,0,2,0,2,2.36605,3,1.14944,2,1.99624,2,7.0911,2,2093.399487,2,2372.61,2,7.972128929,2,25,395.28,2,20
33H320240201,A13.5,73,1,1,730101,11113,2,20240302,2211,-31.99894,1.27293,4500.072,4500.072,2,1.194,2,34.7279,2,204.69113605591355,2,34.7425,2,216.069,2,2.142,6,104,6,30.4,6,0,6,0.41109,3,0.08233,2,0.17516,2,20.73327,2,2257.062319,2,2367.99,2,7.637269856,2,25,976.55,3,20
33H320240201,A13.5,73,1,2,730102,11067,2,20240302,2211,-31.99908,1.27288,4500.072,4048.168,2,1.7047,2,34.7865,2,209.70338659602533,2,34.7983,2,222.606,2,1.934,6,81.7,6,27.5,6,0,6,0.28914,3,0.04751,2,0.09011,2,18.51867,2,2237.654409,6,2362.97,2,7.671487705,2,25,898.71,3,20
33H320240201,A13.5,73,1,3,730103,11052,2,20240302,2211,-31.99908,1.27298,4500.072,3674.12,2,2.216,2,34.8478,2,216.44951743927192,2,34.863,2,230.082,2,1.703,6,59.3,6,24.6,6,0.01,6,0.75255,3,0.01822,2,0.03331,2,15.69529,2,2217.800392,2,2356.95,2,7.699299672,6,25,822.32,2,20
33H320240201,A13.5,73,1,4,730104,11118,2,20240302,2211,-31.99929,1.27302,4500.072,3297.969,2,2.2853,2,34.8517,2,218.24024366603805,2,34.8649,2,230.67,2,1.692,6,55.5,6,24.2,6,0,6,0.15082,3,0.01616,2,0.03,2,16.07088,2,2212.901191,2,2351.18,2,7.703364947,2,25,818.36,2,20
33H320240201,A13.5,73,1,5,730105,11136,2,20240302,2211,-31.99927,1.27306,4500.072,3002.233,2,2.3228,2,34.8458,2,218.20715192665315,2,34.8559,2,231.029,4,1.711,2,55.1,2,24.4,2,0,2,0.184635,3,0.01786,6,0.03834,6,16.48729,6,2212.098388,2,2346.62,2,7.69788067,2,25,828.5,2,20
33H320240201,A13.5,73,1,6,730106,11027,2,20240302,2211,-31.99925,1.27304,4500.072,2703.504,2,2.3936,2,34.8349,2,215.52495446061653,2,34.846,2,227.158,2,1.74,2,55.5,2,24.9,2,0,2,0,3,0.02492,2,0.05372,2,17.14663,2,2209.749796,2,2340.83,2,7.686589424,2,25,848.98,2,20
33H320240201,A13.5,73,1,7,730107,-999,2,20240302,2211,-31.99893,1.27284,4500.072,2402.409,2,2.4949,2,34.8218,2,210.67966224013463,2,34.833,2,220.914,2,1.789,2,55.6,2,25.6,2,0,2,0.15977,3,0.03244,2,0.07217,2,18.16917,2,2212.903437,2,2341.94,2,7.671347727,2,25,874.94,2,20
33H320240201,A13.5,73,1,8,730108,11004,2,20240302,2211,-31.99862,1.27301,4500.072,2104.208,2,2.6695,2,34.7981,2,203.42984744814262,2,34.8068,2,212.968,2,1.874,2,54.5,2,26.6,2,0,2,0.15718,3,0.04648,2,0.09659,2,18.59838,2,2216.851915,2,2334.09,2,7.658297928,2,25,909.83,2,20
33H320240201,A13.5,73,1,9,730109,11082,2,20240302,2211,-31.9983,1.27308,4500.072,1804.282,2,2.8501,2,34.743,2,191.4434031023172,2,34.7544,6,198.712,2,2.003,2,55.5,2,28.5,2,0,2,0.48156,3,0.09301,2,0.18164,2,20.25255,2,2223.733878,2,2335.02,2,7.631457829,2,25,977.38,2,20
33H320240201,A13.5,73,1,10,730110,11115,2,20240302,2211,-31.99855,1.27323,4500.072,1498.287,2,3.0462,2,34.6273,2,176.88706598984413,2,34.6362,2,182.819,2,2.212,2,57,2,31.5,2,0,2,0.48792,3,0.22029,2,0.4447,2,22.30506,2,2235.629785,2,2330.58,2,7.593648576,2,25,1072.82,2,20
33H320240201,A13.5,73,1,11,730111,11008,2,20240302,2211,-31.99797,1.27301,4500.072,1248.379,2,3.3463,2,34.4933,2,172.82878437879793,2,34.5004,2,177.395,2,2.355,2,53.4,2,33.3,2,0,2,0.70514,3,0.48517,2,1.04452,2,24.05471,2,2236.053177,2,2322.33,2,7.575277803,2,25,1130.9,2,20
33H320240201,A13.5,73,1,12,730112,-999,2,20240302,2211,-31.9976,1.27327,4500.072,951.272,2,4.1552,2,34.3333,2,194.2800233579771,2,34.3402,2,199.576,2,2.236,2,34.7,2,31.8,2,0.01,2,1.33181,3,1.23945,2,2.72585,2,22.84422,2,2209.857965,2,2304.31,2,7.594064634,2,25,1061.05,2,20
33H320240201,A13.5,73,1,13,730113,11058,2,20240302,2211,-31.9975,1.27348,4500.072,802.856,2,5.0119,2,34.315,2,205.52723710203233,2,34.331,2,211.13,2,2.067,2,23.6,2,29.5,2,0.01,2,1.6719,3,1.6154,2,3.50022,2,21.70465,2,2191.805518,6,2290.78,2,7.617683364,2,25,1000.07,2,20
33H320240201,A13.5,73,1,14,730114,11124,2,20240302,2211,-31.9975,1.27352,4500.072,561.335,2,8.0836,2,34.5559,2,199.63024393146205,2,34.5699,2,203.671,2,1.621,2,11.5,2,22.7,2,0.01,2,2.03604,3,1.80705,2,3.77061,2,19.49034,2,2170.703385,2,2292.71,2,7.675030929,2,25,865.96,2,20
33H320240201,A13.5,73,1,15,730115,11081,2,20240302,2211,-31.9973,1.27354,4500.072,443.543,2,10.3141,2,34.8108,2,206.22980516634343,2,34.8247,2,-0.964,4,1.188,2,7.6,2,16.4,2,0.01,2,2.23927,3,1.75521,2,3.51269,2,17.30058,2,2154.68603,2,2302.32,2,7.74045074,2,25,730.02,2,20
33H320240201,A13.5,73,1,16,730116,11126,2,20240302,2211,-31.99732,1.27335,4500.072,332.056,2,12.1048,2,35.0486,2,211.03516254022443,2,35.0573,2,216.094,2,0.897,2,4.3,2,11.6,2,0.01,2,2.24089,3,1.671,2,3.28559,2,15.71341,2,2140.785267,2,2312.9,2,7.789497623,2,25,637.82,2,20
33H320240201,A13.5,73,1,17,730117,11020,2,20240302,2211,-31.99748,1.27361,4500.072,258.734,2,13.1166,2,35.1772,2,215.42381858981565,2,35.1985,2,220.233,6,0.74,2,3.5,2,8.8,2,0.01,2,2.65205,3,1.60269,2,3.10247,2,14.91917,2,2131.687417,2,2320.07,2,7.823140966,2,25,587.17,2,20
33H320240201,A13.5,73,1,18,730118,11128,2,20240302,2211,-31.99745,1.27348,4500.072,201.957,2,14.1088,2,35.3528,2,224.26660563229564,2,35.3608,2,228.138,2,0.546,2,2.7,2,5.8,2,0.02,2,2.62549,3,1.52193,2,2.89232,2,13.23586,2,2122.973261,2,2328.31,6,7.860937692,6,25,532.32,2,20
33H320240201,A13.5,73,1,19,730119,11031,2,20240302,2211,-31.99747,1.27344,4500.072,169.257,2,14.3988,2,35.3958,2,222.75869772569123,2,35.4118,2,226.37,2,0.526,2,2.7,2,5.5,2,0.02,2,2.54886,3,1.51317,2,2.87288,2,13.11549,2,2120.908403,2,2330.09,2,7.86240835,2,25,525.5,2,20
33H320240201,A13.5,73,1,20,730120,11122,2,20240302,2211,-31.99759,1.27356,4500.072,141.113,2,14.7971,2,35.4328,2,218.9942788243299,2,35.4435,2,222.931,2,0.524,2,3.1,2,5.5,2,0.04,2,2.47615,3,1.46685,2,2.74844,2,13.04261,2,2117.459452,2,2329.33,2,7.867227834,2,25,515.635,6,20
33H320240201,A13.5,73,1,21,730121,11120,2,20240302,2211,-31.9977,1.27353,4500.072,109.315,2,15.4172,2,35.4751,2,222.17168338581678,2,35.4797,6,225.324,2,0.461,2,2.9,2,4.3,2,0.12,2,2.34627,3,1.46534,2,2.75034,2,12.70835,2,2109.108764,2,2331.63,2,7.888549062,2,25,491.73,2,20
33H320240201,A13.5,73,1,22,730122,11026,2,20240302,2211,-31.99774,1.27348,4500.072,80.003,2,16.2504,2,35.5003,2,242.17361843175016,2,35.5171,2,247.131,2,0.247,2,2,2,0.5,2,0.04,2,2.38373,3,1.42966,2,2.65078,2,12.18886,2,2094.128536,6,2342.19,2,7.930011112,2,25,437.6,2,20
33H320240201,A13.5,73,1,23,730123,11102,2,20240302,2211,-31.99771,1.27346,4500.072,48.196,2,21.8055,2,35.898,2,219.47978042485144,2,35.9088,2,222.83,2,0.113,2,1.6,2,0,2,0.01,2,2.22522,3,1.14377,2,2.07895,2,9.12628,2,2060.87669,4,2361.68,2,7.977341055,2,25,387.75,2,20
33H320240201,A13.5,73,1,24,730124,11023,2,20240302,2211,-31.99771,1.27358,4500.072,7.402,2,22.0727,2,35.9275,2,216.08785689536512,2,35.9341,2,219.768,2,0.128,2,1.6,2,0,2,0.01,2,-999,5,1.23458,2,2.1941,2,9.69777,2,2086.13008,2,2362.29,2,7.980035011,2,25,386.73,2,20
33H320240201,A13.5,74,1,1,740101,11113,2,20240303, 0510,-32.50245,1.12711,4494.607,4494.607,2,1.1939,2,34.7281,2,205.01698856158913,2,34.7399,2,216.13,2,2.154,6,104.8,6,30.4,6,0,6,0.24303,3,0.07922,2,0.1725,2,23.02087,2,2259.341593,2,2370.42,6,7.637368829,6,25,972.12,2,20
33H320240201,A13.5,74,1,2,740102,11067,2,20240303, 0510,-32.5029,1.127,4494.607,4027.466,2,1.7988,2,34.7953,2,210.77231064218694,2,34.815,2,224.193,2,1.891,6,78.1,6,27.1,6,0,6,0.28557,3,0.03916,2,0.07248,2,22.75124,2,2235.873784,6,2359.6,2,7.672353952,2,25,885.56,2,20
33H320240201,A13.5,74,1,3,740103,11052,2,20240303, 0510,-32.50261,1.12752,4494.607,3549.882,2,2.2579,2,34.8528,2,217.75726992242505,2,34.8661,2,231.258,2,1.688,6,57,6,24.3,6,0,6,0.57129,3,0.01191,2,0.02274,2,21.49875,2,2218.105612,2,2355.28,2,7.701496039,2,25,815.15,2,20
33H320240201,A13.5,74,1,4,740104,11118,2,20240303, 0510,-32.50243,1.12728,4494.607,3199.051,2,2.2806,2,34.8487,2,218.43185414982187,2,34.8601,2,230.254,2,1.697,6,56.1,6,24.3,6,0,6,0.18962,3,0.01407,2,0.02979,2,21.16089,2,2214.018691,2,2348.4,2,7.7015015,2,25,821.2,2,20
33H320240201,A13.5,74,1,5,740105,11136,2,20240303, 0510,-32.50243,1.12783,4494.607,2899.947,2,2.3246,2,34.8377,2,216.7007969866427,2,34.8488,2,229.711,2,1.743,2,57,2,24.8,2,0,2,0.38232,3,0.02782,2,0.04574,2,21.73403,2,2213.911553,2,2342.22,2,7.691538957,2,25,841.73,2,20
33H320240201,A13.5,74,1,6,740106,11027,2,20240303, 0510,-32.5023,1.12802,4494.607,2601.372,2,2.4085,2,34.8306,2,214.2701802079919,2,34.841,2,225.352,2,1.765,2,56.1,2,25.1,2,0,2,0.31114,3,0.02791,2,0.05268,2,22.01009,2,2213.468155,2,2341.07,2,7.684077166,2,25,856.84,2,20
33H320240201,A13.5,74,1,7,740107,-999,2,20240303, 0510,-32.50209,1.12786,4494.607,2301.684,2,2.5632,2,34.814,2,207.9576443586254,2,34.8331,6,218.633,2,1.823,2,55.4,2,26,2,0,2,0,3,0.03849,2,0.07433,2,22.69634,2,2214.791297,2,2339.83,2,7.668015647,2,25,887.65,2,20
33H320240201,A13.5,74,1,8,740108,11004,2,20240303, 0510,-32.50198,1.12812,4494.607,2001.751,2,2.7459,2,34.7906,2,200.2949568648045,2,34.8331,2,209.727,2,1.879,2,54.2,2,27,2,0,2,0.16603,3,0.05,2,0.09783,2,23.52368,2,2219.898867,2,2335.21,2,7.668047121,2,25,923.45,2,20
33H320240201,A13.5,74,1,9,740109,11082,2,20240303, 0510,-32.50174,1.12828,4494.607,1700.702,2,2.9578,2,34.7277,2,186.44120307888008,2,34.7391,2,193.675,2,2.047,2,55.1,2,29.2,2,0,2,0.39323,3,0.09401,2,0.1838,2,24.69721,2,2220.635688,2,2334.71,2,7.622957912,6,25,999.27,2,20
33H320240201,A13.5,74,1,10,740110,11115,2,20240303, 0510,-32.50174,1.12872,4494.607,1399.636,2,3.0485,2,34.5737,2,171.73975452549266,2,34.5913,2,176.442,2,2.309,2,60.4,2,32.6,2,0,2,0.46866,3,0.29889,2,0.6318,2,27.89154,2,2242.828298,2,2330.51,2,7.579774308,2,25,1118.46,2,20
33H320240201,A13.5,74,1,11,740111,11008,2,20240303, 0510,-32.50159,1.12872,4494.607,1146.289,2,3.4153,2,34.3985,2,183.02337765042103,2,34.4204,2,189.059,3,2.342,2,48.8,2,33.2,2,0,2,0.80935,3,0.83732,2,1.76566,2,27.19448,2,2230.438358,2,2314.3,2,7.574904115,2,25,1122.03,2,20
33H320240201,A13.5,74,1,12,740112,-999,2,20240303, 0510,-32.50131,1.1289,4494.607,903.337,2,4.4273,2,34.291,2,208.78321388655374,2,34.2994,2,215.236,2,2.121,2,28.1,2,30.2,2,0.01,2,1.47787,3,1.54365,2,3.26055,2,25.00655,2,2199.628162,2,2294.11,2,7.611206974,2,25,1015.96,2,20
33H320240201,A13.5,74,1,13,740113,11058,2,20240303, 0510,-32.50094,1.12844,4494.607,682.031,2,6.8264,2,34.4358,2,201.47480436527962,2,34.4428,2,206.123,2,1.809,2,15.2,2,25.7,2,0.01,2,1.92984,3,1.7656,2,3.53759,2,23.26857,2,2180.515557,6,2289.53,2,7.647209832,2,25,924.72,2,20
33H320240201,A13.5,74,1,14,740114,11124,2,20240303, 0510,-32.50085,1.1286,4494.607,522.628,2,9.6733,2,34.7327,2,199.65241841772593,2,34.7396,2,204.179,2,1.345,2,8.1,2,18.7,2,0.01,2,2.18422,3,1.74423,2,3.51496,2,20.89215,2,2162.9473,2,2297.88,2,7.715218998,2,25,779.78,2,20
33H320240201,A13.5,74,1,15,740115,11081,2,20240303, 0510,-32.50075,1.12894,4494.607,399.188,2,11.8215,2,35.0082,2,207.08054569408742,2,35.0134,2,212.2,2,0.97,2,4.7,2,12.9,2,0.01,2,2.366255,3,1.68814,6,3.15143,6,18.484575,6,2145.91287,2,2309.27,2,7.779118726,2,25,659.23,2,20
33H320240201,A13.5,74,1,16,740116,11126,2,20240303, 0510,-32.50061,1.12909,4494.607,298.947,2,13.212,2,35.2107,2,225.14613907517756,2,35.2181,2,229.783,2,0.637,2,2.7,2,7.3,2,0.01,2,2.41223,3,1.54656,2,2.85091,2,15.20447,2,2128.994678,2,2321.55,2,7.837512551,2,25,565.96,2,20
33H320240201,A13.5,74,1,17,740117,11020,2,20240303, 0510,-32.50049,1.12914,4494.607,238.932,2,13.8626,2,35.327,2,228.7627311747801,2,35.3328,2,233.099,2,0.538,2,2.4,2,5.5,2,0.02,2,2.55064,3,1.51282,2,2.70164,2,14.12442,2,2123.10773,2,2326.45,2,7.84104278,2,25,533.945,6,20
33H320240201,A13.5,74,1,18,740118,11128,2,20240303, 0510,-32.50032,1.12936,4494.607,180.691,2,14.2779,2,35.3613,2,216.6281588670616,2,35.3752,6,220.868,2,0.569,2,2.9,2,6.3,2,0.02,2,2.54804,3,1.50791,2,2.71321,2,14.72125,2,2125.916116,2,2329.19,2,7.856434048,2,25,539.28,2,20
33H320240201,A13.5,74,1,19,740119,11031,2,20240303, 0510,-32.50019,1.12942,4494.607,148.482,2,14.9203,2,35.468,2,219.43808531471504,2,35.4761,2,223.173,2,0.5,2,2.7,2,5.1,2,0.03,2,2.65702,3,1.45947,2,2.63429,2,13.3117,2,2120.289382,2,2331.74,2,7.871700538,2,25,512.51,2,20
33H320240201,A13.5,74,1,20,740120,11122,2,20240303, 0510,-32.50012,1.12928,4494.607,118.717,2,15.3899,2,35.5262,2,220.34286712376343,2,35.5392,2,224.656,2,0.451,2,2.7,2,4.1,2,0.1,2,2.70062,3,1.43046,2,2.56317,2,12.97297,2,2115.911375,2,2335.75,2,7.885378351,2,25,495.9,2,20
33H320240201,A13.5,74,1,21,740121,11120,2,20240303, 0510,-32.50002,1.12912,4494.607,91.376,2,16.1375,2,35.5937,2,230.3258538884935,2,35.6019,2,235.245,2,0.309,2,2.3,2,1.4,2,0.1,2,2.59531,3,1.39218,2,2.56027,2,12.05583,2,2106.166468,2,2340.19,2,7.914756631,2,25,456.31,2,20
33H320240201,A13.5,74,1,22,740122,11026,2,20240303, 0510,-32.49995,1.12906,4494.607,70.82,2,17.4063,2,35.6688,2,246.4433934035088,2,35.6775,2,250.979,2,0.174,2,1.8,2,0,2,0.01,2,2.31568,3,1.37741,2,2.45237,2,10.84061,2,2089.15641,6,2345.38,2,7.956459902,2,25,411.5,2,20
33H320240201,A13.5,74,1,23,740123,11102,2,20240303, 0510,-32.49981,1.12897,4494.607,40.559,2,21.3221,2,35.888,2,220.0582302810216,2,35.8976,2,223.319,2,0.145,2,1.5,2,0,2,0.01,2,2.50501,3,1.17562,2,2.06888,2,8.92632,2,2090.140849,2,2360.06,2,7.973636571,2,25,395.03,2,20
33H320240201,A13.5,74,1,24,740124,11023,2,20240303, 0510,-32.49973,1.12927,4494.607,3.06,2,21.6261,2,35.9208,2,218.27153082577232,2,35.9243,2,221.509,2,0.138,2,1.6,2,0,2,0.01,2,2.64215,3,1.14595,2,2.20179,2,8.96771,2,2088.74984,2,2361,2,7.976856565,2,25,389.78,2,20
33H320240201,A13.5,75,1,1,750101,11113,2,20240303,1148,-33.00177,0.96811,4458.832,4458.832,2,1.1578,2,34.7248,2,204.60857827891923,2,34.7394,6,215.728,2,2.124,6,105.8,6,30.7,6,0.01,6,0.2982,3,0.08974,2,0.16882,2,22.20144,2,2259.016452,6,2371.01,2,7.637918835,2,25,973.22,2,20
33H320240201,A13.5,75,1,2,750102,11067,2,20240303,1148,-33.00211,0.96788,4458.832,4127.212,2,1.3281,2,34.7448,2,205.37683067884134,2,34.7558,2,216.918,2,2.053,6,97.7,6,29.8,6,0.01,6,0,3,0.0636,2,0.12628,2,22.04294,2,2249.912567,2,2366.03,6,7.645341309,6,25,953.94,2,20
33H320240201,A13.5,75,1,3,750103,11052,2,20240303,1148,-33.00263,0.96774,4458.832,3775.396,2,1.8577,2,34.8041,2,211.57129689518604,2,34.8144,2,223.952,2,1.854,6,74.9,6,26.8,6,0,6,0.51804,3,0.03401,2,0.05096,2,20.52473,2,2231.377986,2,2358.25,2,7.678353934,2,25,875.46,2,20
33H320240201,A13.5,75,1,4,750104,11118,2,20240303,1148,-33.00256,0.96796,4458.832,3425.115,2,2.1437,2,34.8324,2,215.19513241986192,2,34.8434,2,227.681,2,1.743,6,62.5,6,25.3,6,0,6,0.31986,3,0.01766,2,0.02836,2,19.66389,2,2218.925629,2,2352.51,2,7.691985405,2,25,842.91,2,20
33H320240201,A13.5,75,1,5,750105,11136,2,20240303,1148,-33.00272,0.9679,4458.832,3099.874,2,2.2536,2,34.836,2,216.10455301180824,2,34.8491,2,229.197,2,1.728,2,58.6,2,25,2,0,2,0.22489,3,0.01601,2,0.02809,2,20.24206,2,2214.977186,2,2346.99,2,7.687528893,2,25,842.27,2,20
33H320240201,A13.5,75,1,6,750106,11027,2,20240303,1148,-33.00296,0.96777,4458.832,2799.953,2,2.3339,2,34.8327,2,214.93332537209773,2,34.8507,2,227.059,2,1.734,2,57.2,2,25.1,2,0,2,0.3696,3,0.02388,2,0.03484,2,19.63746,2,2212.132089,2,2342.6,2,7.685694556,2,25,851.97,2,20
33H320240201,A13.5,75,1,7,750107,-999,2,20240303,1148,-33.00273,0.96776,4458.832,2501.912,2,2.479,2,34.8281,2,211.72989422147384,2,34.8367,2,222.22,2,1.758,2,55,2,25.4,2,0,2,0,3,0.02754,2,0.04789,2,22.04046,2,2211.323973,2,2338.11,2,7.679278656,2,25,866.31,2,20
33H320240201,A13.5,75,1,8,750108,11004,2,20240303,1148,-33.0026,0.9679,4458.832,2202.725,2,2.6399,2,34.8131,2,206.41220517845832,2,34.8231,2,216.344,6,1.81,2,53.7,2,26.2,2,0,2,0,3,0.03686,2,0.05752,2,21.88284,2,2213.22308,2,2336.67,2,7.665541695,2,25,893.03,2,20
33H320240201,A13.5,75,1,9,750109,11082,2,20240303,1148,-33.00274,0.96821,4458.832,1898.746,2,2.8558,2,34.7623,2,193.4787086881936,2,34.7694,2,201.024,2,1.952,2,54.5,2,28.1,2,0.01,2,0,3,0.0702,2,0.12328,2,22.24696,2,2222.183122,2,2333.76,2,7.63662717,2,25,958.45,2,20
33H320240201,A13.5,75,1,10,750110,11115,2,20240303,1148,-33.00286,0.96823,4458.832,1601.724,2,3.0053,2,34.6169,2,173.84554993132244,2,34.624,2,179.931,2,2.233,2,60,2,32.1,2,0.01,2,0.35637,3,0.2249,2,0.43708,2,24.74792,2,2238.720305,2,2331.73,2,7.589241165,2,25,1091.36,2,20
33H320240201,A13.5,75,1,11,750111,11008,2,20240303,1148,-33.0031,0.968,4458.832,1300.9,2,3.3254,2,34.4572,2,174.97626565152095,2,34.4696,2,180.018,2,2.334,2,53.5,2,33.5,2,0.01,2,0.71468,3,0.61154,2,1.23479,2,25.47424,2,2234.241229,2,2322.81,2,7.570218036,2,25,1135.94,2,20
33H320240201,A13.5,75,1,12,750112,-999,2,20240303,1148,-33.00336,0.9681,4458.832,1050.582,2,4.0251,2,34.3214,2,197.90945825926153,2,34.3318,2,203.666,2,2.198,2,35.7,2,31.7,2,0,2,1.22145,3,1.27879,2,2.62828,2,23.80008,2,2207.267529,6,2300.99,2,7.596520851,2,25,1057.09,2,20
33H320240201,A13.5,75,1,13,750113,11058,2,20240303,1148,-33.00328,0.96764,4458.832,786.292,2,5.3057,2,34.2752,2,222.59884777558676,2,34.2819,2,228.222,2,1.912,2,16.9,2,27.5,2,0,2,2.21198,3,1.95341,2,3.92215,2,20.52584,2,2178.336549,2,2286.84,2,7.639838321,2,25,944.56,2,20
33H320240201,A13.5,75,1,14,750114,11124,2,20240303,1148,-33.00344,0.96782,4458.832,618.953,2,8.0402,2,34.5378,2,209.66051543332253,2,34.5458,6,215.406,2,1.547,2,9.8,2,21.9,2,0.03,2,2.27867,3,1.90219,2,3.71666,2,19.38752,2,2164.327644,2,2291.52,2,7.6844051,6,25,839.735,6,20
33H320240201,A13.5,75,1,15,750115,11081,2,20240303,1148,-33.00343,0.96761,4458.832,480.242,2,10.4743,2,34.8354,2,214.17410458802442,2,34.8403,2,219.735,2,1.105,2,5.1,2,15,2,0.01,2,2.52324,3,1.79495,2,3.76578,2,16.83872,2,2149.469183,2,2303.48,2,7.750021668,2,25,703.85,2,20
33H320240201,A13.5,75,1,16,750116,11126,2,20240303,1148,-33.00351,0.96765,4458.832,358.875,2,11.9638,2,35.0447,2,242.6384312289504,2,35.05,2,248.044,2,0.725,2,2.9,2,8.6,2,0.01,2,2.704255,3,1.68275,6,3.194625,6,13.07802,6,2125.373809,2,2312.88,2,7.825115297,2,25,579.74,2,20
33H320240201,A13.5,75,1,17,750117,11020,2,20240303,1148,-33.00343,0.96765,4458.832,280.043,2,13.089,2,35.1936,2,223.0161281929212,2,35.1977,2,226.721,2,0.685,2,2.8,2,7.9,2,0.01,2,2.63064,3,1.62454,2,3.0674,2,14.11983,2,2128.773885,2,2321.15,2,7.829568618,2,25,574.53,2,20
33H320240201,A13.5,75,1,18,750118,11128,2,20240303,1148,-33.0034,0.96754,4458.832,219.687,2,13.5249,2,35.2517,2,226.17132901892631,2,35.254,2,230.0465,6,0.577,2,2.2,2,6.3,2,0.01,2,2.73626,3,1.59236,2,2.91723,2,13.36848,2,2124.306849,2,2323.81,2,7.845175562,2,25,551.3,2,20
33H320240201,A13.5,75,1,19,750119,11031,2,20240303,1148,-33.00343,0.96757,4458.832,160.822,2,14.369,2,35.3727,2,225.2108752134807,2,35.384,2,229.251,2,0.494,2,2.1,2,4.9,2,0.02,2,2.72202,3,1.54761,2,2.83254,2,12.17365,2,2118.618805,2,2330.15,2,7.863195184,2,25,522.49,2,20
33H320240201,A13.5,75,1,20,750120,11122,2,20240303,1148,-33.0035,0.96752,4458.832,127.575,2,15.1063,2,35.4897,2,222.75908628299845,2,35.4944,2,-0.956,4,0.447,2,2.2,2,4,2,0.06,2,-999,5,1.62688,2,2.88945,2,12.40418,2,2116.291451,2,2336.4,2,7.884238748,2,25,502.62,2,20
33H320240201,A13.5,75,1,21,750121,11120,2,20240303,1148,-33.00363,0.96745,4458.832,101.145,2,15.9429,2,35.4614,2,242.02467284700228,2,35.4654,2,246.421,2,0.251,2,1.6,2,0.4,2,0.1,2,2.47817,3,1.43924,2,2.5066,2,10.88595,2,2096.7098,2,2336.47,2,7.919192743,2,25,450.88,2,20
33H320240201,A13.5,75,1,22,750122,11026,2,20240303,1148,-33.00368,0.96754,4458.832,59.195,2,17.99,2,35.4655,2,249.54149461076477,2,35.4721,2,253.975,2,0.153,2,0.8,2,0,2,0.01,2,2.43332,3,1.40473,2,2.66636,2,8.9931,2,2079.749413,2,2339.46,2,7.956826605,2,25,410.4,2,20
33H320240201,A13.5,75,1,23,750123,11102,2,20240303,1148,-33.00364,0.9674,4458.832,29.232,2,21.0135,2,35.5868,2,220.88231987104368,2,35.5693,2,224.674,2,0.152,2,0.8,2,0,2,0.01,2,2.43516,3,1.19574,2,2.16627,2,8.76433,2,2083.807022,6,2344.03,2,7.962464839,2,25,404.91,2,20
33H320240201,A13.5,75,1,24,750124,11023,2,20240303,1148,-33.00365,0.96762,4458.832,7.036,2,20.9794,2,35.5394,2,221.14518463689814,2,35.5425,2,224.578,2,0.148,2,0.7,2,0,2,0.01,2,2.55624,3,1.18868,2,2.03927,2,8.62851,2,2081.428869,2,2341.72,2,7.964170585,2,25,405.74,2,20
33H320240201,A13.5,76,2,1,760201,11113,2,20240304, 0245,-33.50241,1.09366,4716.465,4716.465,2,1.1498,2,34.721,2,204.08765843879283,2,34.7332,2,214.377,2,2.148,2,106.6,2,30.6,2,0.01,2,0.26036,3,0.09539,2,0.17487,2,19.7394,2,2262.531165,2,2371.711112,2,7.63133192,2,25,983.61,2,20
33H320240201,A13.5,76,2,2,760202,11067,2,20240304, 0245,-33.5022,1.09398,4716.465,4226.121,2,1.1953,2,34.7309,2,203.6434959399423,2,34.7428,2,214.749,2,2.107,2,102.9,2,30.2,2,0.01,2,0.32674,3,0.07487,2,0.14084,2,19.9425,2,2256.306269,6,2371.530755,2,7.635755677,2,25,976.24,2,20
33H320240201,A13.5,76,2,3,760203,11052,2,20240304, 0245,-33.50217,1.09427,4716.465,3775.088,2,1.7068,2,34.7836,2,208.23959032163987,2,34.7948,2,220.633,2,1.931,2,82,2,27.6,2,0.01,2,0.28873,3,0.03927,2,0.06909,2,18.48139,2,2237.719549,2,2359.927756,2,7.663018977,2,25,908.58,2,20
33H320240201,A13.5,76,2,4,760204,11118,2,20240304, 0245,-33.50235,1.09387,4716.465,3549.06,2,2.0258,2,34.8188,2,212.54925201585155,2,34.8306,2,225.534,2,1.795,2,68.2,2,25.8,2,0.02,2,0,3,0.02346,2,0.0404,2,17.43356,2,2225.488172,2,2355.388759,2,7.682087231,2,25,862.49,2,20
33H320240201,A13.5,76,2,5,760205,11136,2,20240304, 0245,-33.50255,1.09354,4716.465,3299.253,2,2.1745,2,34.8278,2,214.2796108506754,2,34.8455,2,227.375,2,1.769,6,63,6,25.3,6,0.01,6,0.15543,3,0.02127,2,0.03663,2,17.20585,2,2218.348045,2,2348.745591,2,7.685150671,2,25,855.3,2,20
33H320240201,A13.5,76,2,6,760206,11027,2,20240304, 0245,-33.50278,1.09362,4716.465,3001.618,2,2.2924,2,34.8282,2,213.61242305929656,2,34.8403,6,225.753,2,1.761,6,59.9,6,25.2,6,0.01,6,0.076275,3,0.02436,6,0.042965,6,17.50436,6,2216.535426,2,2345.048262,2,7.681996297,2,25,860.33,2,20
33H320240201,A13.5,76,2,7,760207,-999,2,20240304, 0245,-33.50327,1.09365,4716.465,2700.425,2,2.4272,2,34.8251,2,211.59911968947904,2,34.8347,2,222.534,2,1.774,6,57.5,6,25.4,6,0.01,6,0.15684,3,0.03004,2,0.05342,2,17.97429,2,2215.193762,2,2343.986157,2,7.678458561,2,25,870.53,2,20
33H320240201,A13.5,76,2,8,760208,11004,2,20240304, 0245,-33.50315,1.0934,4716.465,2398.693,2,2.5889,2,34.8081,2,205.4387569838833,2,34.8184,2,215.862,2,1.824,6,56.3,6,26.1,6,0.01,6,0,3,0.04358,2,0.0869,2,18.39586,2,2217.544186,2,2338.575432,2,7.665260697,2,25,899.18,2,20
33H320240201,A13.5,76,2,9,760209,11082,2,20240304, 0245,-33.5033,1.09322,4716.465,2095.921,2,2.7097,2,34.7623,2,195.48388578264766,2,34.7733,2,204.0495,6,1.942,2,57.8,2,27.7,2,0.01,2,0,3,0.08104,2,0.16076,2,19.81532,2,2223.556985,2,2337.312929,2,7.644366572,2,25,955.29,2,20
33H320240201,A13.5,76,2,10,760210,11115,2,20240304, 0245,-33.50369,1.09301,4716.465,1798.456,2,2.8267,2,34.6867,2,183.10304169359296,2,34.71,6,190.477,2,2.104,2,59.8,2,30,2,0.01,2,0.1715,3,0.1416,2,0.30344,2,21.09291,2,2234.320779,2,2337.152612,6,7.611293655,6,25,1032.83,2,20
33H320240201,A13.5,76,2,11,760211,11008,2,20240304, 0245,-33.50375,1.09266,4716.465,1497.443,2,2.9914,2,34.5436,2,173.2423960411951,2,34.5548,2,178.237,2,2.303,2,60.4,2,33,2,0.01,2,0.33587,3,0.37413,2,0.79498,2,22.52756,2,2242.031122,2,2332.473337,2,7.574056365,2,25,1127.26,2,20
33H320240201,A13.5,76,2,12,760212,-999,2,20240304, 0245,-33.50426,1.09248,4716.465,1252.615,2,3.4849,2,34.405,2,181.0414004805883,2,34.4145,2,186.499,2,2.322,2,49.2,2,33.2,2,0.01,2,-999,5,0.81814,2,1.81107,2,22.68562,2,2228.531453,6,2317.513684,2,7.578844853,2,25,1123.58,2,20
33H320240201,A13.5,76,2,13,760213,11058,2,20240304, 0245,-33.50467,1.09252,4716.465,953.098,2,4.3968,2,34.2514,2,219.22838600677755,2,34.2765,2,224.708,2,2.067,2,24.5,2,29.5,2,0.02,2,-999,5,1.75534,2,3.68363,2,19.81924,2,2191.003284,2,2291.642403,2,7.622375234,2,25,989.955,6,20
33H320240201,A13.5,76,2,14,760214,11124,2,20240304, 0245,-33.50514,1.09263,4716.465,735.078,2,7.0645,2,34.4528,2,201.66124453407298,2,34.4736,2,205.88,2,1.751,2,14.8,2,25,2,0.02,2,-999,5,1.74447,2,-999,2,19.3364,2,2177.902659,2,2291.90292,2,7.649008819,2,25,913.83,2,20
33H320240201,A13.5,76,2,15,760215,11081,2,20240304, 0245,-33.50545,1.0926,4716.465,561.766,2,9.9179,2,34.7584,2,205.68063781957466,2,34.7645,2,210.515,2,1.257,2,7.3,2,17.2,2,0.02,2,2.48738,3,1.79512,2,3.536,2,14.24787,2,2155.827762,2,2301.201351,2,7.727869412,2,25,752.67,2,20
33H320240201,A13.5,76,2,16,760216,11126,2,20240304, 0245,-33.50568,1.09268,4716.465,440.18,2,11.9001,2,35.0246,2,209.89554548304017,2,35.0321,2,214.95,2,0.951,2,4.7,2,12.1,2,0.02,2,2.18331,3,1.68547,2,3.20419,2,12.32089,2,2144.067274,2,2312.393535,2,7.784848118,2,25,648.9,2,20
33H320240201,A13.5,76,2,17,760217,11020,2,20240304, 0245,-33.50594,1.09274,4716.465,330.015,2,13.2894,2,35.2283,2,229.13181370239238,2,35.2338,2,234.694,2,0.61,2,2.7,2,6.3,2,0.02,2,2.58084,3,1.59897,2,3.02732,2,11.25782,2,2128.041965,2,2323.245045,2,7.839688066,2,25,556.42,2,20
33H320240201,A13.5,76,2,18,760218,11128,2,20240304, 0245,-33.50598,1.09296,4716.465,259.746,2,14.0198,2,35.3438,2,224.68169657049836,2,35.3518,2,228.726,2,0.557,2,2.8,2,5.5,2,0.03,2,2.39088,3,1.54395,2,2.91473,2,10.48289,2,2124.243353,2,2329.046544,2,7.855766925,2,25,535.17,2,20
33H320240201,A13.5,76,2,19,760219,11031,2,20240304, 0245,-33.50607,1.09312,4716.465,201.067,2,14.8661,2,35.4845,2,224.43238795476145,2,35.4961,2,228.055,6,0.46,2,2.7,2,4.3,2,0.03,2,2.38806,3,1.48906,2,2.81714,2,9.09058,2,2117.842752,2,2335.218779,2,7.878149154,2,25,505.86,2,20
33H320240201,A13.5,76,2,20,760220,11122,2,20240304, 0245,-33.50607,1.0926,4716.465,140.433,2,15.6453,2,35.5749,2,221.4612056695531,2,35.5834,2,225.675,2,0.42,2,2.5,2,3,2,0.1,2,2.48867,3,1.45159,2,2.72219,2,8.81932,2,2116.742441,2,2339.697656,2,7.897488964,2,25,486.13,2,20
33H320240201,A13.5,76,2,21,760221,11120,2,20240304, 0245,-33.50599,1.09232,4716.465,110.844,2,16.2049,2,35.5989,2,229.8453696506491,2,35.6014,2,234.257,2,0.311,2,2.1,2,0.9,2,0.19,2,2.45937,3,1.42326,2,2.63747,2,8.36073,2,2104.473937,2,2342.463138,2,7.912958759,2,25,458.71,2,20
33H320240201,A13.5,76,2,22,760222,11026,2,20240304, 0245,-33.50593,1.09249,4716.465,77.593,2,18.3147,2,35.6612,2,246.60743428821735,2,35.6684,2,250.646,2,0.161,2,1.5,2,0.1,2,0.02,2,2.56106,3,1.37478,2,2.52627,2,7.46133,2,2085.704069,2,2346.010169,2,7.963103798,2,25,405.15,2,20
33H320240201,A13.5,76,2,23,760223,11102,2,20240304, 0245,-33.50592,1.09269,4716.465,48.068,2,21.1958,2,35.8887,2,218.90051261864667,2,35.9075,2,222.304,2,0.168,2,1.4,2,0.1,2,0.01,2,2.02253,3,1.1629,2,2.04645,2,6.42386,2,2092.747327,2,2360.809503,2,7.969843685,2,25,395.99,2,20
33H320240201,A13.5,76,2,24,760224,11023,2,20240304, 0245,-33.50634,1.09252,4716.465,4.393,2,21.1909,2,35.8889,2,219.11802096084855,2,35.912,2,222.38,2,0.153,2,1.4,2,0.1,2,0.02,2,2.50003,3,1.16992,2,2.09225,2,6.51217,2,2093.060902,6,2359.717339,2,7.969832595,6,25,395.62,2,20
33H320240201,A13.5,77,1,1,770101,11113,2,20240304, 0945,-33.99782,1.26682,4787.876,4787.876,2,1.1491,2,34.7203,2,203.8009801787497,2,34.7312,2,215.576,2,2.134,2,108.2,2,30.6,2,0.01,2,0.23402,3,0.09364,2,0.17875,2,17.8166,2,2260.950442,6,2368.404558,2,7.63133806,2,25,983.16,2,20
33H320240201,A13.5,77,1,2,770102,11067,2,20240304, 0945,-33.99786,1.26676,4787.876,4348.561,2,1.1836,2,34.7286,2,203.54810911778188,2,34.7413,6,214.8,2,2.107,2,104.8,2,30.3,2,0,2,0.16619,3,0.07412,2,0.14638,2,17.99821,2,2256.253008,2,2370.137994,2,7.635080276,2,25,979.61,2,20
33H320240201,A13.5,77,1,3,770103,11052,2,20240304, 0945,-33.99776,1.26636,4787.876,3899.548,2,1.5756,2,34.7672,2,205.8808577427047,2,34.7771,2,218.656,2,1.979,2,88.4,2,28.4,2,0.01,2,0.39245,3,0.04473,2,0.07755,2,17.18021,2,2243.470551,2,2361.140159,2,7.653420018,6,25,931.33,2,20
33H320240201,A13.5,77,1,4,770104,11118,2,20240304, 0945,-33.9978,1.26632,4787.876,3549.178,2,2.0796,2,34.8196,2,211.75485803692044,2,34.8323,2,225.095,2,1.796,2,68.2,2,25.8,2,0,2,0.32061,3,0.02367,2,0.03804,2,16.15323,2,2225.108525,2,2353.975958,2,7.683324939,2,25,863.23,2,20
33H320240201,A13.5,77,1,5,770105,11136,2,20240304, 0945,-33.99776,1.2663,4787.876,3199.704,2,2.258,2,34.8289,2,213.54218896153338,2,34.8385,2,227.059,2,1.744,6,61.6,6,25.2,6,0,6,0.32828,3,0.02111,2,0.03762,2,16.00191,2,2219.01638,2,2348.06424,2,7.68163908,2,25,857.1,2,20
33H320240201,A13.5,77,1,6,770106,11027,2,20240304, 0945,-33.99761,1.26642,4787.876,2900.837,2,2.3932,2,34.8297,2,212.14526127362012,2,34.8431,2,224.372,2,1.747,6,57.5,6,25.2,6,0,6,0.22958,3,0.02018,2,0.02658,2,16.17723,2,2216.391339,2,2344.938044,2,7.685294019,2,25,862.3,2,20
33H320240201,A13.5,77,1,7,770107,-999,2,20240304, 0945,-33.99769,1.26651,4787.876,2598.211,2,2.5264,2,34.82,2,208.58609289076858,2,34.83,2,219.639,2,1.765,6,56,6,25.6,6,0,6,0,3,0.03205,2,0.05885,2,17.2675,2,2216.279399,2,2340.84994,2,7.671442665,2,25,880.66,2,20
33H320240201,A13.5,77,1,8,770108,11004,2,20240304, 0945,-33.9978,1.26654,4787.876,2300.39,2,2.7527,2,34.8117,2,203.66380684447282,2,34.8222,2,213.666,2,1.809,6,52.5,6,26.1,6,0,6,0.40795,3,0.03275,2,0.05896,2,17.77084,2,2217.534081,2,2337.673644,2,7.661830764,2,25,899.49,2,20
33H320240201,A13.5,77,1,9,770109,11082,2,20240304, 0945,-33.99788,1.2666,4787.876,2001.886,2,2.8744,2,34.7604,2,191.32389178112484,2,34.7691,2,199.293,2,1.957,2,55.6,2,28,2,0,2,0,3,0.06742,2,0.12588,2,18.32298,2,2226.488314,2,2335.509355,2,7.636878137,2,25,966.83,6,20
33H320240201,A13.5,77,1,10,770110,11115,2,20240304, 0945,-33.99795,1.26638,4787.876,1700.283,2,2.9009,2,34.6378,2,174.33221741446033,2,34.6476,2,180.161,2,2.201,2,63.2,2,31.6,2,0.01,2,0.25895,3,0.19001,2,0.40461,2,20.34393,2,2243.591463,2,2336.100526,2,7.61696825,2,25,1088.29,2,20
33H320240201,A13.5,77,1,11,770111,11008,2,20240304, 0945,-33.99788,1.26624,4787.876,1401.494,2,3.1432,2,34.4785,2,173.72730460257606,2,34.4865,6,178.728,2,2.339,2,58.2,2,33.5,2,0.01,2,0.733705,3,0.53413,6,1.19802,6,21.229235,6,2242.339426,2,2325.469454,2,7.569159008,2,25,1145.79,2,20
33H320240201,A13.5,77,1,12,770112,-999,2,20240304, 0945,-33.99783,1.26616,4787.876,1149.39,2,3.6107,2,34.3224,2,197.17088885329926,2,34.329,2,202.762,2,2.237,2,40.9,2,32.2,2,0.01,2,2.08506,3,1.19011,2,2.73248,2,20.15731,2,2216.582266,2,2309.397597,2,7.590316308,2,25,1079.98,2,20
33H320240201,A13.5,77,1,13,770113,11058,2,20240304, 0945,-33.9978,1.26618,4787.876,899.416,2,5.0728,2,34.3112,2,207.6076279690563,2,34.3164,2,214.174,2,2.022,2,24,2,29,2,0.01,2,2.34431,3,1.66864,2,3.68666,2,18.59191,2,2192.282832,6,2293.115323,2,7.621194365,2,25,988.89,2,20
33H320240201,A13.5,77,1,14,770114,11124,2,20240304, 0945,-33.99796,1.26605,4787.876,660.441,2,8.4007,2,34.5809,2,205.4418183575572,2,34.5882,2,210.203,2,1.514,2,10.2,2,21.2,2,0.01,2,2.35942,3,1.87075,2,3.92227,2,16.14343,2,2160.619272,2,2297.113247,2,7.687473084,2,25,832.35,2,20
33H320240201,A13.5,77,1,15,770115,11081,2,20240304, 0945,-33.99795,1.26544,4787.876,510.852,2,10.4923,2,34.8326,2,208.00733623502114,2,34.8408,2,212.606,2,1.16,2,6.4,2,15.5,2,0.01,2,2.25935,3,1.79778,2,3.96875,2,15.04999,2,2154.756615,2,2305.309494,2,7.747294547,2,25,718.27,2,20
33H320240201,A13.5,77,1,16,770116,11126,2,20240304, 0945,-33.99788,1.26597,4787.876,399.36,2,12.3716,2,35.0932,2,213.10072908285625,2,35.0981,2,217.91,2,0.84,2,4.1,2,10.4,2,0.01,2,2.34709,3,1.65517,2,3.3022,2,13.09511,2,2142.547855,2,2318.124896,6,7.800501411,6,25,622.87,2,20
33H320240201,A13.5,77,1,17,770117,11020,2,20240304, 0945,-33.99794,1.2662,4787.876,300.637,2,13.7491,2,35.3019,2,226.96922645222523,2,35.3159,2,232.198,2,0.575,2,2.7,2,5.6,2,0.02,2,2.6625,3,1.57387,2,2.97998,2,10.92757,2,2124.680056,2,2327.93434,2,7.855095779,2,25,542.68,2,20
33H320240201,A13.5,77,1,18,770118,11128,2,20240304, 0945,-33.99808,1.26634,4787.876,240.096,2,14.2324,2,35.3787,2,224.70307872460634,2,35.3854,2,229.438,2,0.531,2,2.7,2,5.1,2,0.02,2,2.74022,3,1.54284,2,2.95211,2,10.79177,2,2124.010677,2,2330.669762,2,7.860494848,2,25,528.82,2,20
33H320240201,A13.5,77,1,19,770119,11031,2,20240304, 0945,-33.99816,1.26646,4787.876,181.57,2,14.9574,2,35.4945,2,222.92954463478662,2,35.4995,2,227.188,2,0.473,2,2.7,2,4.3,2,0.02,2,2.49384,3,1.49443,2,2.83067,2,10.0968,2,2119.617305,2,2337.24279,2,7.877389217,2,25,504.91,2,20
33H320240201,A13.5,77,1,20,770120,11122,2,20240304, 0945,-33.99838,1.26632,4787.876,90.152,2,16.802,2,35.6508,2,237.4064400746002,2,35.6544,2,242.493,2,0.242,2,2.1,2,0.2,2,0.05,2,2.45408,3,1.41088,2,2.6201,2,9.00907,2,2097.516589,2,2346.020189,2,7.936236032,2,25,434.26,2,20
33H320240201,A13.5,77,1,21,770121,11120,2,20240304, 0945,-33.99837,1.26626,4787.876,70.01,2,18.5792,2,35.7522,2,244.15533324452798,2,35.7536,2,248.648,2,0.183,2,1.8,2,0,2,0.01,2,2.40981,3,1.35671,2,2.42098,2,8.34091,2,2090.915054,2,2352.523078,2,7.964870559,2,25,404.79,2,20
33H320240201,A13.5,77,1,22,770122,11026,2,20240304, 0945,-33.99838,1.2662,4787.876,50.782,2,21.4331,2,35.9371,2,218.35332546716643,2,35.9405,2,223.464,2,0.155,2,1.6,2,0,2,0.01,2,2.20227,3,1.16007,2,2.31468,2,7.64034,2,2093.177413,2,2365.799394,2,7.978930881,2,25,392.94,2,20
33H320240201,A13.5,77,1,23,770123,11102,2,20240304, 0945,-33.9982,1.26626,4787.876,29.46,2,21.445,2,35.9417,2,218.4273456,2,35.949,2,221.63,2,0.159,2,1.6,2,0,2,0.01,2,1.8884,3,0.94761,2,1.64716,2,6.08508,2,2094.811929,6,2361.941748,2,7.976297086,2,25,393.75,2,20
33H320240201,A13.5,77,1,24,770124,11023,2,20240304, 0945,-33.99798,1.26618,4787.876,5.349,2,21.4435,2,35.942,2,218.62761636354222,2,35.9568,2,221.399,2,0.148,2,1.6,2,0,2,0.01,2,2.2058,3,1.15716,2,1.99323,2,7.69044,2,2094.336226,2,2363.715263,2,7.974785281,2,25,392.77,2,20
33H320240201,A13.5,78,1,1,780101,11113,2,20240304,1650,-34.50356,1.15936,4962.821,4962.821,2,1.1637,2,34.7199,2,203.6448164958899,2,34.7356,2,-999,5,2.138,6,107.4,6,30.6,6,0.01,6,0,3,0.09351,2,0.20928,2,20.00045,2,2261.172557,2,2369.316365,2,7.633744214,2,25,982.56,2,20
33H320240201,A13.5,78,1,2,780102,11067,2,20240304,1650,-34.50361,1.15924,4962.821,4550.276,2,1.1542,2,34.7239,2,202.80543674937826,2,34.7368,2,214.318,2,2.116,6,106.1,6,30.5,6,0,6,0,3,0.08085,2,0.18027,2,20.17488,2,2257.494112,6,2368.715174,2,7.634138533,2,25,982.72,2,20
33H320240201,A13.5,78,1,3,780103,11052,2,20240304,1650,-34.5036,1.15924,4962.821,4150.146,2,1.2927,2,34.7398,2,203.45223903532946,2,34.7517,6,216.099,2,2.075,6,99.5,6,29.8,6,0,6,0.1507,3,0.06441,2,0.13881,2,19.62598,2,2251.119309,2,2364.707229,2,7.642240527,2,25,964.61,2,20
33H320240201,A13.5,78,1,4,780104,11118,2,20240304,1650,-34.50326,1.16,4962.821,3774.815,2,1.7865,2,34.7851,2,206.60680964334998,2,34.7975,2,219.905,2,1.92,6,80.7,6,27.6,6,0,6,0,3,0.03497,2,0.08272,2,19.36795,2,2234.200908,2,2356.230427,2,7.665064097,2,25,911.45,2,20
33H320240201,A13.5,78,1,5,780105,11136,2,20240304,1650,-34.50364,1.15956,4962.821,3426.686,2,2.1619,2,34.8246,2,212.0161188896423,2,34.8391,2,225.806,2,1.762,2,64.6,2,25.6,2,0,2,0,3,0.01867,2,0.04691,2,18.49751,2,2221.21028,2,2351.040139,2,7.68740983,2,25,859.61,2,20
33H320240201,A13.5,78,1,6,780106,11027,2,20240304,1650,-34.50344,1.15924,4962.821,3099.939,2,2.3116,2,34.8315,2,212.96912462857975,2,34.8642,2,226.066,2,1.732,2,59.3,2,25.1,2,0,2,0.27025,3,0.01667,2,0.0422,2,18.30232,2,2215.154196,2,2346.160467,2,7.682766905,2,25,854.79,2,20
33H320240201,A13.5,78,1,7,780107,-999,2,20240304,1650,-34.50306,1.15895,4962.821,2798.321,2,2.4469,2,34.8308,2,211.7679898511243,2,34.8416,2,-999,5,1.744,2,56.3,2,25.1,2,0.01,2,0.35524,3,0.02046,2,0.04577,2,18.35866,2,2213.183815,2,2342.392999,2,7.680184655,2,25,860.11,2,20
33H320240201,A13.5,78,1,8,780108,11004,2,20240304,1650,-34.50264,1.15854,4962.821,2501.203,2,2.5911,2,34.821,2,207.39646035173433,2,34.8354,2,219.291,2,1.781,2,54.7,2,25.7,2,0.01,2,0.18546,3,0.02482,2,0.06202,2,18.9201,2,2214.252437,2,2338.946167,2,7.668890534,2,25,882.22,2,20
33H320240201,A13.5,78,1,9,780109,11082,2,20240304,1650,-34.50262,1.1579,4962.821,2201.538,2,2.7414,2,34.7926,2,198.59549853443127,2,34.8035,2,209.439,2,1.859,2,55.3,2,27,2,0,2,0.22342,3,0.04594,2,0.0924,2,19.76114,2,2218.468963,2,2336.501321,2,7.650255709,2,25,925.85,2,20
33H320240201,A13.5,78,1,10,780110,11115,2,20240304,1650,-34.50248,1.15754,4962.821,1899.581,2,2.8713,2,34.7242,2,185.31039413573419,2,34.7568,2,193.529,2,2.035,2,58.5,2,29.3,2,0.01,2,0.25801,3,0.09595,2,0.21076,2,21.74479,2,2229.925688,2,2334.467289,2,7.619945736,2,25,1005.27,2,20
33H320240201,A13.5,78,1,11,780111,11008,2,20240304,1650,-34.50208,1.15749,4962.821,1600.996,2,2.9086,2,34.5816,2,174.29214222025772,2,34.595,2,179.861,6,2.251,2,61.4,2,32.3,2,0.01,2,0.43613,3,0.29531,2,0.64028,2,22.79903,2,2241.172164,2,2331.852105,2,7.580406197,6,25,1108.04,2,20
33H320240201,A13.5,78,1,12,780112,-999,2,20240304,1650,-34.50196,1.15689,4962.821,1300.139,2,3.4105,2,34.442,2,175.58393566793916,2,34.4537,2,180.471,2,2.313,2,52.2,2,33.4,2,0.01,2,1.21829,3,0.66184,2,1.4483,2,21.55778,2,2231.57123,6,2317.132929,2,7.574841972,2,25,1133.54,6,20
33H320240201,A13.5,78,1,13,780113,11058,2,20240304,1650,-34.50159,1.15647,4962.821,1050.865,2,4.0149,2,34.3204,2,197.5529088665644,2,34.3421,2,202.359,2,2.187,2,36.1,2,31.7,2,0,2,1.51936,3,1.19502,2,2.59196,2,19.54809,2,2208.134827,2,2302.71435,2,7.597818061,2,25,1060.2,2,20
33H320240201,A13.5,78,1,14,780114,11124,2,20240304,1650,-34.50145,1.15682,4962.821,810.226,2,5.5504,2,34.3124,2,215.65022120050318,2,34.3195,2,221.448,2,1.899,2,18.3,2,27.4,2,0.01,2,2.42892,3,1.93716,2,4.12525,2,21.30365,2,2179.020224,2,2287.383962,2,7.635913537,2,25,949.8,2,20
33H320240201,A13.5,78,1,15,780115,11081,2,20240304,1650,-34.5015,1.15654,4962.821,619.225,2,8.9075,2,34.6392,2,206.45320818966545,2,34.6515,6,211.031,2,1.408,2,9,2,19.7,2,0.01,2,2.16837,3,1.85597,2,3.83729,2,17.27168,2,2163.808075,2,2296.993009,2,7.703366096,2,25,802.81,2,20
33H320240201,A13.5,78,1,16,780116,11126,2,20240304,1650,-34.5014,1.15656,4962.821,481.021,2,11.3274,2,34.95,2,210.03769666252649,2,34.9638,2,215.004,2,1.013,2,5.3,2,13.5,2,0.01,2,2.30399,3,1.77159,2,3.48387,2,14.09947,2,2145.215266,2,2307.323486,2,7.770138961,2,25,674.83,2,20
33H320240201,A13.5,78,1,17,780117,11020,2,20240304,1650,-34.50117,1.1564,4962.821,360.435,2,13.032,2,35.1706,2,212.88053770495077,2,35.1787,2,217.164,2,0.765,2,3.8,2,9.1,2,0.01,2,2.48506,3,1.66281,2,3.24514,2,12.61507,2,2134.148226,2,2318.305253,6,7.815873552,6,25,598.45,2,20
33H320240201,A13.5,78,1,18,780118,11128,2,20240304,1650,-34.50096,1.15646,4962.821,280.784,2,13.9329,2,35.3292,2,223.73601155376628,2,35.3346,2,227.042,2,0.565,2,3.1,2,5.9,2,0.02,2,2.4076,3,1.5627,2,2.98526,2,10.70994,2,2124.505538,2,2325.309136,2,7.852713869,2,25,542.18,2,20
33H320240201,A13.5,78,1,19,780119,11031,2,20240304,1650,-34.50078,1.15644,4962.821,220.76,2,14.7897,2,35.4769,2,225.5874269074313,2,35.4822,2,230.404,2,0.459,2,2.7,2,4.2,2,0.02,2,2.38098,3,1.50581,6,2.849295,6,9.35712,6,2117.984932,2,2332.403198,2,7.87870003,2,25,506.16,2,20
33H320240201,A13.5,78,1,20,780120,11122,2,20240304,1650,-34.50063,1.1563,4962.821,160.056,2,15.3517,2,35.5417,2,220.49511844637328,2,35.5469,2,224.427,2,0.455,2,2.7,2,3.9,2,0.04,2,2.5948,3,1.46289,2,2.8772,2,9.59389,2,2117.160731,2,2336.53138,2,7.885208726,2,25,496.7,2,20
33H320240201,A13.5,78,1,21,780121,11120,2,20240304,1650,-34.5004,1.15626,4962.821,100.932,2,16.7738,2,35.6593,2,234.95727108053035,2,35.6644,2,240.054,6,0.243,2,2.2,2,0.2,2,0.05,2,2.57373,3,1.39939,2,2.7384,2,9.36095,2,2097.89279,2,2344.51721,2,7.931302394,2,25,435.43,2,20
33H320240201,A13.5,78,1,22,780122,11026,2,20240304,1650,-34.50027,1.15621,4962.821,70.56,2,18.7107,2,35.6669,2,246.1949366,2,35.6685,2,250.488,2,0.159,2,1.3,2,0,2,0.01,2,2.40506,3,1.36018,2,2.70124,2,7.35133,2,2083.826688,6,2345.278719,2,7.968248355,2,25,400.2,2,20
33H320240201,A13.5,78,1,23,780123,11102,2,20240304,1650,-34.50022,1.15593,4962.821,29.419,2,21.1206,2,35.8604,2,219.82430000828623,2,35.8627,2,223.179,2,0.165,2,1.5,2,0,2,0.01,2,2.01263,3,1.14918,2,2.16175,2,6.29779,2,2090.465289,2,2356.490943,2,7.96803347,2,25,397.17,2,20
33H320240201,A13.5,78,1,24,780124,11023,2,20240304,1650,-34.50006,1.15574,4962.821,4.034,2,21.1082,2,35.8581,2,219.78909393092874,2,35.8611,2,223.16,2,0.148,2,1.5,2,0,2,0.01,2,2.25377,3,1.18049,2,2.26849,2,6.35997,2,2090.833555,2,2359.917736,2,7.96824372,2,25,396.77,2,20
33H320240201,A13.5,79,1,1,790101,11113,2,20240306,1406,-34.99242,1.08766,4914.348,4914.348,2,1.1655,2,34.7206,2,203.6577649879631,2,34.7348,2,215.308,2,2.141,6,107,6,30.8,6,0.01,6,0,3,0.08803,2,0.16822,2,21.11868,2,2257.651344,6,2371.1,2,7.633693263,2,25,981.68,2,20
33H320240201,A13.5,79,1,2,790102,11067,2,20240306,1406,-34.99248,1.08698,4914.348,4549,2,1.1927,2,34.7274,2,203.08783886002814,2,34.7444,2,215.246,2,2.118,6,104.4,6,30.5,6,0.01,6,0,3,0.07546,2,0.13783,2,21.94344,2,2254.707502,2,2369.26,2,7.638361158,2,25,977.52,2,20
33H320240201,A13.5,79,1,3,790103,11052,2,20240306,1406,-34.99291,1.08648,4914.348,4050.256,2,1.4912,2,34.7605,2,205.4157625240416,2,34.7709,2,218.821,2,1.996,6,91,6,28.9,6,0.01,6,0.20478,5,0.04985,6,0.090545,6,20.54568,6,2242.864328,2,2364.57,6,7.656370563,6,25,934.54,2,20
33H320240201,A13.5,79,1,4,790104,11118,2,20240306,1406,-34.99304,1.08697,4914.348,3675.779,2,1.9803,2,34.8054,2,209.4178833,2,34.8176,2,222.769,2,1.831,6,71.8,6,26.7,6,0.01,6,0,3,0.02957,2,0.04273,2,19.68046,2,2225.907948,2,2356.41,2,7.6744598,2,25,883.325,6,20
33H320240201,A13.5,79,1,5,790105,11136,2,20240306,1406,-34.99311,1.08715,4914.348,3300.475,2,2.2518,2,34.8302,2,213.1160421556904,2,34.8417,2,227.001,2,1.751,2,60.7,2,25.5,2,0.01,2,0.21498,3,0.01588,2,0.03411,2,18.75366,2,2214.665045,2,2346.9,2,7.685922506,2,25,852.71,2,20
33H320240201,A13.5,79,1,6,790106,11027,2,20240306,1406,-34.99294,1.08698,4914.348,3000.071,2,2.3706,2,34.8312,2,213.39603002192712,2,34.8405,2,226.356,2,1.742,2,57.3,2,25.3,2,0.01,2,0.2215,3,0.0224,2,0.02926,2,18.62401,2,2211.059552,2,2344.96,2,7.684707075,2,25,856.61,2,20
33H320240201,A13.5,79,1,7,790107,-999,2,20240306,1406,-34.99252,1.08699,4914.348,2698.904,2,2.5072,2,34.8247,2,210.05368794687254,2,34.8342,2,221.169,2,1.761,2,55.2,2,25.6,2,0,2,0.23296,3,0.02734,2,0.04529,2,18.84531,2,2211.67182,2,2340.32,2,7.676040398,2,25,870.87,2,20
33H320240201,A13.5,79,1,8,790108,11004,2,20240306,1406,-34.99245,1.08619,4914.348,2400.615,2,2.6807,2,34.8149,2,205.20897685515914,2,34.8296,6,216.209,2,1.801,2,52.8,2,26,2,0,2,0.36579,3,0.03064,2,0.05313,2,19.22963,2,2211.242808,2,2338.08,2,7.670986715,2,25,892.24,2,20
33H320240201,A13.5,79,1,9,790109,11082,2,20240306,1406,-34.99265,1.08629,4914.348,2101.158,2,2.8097,2,34.7728,2,194.9755580005975,2,34.781,2,203.552,2,1.907,2,54.5,2,27.6,2,0.01,2,0.30815,3,0.06236,2,0.10766,2,20.75794,2,2219.525982,2,2337.65,2,7.645719765,2,25,946.75,2,20
33H320240201,A13.5,79,1,10,790110,11115,2,20240306,1406,-34.99276,1.08696,4914.348,1800.154,2,2.9246,2,34.7022,2,184.3713919,2,34.7121,2,191.998,2,2.06,2,56.8,2,29.8,2,0.01,2,0.34194,3,0.11943,2,0.22262,2,22.18697,2,2229.321579,2,2336.63,2,7.619615617,2,25,1015.24,2,20
33H320240201,A13.5,79,1,11,790111,11008,2,20240306,1406,-34.99317,1.08692,4914.348,1502.024,2,3.1367,2,34.5965,2,173.9112103598081,2,34.6034,2,179.503,2,2.246,2,56,2,32.1,2,0.02,2,0.36623,3,0.25674,2,0.47664,2,23.45387,2,2234.576872,2,2331,2,7.59428874,2,25,1093.16,2,20
33H320240201,A13.5,79,1,12,790112,-999,2,20240306,1406,-34.99334,1.08708,4914.348,1251.437,2,3.4118,2,34.4492,2,176.00027532143594,2,34.4557,2,180.787,6,2.314,2,50.7,2,33.4,2,0.01,2,1.08519,3,0.64068,2,1.24667,2,24.15929,2,2230.35533,2,2321.54,2,7.57618126,2,25,1127.47,2,20
33H320240201,A13.5,79,1,13,790113,11058,2,20240306,1406,-34.9937,1.08686,4914.348,950.723,2,4.2647,2,34.3039,2,202.99946545645236,2,34.307,2,210.164,2,2.178,2,30.7,2,31,2,0.01,2,1.88547,3,1.43181,2,2.3573,2,21.43165,2,2199.682768,6,2300.93,2,7.607820224,2,25,1034.6,2,20
33H320240201,A13.5,79,1,14,790114,11124,2,20240306,1406,-34.9936,1.08707,4914.348,752.265,2,5.7755,2,34.3454,2,208.82802755103765,2,34.3498,2,214.349,2,1.919,2,18.3,2,27.6,2,0.01,2,1.82629,3,1.87899,2,3.45833,2,19.87223,2,2181.848565,2,2293.07,2,7.634168935,2,25,957.47,2,20
33H320240201,A13.5,79,1,15,790115,11081,2,20240306,1406,-34.99372,1.08694,4914.348,560.389,2,8.4761,2,34.5921,2,203.09822499287225,2,34.5994,2,207.071,2,1.515,2,10,2,21.4,2,0.01,2,2.18011,3,1.89818,2,3.39854,2,18.91323,2,2165.960337,2,2295.52,2,7.691117461,2,25,835.33,2,20
33H320240201,A13.5,79,1,16,790116,11126,2,20240306,1406,-34.99369,1.08699,4914.348,441.28,2,10.3068,2,34.812,2,208.82174571842955,2,34.8148,2,213.99,2,1.171,2,6,2,16.2,2,0.01,2,2.3514,3,1.86755,2,3.30403,2,16.30053,2,2150.30288,2,2303.93,6,7.743417475,6,25,725.28,2,20
33H320240201,A13.5,79,1,17,790117,11020,2,20240306,1406,-34.99372,1.08699,4914.348,329.657,2,11.9392,2,35.0244,2,205.96452126472792,2,35.0351,2,210.748,2,0.959,2,4.7,2,12.8,2,0.01,2,2.28779,3,1.74615,2,3.04622,2,15.04116,2,2143.332811,2,2309.31,2,7.780399555,2,25,658.615,6,20
33H320240201,A13.5,79,1,18,790118,11128,2,20240306,1406,-34.994,1.08685,4914.348,275.632,2,12.9165,2,35.1868,2,217.04087194794218,2,35.1958,2,221.715,2,0.729,2,2.9,2,8.9,2,0.01,2,2.78048,3,1.66844,2,2.89356,2,13.56144,2,2132.904717,2,2323.49,2,7.824731549,2,25,591.46,2,20
33H320240201,A13.5,79,1,19,790119,11031,2,20240306,1406,-34.99418,1.08684,4914.348,200.758,2,13.5595,2,35.2643,2,223.89094923190424,2,35.2889,2,228.906,2,0.586,2,2.2,2,6.4,2,0.01,2,2.45556,3,1.60626,2,2.76147,2,12.03463,2,2126.063819,2,2325.33,2,7.848031568,2,25,553.87,2,20
33H320240201,A13.5,79,1,20,790120,11122,2,20240306,1406,-34.99416,1.08708,4914.348,139.737,2,14.4543,2,35.4032,2,224.57011652867294,2,35.4097,6,228.661,2,0.471,2,2,2,4.6,2,0.02,2,2.70117,3,1.53972,2,2.60746,2,10.90405,2,2120.350398,2,2332.43,2,7.870906695,2,25,521,2,20
33H320240201,A13.5,79,1,21,790121,11120,2,20240306,1406,-34.99435,1.08722,4914.348,111.891,2,15.1204,2,35.5105,2,225.40192776288117,2,35.5173,2,229.047,6,0.399,2,1.9,2,3.3,2,0.05,2,2.69163,3,1.49632,2,2.55003,2,10.07489,2,2116.941,2,2338.54,2,7.891659556,2,25,499.6,2,20
33H320240201,A13.5,79,1,22,790122,11026,2,20240306,1406,-34.99416,1.08744,4914.348,79.833,2,16.116,2,35.4916,2,240.99706103232145,2,35.493,2,245.726,2,0.225,2,1.3,2,0.1,2,0.02,2,-999,5,1.55929,2,2.56728,2,9.42772,2,2097.672038,2,2337.84,2,7.92340506,2,25,449.91,2,20
33H320240201,A13.5,79,1,23,790123,11102,2,20240306,1406,-34.99402,1.08751,4914.348,49.697,2,18.2462,2,35.4133,2,242.68171467105844,2,35.4184,2,245.876,2,0.168,2,1.1,2,0,2,0,2,2.50963,3,1.37132,2,2.30988,2,8.38889,2,2081.879681,6,2337.29,2,7.957577237,2,25,420.3,2,20
33H320240201,A13.5,79,1,24,790124,11023,2,20240306,1406,-34.99458,1.08719,4914.348,4.606,2,20.1194,2,35.3959,2,223.2276394051378,2,35.3994,2,227.013,2,0.151,2,1.2,2,0,2,0,2,2.27257,3,1.22304,2,2.05966,2,7.648,2,2078.44617,2,2324.05,2,7.960398855,2,25,413.55,2,20
33H320240201,A13.5,80,1,1,800101,11113,2,20240306,2128,-35.49984,1.05154,4932.751,4932.751,2,1.166,2,34.7203,2,203.46228721097881,2,34.7445,2,215.263,2,2.131,6,108.1,6,30.9,6,0.01,6,0.42635,3,0.0902,2,0.16964,2,18.25919,2,2259.76909,6,2369.472024,2,7.629677247,2,25,981.95,2,20
33H320240201,A13.5,80,1,2,800102,11067,2,20240306,2128,-35.5001,1.05166,4932.751,4600.234,2,1.1634,2,34.7237,2,202.8446993669887,2,34.7352,2,214.418,2,2.105,6,106.3,6,30.7,6,0,6,0.09918,3,0.08136,2,0.14282,2,18.09439,2,2258.265483,2,2370.774603,2,7.633138746,2,25,983.59,2,20
33H320240201,A13.5,80,1,3,800103,11052,2,20240306,2128,-35.5003,1.05129,4932.751,4299.932,2,1.2424,2,34.7342,2,203.19606895200135,2,34.7602,2,-999,5,2.082,6,102.2,6,30.3,6,0.01,6,0.22592,3,0.0652,2,0.12258,2,17.79812,2,2253.235652,2,2367.698512,2,7.637608556,2,25,970.53,2,20
33H320240201,A13.5,80,1,4,800104,11118,2,20240306,2128,-35.50062,1.05123,4932.751,3900.753,2,1.6873,2,34.776,2,206.31128699572437,2,34.7868,2,219.463,2,1.941,6,84.5,6,28.2,6,0.01,6,0,3,0.04343,2,0.07513,2,16.89399,2,2238.907802,2,2359.311905,2,7.658422775,2,25,920.99,2,20
33H320240201,A13.5,80,1,5,800105,11136,2,20240306,2128,-35.50054,1.05125,4932.751,3550.742,2,2.1822,2,34.8313,2,214.15314999165372,2,34.8405,2,228.499,2,1.724,2,62.7,2,25.3,2,0,2,0.1012,3,0.01782,2,0.03256,2,15.48266,2,2218.716578,2,2353.390179,2,7.68726652,2,25,846.5,2,20
33H320240201,A13.5,80,1,6,800106,11027,2,20240306,2128,-35.50078,1.05141,4932.751,3200.55,2,2.3121,2,34.8333,2,214.57654025136608,2,34.8444,2,228.4116375,2,1.723,2,58.8,2,25.8,2,0,2,-999,5,-999,5,0.09686,2,15.91639,2,2215.53179,2,2346.085714,2,7.687487736,2,25,848.92,2,20
33H320240201,A13.5,80,1,7,800107,-999,2,20240306,2128,-35.50096,1.05159,4932.751,2900.098,2,2.3915,2,34.8299,2,212.9664393639001,2,34.84,2,225.199,2,1.732,2,57.6,2,25.3,2,0,2,0,3,0.02689,2,0.04754,2,15.66317,2,2214.239883,2,2343.330258,2,7.680821586,2,25,859.47,2,20
33H320240201,A13.5,80,1,8,800108,11004,2,20240306,2128,-35.50108,1.0517,4932.751,2600.694,2,2.5077,2,34.8219,2,209.5805213,2,34.8387,2,221.274,2,1.753,2,55.8,2,25.7,2,0,2,0.44077,3,0.02932,2,0.05503,2,15.98248,2,2215.56723,2,2341.115873,2,7.675677415,2,25,875.51,2,20
33H320240201,A13.5,80,1,9,800109,11082,2,20240306,2128,-35.501,1.05185,4932.751,2300.769,2,2.6945,2,34.8105,2,204.1757254923634,2,34.8214,2,214.761,2,1.79,2,53.3,2,26.3,2,0,2,-999,5,-999,5,-999,5,-999,5,2215.890348,2,2338.15,2,7.66423248,2,25,898.33,2,20
33H320240201,A13.5,80,1,10,800110,11115,2,20240306,2128,-35.50155,1.05226,4932.751,2002.532,2,2.8674,2,34.7712,2,194.27280602850246,2,34.7846,6,202.859,2,1.908,2,53.8,2,27.8,2,0,2,0.28799,3,0.06662,2,0.10577,2,17.28088,2,2223.173434,2,2335.464683,2,7.637508717,2,25,948.87,2,20
33H320240201,A13.5,80,1,11,800111,11008,2,20240306,2128,-35.50186,1.0528,4932.751,1699.871,2,2.9426,2,34.6762,2,179.09947153458592,2,34.69,2,186.196,2,2.121,2,58.8,2,30.7,2,0,2,0.13842,3,0.13502,2,0.25491,2,19.30621,2,2236.860572,2,2334.763294,6,7.604218257,6,25,1046.49,2,20
33H320240201,A13.5,80,1,12,800112,-999,2,20240306,2128,-35.50212,1.05296,4932.751,1399.019,2,3.0994,2,34.5166,2,173.16512216781504,2,34.5246,2,178.01,2,2.287,2,58,2,33.2,2,0,2,0.49036,3,0.4285,2,0.83841,2,20.48228,2,2242.089884,2,2330.264385,2,7.574057222,2,25,1130.26,2,20
33H320240201,A13.5,80,1,13,800113,11058,2,20240306,2128,-35.502,1.05256,4932.751,1149.082,2,3.5436,2,34.3611,2,189.61259164304414,2,34.369,2,195.3495,6,2.262,2,43.5,2,32.9,2,0,2,1.06018,3,1.00887,2,2.03377,2,20.00916,2,2219.515252,2,2310.38502,2,7.581639831,2,25,1098.07,2,20
33H320240201,A13.5,80,1,14,800114,11124,2,20240306,2128,-35.50216,1.05229,4932.751,900.356,2,4.4785,2,34.2824,2,211.50316297875185,2,34.2913,2,218.752,2,2.059,2,26.6,2,30,2,0,2,1.41704,3,1.66858,2,3.22129,2,18.27722,2,2194.500702,2,2295.164881,2,7.617575335,2,25,1004.33,2,20
33H320240201,A13.5,80,1,15,800115,11081,2,20240306,2128,-35.50209,1.05262,4932.751,649.873,2,6.9789,2,34.4411,2,205.52669338990066,2,34.4445,2,210.5,2,1.716,2,13.8,2,24.9,2,0,2,1.88159,3,1.88854,6,3.49203,6,16.45952,6,2176.077613,2,2291.607837,2,7.655453424,2,25,899.01,2,20
33H320240201,A13.5,80,1,16,800116,11126,2,20240306,2128,-35.50256,1.05285,4932.751,520.093,2,9.2574,2,34.6833,2,207.53622847361103,2,34.6903,2,212.699,2,1.325,2,7.4,2,18.9,2,0,2,1.77271,3,1.87996,2,3.3803,2,14.7152,2,2160.689374,2,2297.850198,2,7.711461298,2,25,780.83,2,20
33H320240201,A13.5,80,1,17,800117,11020,2,20240306,2128,-35.50256,1.05295,4932.751,460.98,2,10.0803,2,34.7809,2,203.98199196376152,2,34.7864,2,209.04,2,1.241,2,6.9,2,17.3,2,0,2,2.15695,3,1.84149,2,3.25881,2,14.38889,2,2158.359146,2,2300.174802,2,7.729857101,6,25,749.39,2,20
33H320240201,A13.5,80,1,18,800118,11128,2,20240306,2128,-35.50248,1.05291,4932.751,300.26,2,12.6358,2,35.118,2,208.96151705553913,2,35.12,2,213.678,2,0.825,2,3.8,2,10.7,2,0.01,2,2.32566,3,1.70168,2,2.91731,2,12.95542,2,2140.537768,2,2316.847817,2,7.799773465,2,25,623.18,2,20
33H320240201,A13.5,80,1,19,800119,11031,2,20240306,2128,-35.50267,1.05303,4932.751,241.394,2,13.4499,2,35.2297,2,211.84886093987157,2,35.2288,2,216.168,2,0.695,2,3.3,2,8.5,2,0.01,2,2.31014,3,1.63996,2,2.78275,2,12.57564,2,2134.81296,2,2321.937897,2,7.822528816,2,25,584.92,2,20
33H320240201,A13.5,80,1,20,800120,11122,2,20240306,2128,-35.50274,1.05339,4932.751,180.191,2,14.4711,2,35.4031,2,220.07184927532202,2,35.4111,2,224.505,2,0.524,2,2.6,2,5.5,2,0.02,2,2.28295,3,1.55499,2,2.61803,2,10.82779,2,2122.575063,2,2332.829464,2,7.863284974,2,25,528.59,2,20
33H320240201,A13.5,80,1,21,800121,11120,2,20240306,2128,-35.50323,1.0536,4932.751,118.738,2,15.3316,2,35.5333,2,220.39110631379248,2,35.5599,2,224.02,2,0.434,2,2.5,2,4.1,2,0.04,2,2.40814,3,1.48029,2,2.56551,2,10.28651,2,2118.714794,2,2336.316369,2,7.883549598,2,25,498.015,6,20
33H320240201,A13.5,80,1,22,800122,11026,2,20240306,2128,-35.50322,1.05376,4932.751,65.018,2,16.8056,2,35.598,2,245.45553987963916,2,35.606,6,250.22,2,0.192,2,1.6,2,0,2,0,2,2.41926,3,1.4311,2,2.40987,2,8.7969,2,2095.898407,2,2343.22004,2,7.944929196,2,25,426.96,2,20
33H320240201,A13.5,80,1,23,800123,11102,2,20240306,2128,-35.5033,1.05364,4932.751,45.765,2,18.1766,2,35.6311,2,247.92831552205064,2,35.6543,2,249.748,2,0.158,2,1.3,2,0,2,0.01,2,2.48785,3,1.39222,2,2.35938,2,7.93699,2,2086.052692,2,2346.837202,2,7.962309246,2,25,405.12,2,20
33H320240201,A13.5,80,1,24,800124,11023,2,20240306,2128,-35.50332,1.05334,4932.751,4.834,2,20.6276,2,35.6532,2,219.7683940576321,2,35.657,2,223.147,2,0.133,2,1.2,2,0,2,0.01,2,2.23855,3,1.20645,2,2.03193,2,7.00676,2,2087.26063,6,2349.682837,2,7.962284153,2,25,403.14,2,20
33H320240201,A13.5,81,1,1,810101,11113,2,20240307, 0418,-36.00274,1.01104,5012.48,5012.48,2,1.1758,2,34.7202,2,203.72314650360394,2,34.7364,2,214.851,2,2.134,6,107.4,6,30.7,6,0.01,6,0,3,0.09316,2,0.17691,2,18.67161,2,2258.714146,6,2370.093254,2,7.633593803,2,25,982.07,2,20
33H320240201,A13.5,81,1,2,810102,11067,2,20240307, 0418,-36.00317,1.01214,5012.48,4597.29,2,1.162,2,34.7235,2,202.66656091085486,2,34.7387,2,214.293,2,2.121,6,105.9,6,30.6,6,0.01,6,0,3,0.08469,2,0.16801,2,18.5691,2,2257.348077,2,2368.640377,2,7.633189071,2,25,984.88,2,20
33H320240201,A13.5,81,1,3,810103,11052,2,20240307, 0418,-36.00359,1.01239,5012.48,4147.921,2,1.2369,2,34.7349,2,202.86999686096533,2,34.7589,2,215.857,2,2.086,6,101.5,6,30.1,6,0.01,6,0.28406,3,0.07168,2,0.13394,2,18.11087,2,2252.394009,2,2367.82877,2,7.637210689,2,25,971.24,2,20
33H320240201,A13.5,81,1,4,810104,11118,2,20240307, 0418,-36.00421,1.0124,5012.48,3773.908,2,1.6129,2,34.7697,2,205.31614462405182,2,34.7796,2,218.869,2,1.959,6,86.5,6,28.3,6,0,6,0.26135,3,0.04869,2,0.0841,2,17.04614,2,2238.040055,2,2361.49623,2,7.656956201,2,25,930.42,2,20
33H320240201,A13.5,81,1,5,810105,11136,2,20240307, 0418,-36.00454,1.01257,5012.48,3421.464,2,2.0661,2,34.8124,2,210.45228146623563,2,34.8432,2,224.346,2,1.806,2,68.4,2,26.2,2,0,2,0.19976,3,0.02856,2,0.0493,2,16.71194,2,2222.05116,2,2351.817063,2,7.67697253,2,25,876.96,2,20
33H320240201,A13.5,81,1,6,810106,11027,2,20240307, 0418,-36.00478,1.01373,5012.48,3099.424,2,2.2923,2,34.8233,2,211.0539273893453,2,34.8348,6,223.847,2,1.763,2,61.1,2,25.6,2,0.01,2,0.14129,3,0.02341,2,0.0465,2,16.39198,2,2214.827686,2,2346.99752,2,7.678829645,2,25,868.14,2,20
33H320240201,A13.5,81,1,7,810107,-999,2,20240307, 0418,-36.00529,1.01441,5012.48,2800.213,2,2.4373,2,34.8208,2,208.81470829225938,2,34.8314,2,220.329,2,1.77,2,57.9,2,25.8,2,0,2,0,3,0.03146,2,0.05332,2,16.8247,2,2214.964448,2,2342.458532,6,7.673150076,6,25,878.95,2,20
33H320240201,A13.5,81,1,8,810108,11004,2,20240307, 0418,-36.00584,1.01366,5012.48,2500.295,2,2.5772,2,34.8084,2,205.15171361198466,2,34.8186,2,217.136,2,1.808,2,56.2,2,26.2,2,0,2,0,3,0.04217,2,0.07573,2,17.16633,2,2215.650826,2,2340.725099,2,7.667183954,2,25,898.89,2,20
33H320240201,A13.5,81,1,9,810109,11082,2,20240307, 0418,-36.00586,1.01356,5012.48,2200.814,2,2.6779,2,34.7743,2,197.3240115270807,2,34.7864,2,206.709,2,1.89,2,57.6,2,27.5,2,0,2,0.18331,3,0.07379,2,0.12982,2,18.29874,2,2221.742813,2,2338.019742,2,7.649458421,2,25,940.92,2,20
33H320240201,A13.5,81,1,10,810110,11115,2,20240307, 0418,-36.0057,1.01368,5012.48,1899.968,2,2.794,2,34.712,2,186.9448950015374,2,34.7222,2,195.094,2,2.023,2,58.6,2,29.4,2,0,2,0,3,0.11629,2,0.21997,2,18.72156,2,2228.868549,2,2337.178075,2,7.623702871,2,25,1006.23,2,20
33H320240201,A13.5,81,1,11,810111,11008,2,20240307, 0418,-36.00605,1.01322,5012.48,1599.371,2,2.8565,2,34.5917,2,175.77201985519002,2,34.6015,2,181.902,2,2.236,2,61.1,2,32.2,2,0,2,0,3,0.27963,2,0.5559,2,20.61974,2,2238.264291,2,2333.621032,2,7.584536385,2,25,1102.675,6,20
33H320240201,A13.5,81,1,12,810112,-999,2,20240307, 0418,-36.00594,1.0128,5012.48,1300.004,2,3.2106,2,34.4315,2,180.74182492604174,2,34.4405,2,186.32,2,2.3,2,51.8,2,33.3,2,0.01,2,0.61503,3,0.68053,2,1.36997,2,20.60128,2,2229.826359,2,2319.513095,2,7.575478537,2,25,1125.88,2,20
33H320240201,A13.5,81,1,13,810113,11058,2,20240307, 0418,-36.0061,1.01266,5012.48,1050.187,2,3.8443,2,34.3095,2,200.98576133893695,2,34.3333,2,206.483,4,2.187,2,35.1,2,31.7,2,0.01,2,1.2019,3,1.29684,2,2.6715,2,19.82279,2,2205.519919,6,2302.679762,2,7.600736586,2,25,1058.05,2,20
33H320240201,A13.5,81,1,14,810114,11124,2,20240307, 0418,-36.00623,1.01231,5012.48,810.359,2,5.0774,2,34.27,2,221.3677482427832,2,34.2903,2,226.174,2,1.932,2,18,2,28,2,0.01,2,1.73316,3,1.92535,2,3.81159,2,17.60565,2,2179.440751,2,2287.369444,2,7.635526287,2,25,956.73,2,20
33H320240201,A13.5,81,1,15,810115,11081,2,20240307, 0418,-36.00627,1.01188,5012.48,620.617,2,7.2833,2,34.4565,2,212.7778630354525,2,34.4637,2,217.963,2,1.634,2,10.1,2,23.5,2,0.01,2,1.98921,3,1.97268,2,3.69722,2,16.31238,2,2166.839077,2,2288.611905,2,7.669299357,2,25,871.49,2,20
33H320240201,A13.5,81,1,16,810116,11126,2,20240307, 0418,-36.00626,1.0117,5012.48,479.495,2,9.2811,2,34.6728,2,218.72958778201186,2,34.687,2,223.311,2,1.258,2,5.8,2,17.5,2,0.01,2,2.21878,3,1.91316,2,3.52017,2,14.09899,2,2153.372559,2,2296.748016,2,7.728418455,2,25,756.26,2,20
33H320240201,A13.5,81,1,17,810117,11020,2,20240307, 0418,-36.00631,1.01157,5012.48,360.6,2,11.2568,2,34.9493,2,217.3386364329348,2,34.9545,2,221.528,2,0.964,2,3.9,2,12.8,2,0.01,2,2.23477,3,1.77051,2,3.12645,2,12.26201,2,2142.793325,2,2309.503274,2,7.774781681,2,25,660.7,2,20
33H320240201,A13.5,81,1,18,810118,11128,2,20240307, 0418,-36.00637,1.01154,5012.48,279.458,2,12.1866,2,35.0748,2,228.45256236198074,2,35.104,2,232.689,2,0.748,2,2.8,2,9.2,2,0.01,2,2.28168,3,1.68426,2,3.03407,2,11.55528,2,2132.8359,2,2314.974107,2,7.815077537,2,25,599.61,2,20
33H320240201,A13.5,81,1,19,810119,11031,2,20240307, 0418,-36.00654,1.01144,5012.48,219.641,2,13.0511,2,35.1985,2,227.76444203428912,2,35.2074,2,232.2,2,0.625,2,2.3,2,7.1,2,0.02,2,2.37785,3,1.61502,2,2.86529,2,11.69669,2,2129.84778,2,2324.673313,2,7.836364034,2,25,568.2,2,20
33H320240201,A13.5,81,1,20,810120,11122,2,20240307, 0418,-36.00672,1.01135,5012.48,160.775,2,13.2911,2,35.2007,2,231.91244161159983,2,35.2065,2,236.664,2,0.57,2,1.9,2,5.9,2,0.02,2,2.4258,3,1.59018,2,2.76058,2,10.84888,2,2122.178746,2,2321.09623,2,7.850836511,2,25,551.53,2,20
33H320240201,A13.5,81,1,21,810121,11120,2,20240307, 0418,-36.00676,1.01131,5012.48,99.728,2,14.0004,2,35.2479,2,230.44934313819857,2,35.2561,6,234.149,2,0.504,2,1.9,2,4.8,2,0.07,2,2.36545,3,1.55049,2,2.68887,2,10.17678,2,2116.796015,2,2327.39871,2,7.858553632,2,25,533.39,2,20
33H320240201,A13.5,81,1,22,810122,11026,2,20240307, 0418,-36.00672,1.01117,5012.48,58.359,2,15.466,2,35.1254,2,253.1733421600259,2,35.1331,2,258.054,2,0.233,2,1,2,0.1,2,0.02,2,2.29513,3,1.513145,6,2.612145,6,8.81286,6,2084.598178,2,2323.60119,2,7.921953817,6,25,449.77,2,20
33H320240201,A13.5,81,1,23,810123,11102,2,20240307, 0418,-36.00681,1.01098,5012.48,29.875,2,19.1164,2,35.1759,2,227.47229258154042,2,35.1859,2,231.093,2,0.168,2,1.1,2,0,2,0.01,2,2.12116,3,1.25981,2,2.16393,2,7.52365,2,2070.778828,6,2327.679266,2,7.949803722,2,25,413.99,2,20
33H320240201,A13.5,81,1,24,810124,11023,2,20240307, 0418,-36.00697,1.01086,5012.48,4.466,2,19.1117,2,35.1771,2,227.51974345861788,2,35.1943,2,230.4275,6,0.156,2,0.9,2,0,2,0.01,2,2.14894,3,1.2482,2,2.11484,2,7.47708,2,2070.354214,2,2325.795536,2,7.952002326,2,25,412.69,2,20
33H320240201,A13.5,82,1,1,820101,11113,2,20240307,1109,-36.4991,1.00018,5049.745,5049.745,2,1.1835,2,34.7202,2,203.56248034889765,2,34.7489,6,215.831,2,2.151,6,107.7,6,30.7,6,0,6,0.13985,3,0.09429,2,0.16161,2,17.88167,2,2260.095937,6,2371.075198,2,7.632191549,2,25,983.5,2,20
33H320240201,A13.5,82,1,2,820102,11067,2,20240307,1109,-36.4991,1.00031,5049.745,4690.413,2,1.1629,2,34.7227,2,202.5928322653563,2,34.7346,2,214.914,2,2.131,6,106.8,6,30.6,6,0,6,-999,5,-999,5,-999,5,-999,5,2257.787328,2,2369.552183,2,7.632789601,2,25,985.37,2,20
33H320240201,A13.5,82,1,3,820103,11052,2,20240307,1109,-36.49904,1.00034,5049.745,4349.316,2,1.1763,2,34.7276,2,202.4749186709809,2,34.7383,2,215.624,2,2.109,6,104.6,6,30.4,6,0,6,0.31865,3,0.07728,2,0.13751,2,17.9633,2,2256.971029,2,2368.329762,2,7.642208008,2,25,980.16,2,20
33H320240201,A13.5,82,1,4,820104,11118,2,20240307,1109,-36.49897,1.00018,5049.745,4050.168,2,1.2965,2,34.7408,2,203.31308873730433,2,34.7571,2,215.403,2,2.072,6,99.3,6,29.8,6,0,6,0,3,0.06467,2,0.11369,2,17.52657,2,2251.448562,2,2365.594345,6,7.63878835,6,25,966.86,2,20
33H320240201,A13.5,82,1,5,820105,11136,2,20240307,1109,-36.4989,0.99994,5049.745,3674.729,2,1.6913,2,34.7766,2,205.58561392975878,2,34.7879,2,218.803,2,1.94,2,83.7,2,28.1,2,0,2,0.15128,3,0.0434,2,0.0747,2,16.70175,2,2238.864882,2,2358.700694,2,7.657899055,2,25,923.35,2,20
33H320240201,A13.5,82,1,6,820106,11027,2,20240307,1109,-36.49868,0.99965,5049.745,3299.238,2,2.1204,2,34.8139,2,209.35361244097024,2,34.8233,2,222.497,2,1.803,2,67,2,26.2,2,0,2,0,3,0.02481,2,0.04141,2,15.75803,2,2224.332654,2,2350.253968,2,7.674632251,2,25,878.87,2,20
33H320240201,A13.5,82,1,7,820107,-999,2,20240307,1109,-36.49867,0.99924,5049.745,3000.009,2,2.3047,2,34.8221,2,210.07232549394445,2,34.8337,2,223.284,2,1.766,2,61,2,25.7,2,0,2,0.17487,3,0.02241,2,0.04356,2,15.63327,2,2217.884348,2,2346.32619,2,7.677142444,2,25,872.69,2,20
33H320240201,A13.5,82,1,8,820108,11004,2,20240307,1109,-36.49854,0.9992,5049.745,2700.062,2,2.4552,2,34.8204,2,209.19746542001184,2,34.8043,2,220.895,2,1.761,2,57.5,2,25.7,2,0,2,0,3,0.03338,2,0.05958,2,15.62295,2,2214.431176,2,2342.498611,2,7.67167336,2,25,879.23,2,20
33H320240201,A13.5,82,1,9,820109,11082,2,20240307,1109,-36.4984,0.99948,5049.745,2400.358,2,2.5808,2,34.8053,2,204.5221964164522,2,34.7874,2,215.901,2,1.806,2,56.5,2,26.3,2,0,2,0,3,0.04498,2,0.07879,2,15.82721,2,2216.656964,2,2339.39246,2,7.659996004,2,25,903.16,2,20
33H320240201,A13.5,82,1,10,820110,11115,2,20240307,1109,-36.49872,0.99939,5049.745,2100.75,2,2.6887,2,34.7643,2,195.10951386369737,2,34.7769,2,203.54,2,1.911,2,58.1,2,27.9,2,0,2,0.28672,3,0.07918,2,0.13983,2,17.82198,2,2226.487691,2,2338.951587,2,7.641174598,2,25,956.62,2,20
33H320240201,A13.5,82,1,11,820111,11008,2,20240307,1109,-36.49891,0.99934,5049.745,1799.85,2,2.7708,2,34.6874,2,183.97555937572324,2,34.6989,2,191.466,2,2.059,2,60.6,2,30.1,2,0.01,2,0.111495,3,0.149175,6,0.27175,6,18.963155,6,2233.735367,6,2333.781349,2,7.609492167,2,25,1032.3,2,20
33H320240201,A13.5,82,1,12,820112,-999,2,20240307,1109,-36.49908,0.99928,5049.745,1501.401,2,2.8913,2,34.5656,2,172.74242684884948,2,34.5731,2,178.307,2,2.259,2,61.9,2,32.8,2,0.01,2,0.53824,3,0.32007,2,0.60932,2,20.35437,2,2241.867112,2,2331.877579,2,7.572513802,2,25,1127.87,2,20
33H320240201,A13.5,82,1,13,820113,11058,2,20240307,1109,-36.4989,0.99972,5049.745,1249.154,2,3.0531,2,34.4089,2,183.24621748340604,2,34.4172,2,189.253,2,2.314,2,52.3,2,33.4,2,0,2,0.86151,3,0.76807,2,1.50305,2,20.1674,2,2232.880498,2,2319.613294,2,7.573983637,2,25,1139.61,2,20
33H320240201,A13.5,82,1,14,820114,11124,2,20240307,1109,-36.49904,0.99954,5049.745,950.229,2,3.893,2,34.2776,2,209.4087391116431,2,34.2729,2,215.706,2,2.12,2,31.8,2,31.1,2,0,2,1.24107,3,1.49117,2,2.91038,2,18.43599,2,2200.820944,2,2297.499504,2,7.601195354,2,25,1037.89,2,20
33H320240201,A13.5,82,1,15,820115,11081,2,20240307,1109,-36.49902,0.9997,5049.745,748.764,2,4.9697,2,34.2722,2,219.76892551527308,2,34.2797,2,225.872,2,1.934,2,19.7,2,28.3,2,0.01,2,1.85617,3,1.92771,2,3.85127,2,16.80783,2,2184.45405,2,2291.627877,2,7.632019412,2,25,962.92,2,20
33H320240201,A13.5,82,1,16,820116,11126,2,20240307,1109,-36.49907,0.99952,5049.745,560.427,2,7.7304,2,34.5195,2,202.36540273480077,2,34.5296,2,207.072,2,1.618,2,12.4,2,23.4,2,0.01,2,1.83226,3,1.82777,2,3.41495,2,15.52755,2,2173.043368,2,2292.659921,2,7.670835796,2,25,875.55,2,20
33H320240201,A13.5,82,1,17,820117,11020,2,20240307,1109,-36.49905,0.99945,5049.745,439.461,2,9.6126,2,34.7225,2,208.92933626627476,2,34.7331,2,214.97,2,1.235,2,6.6,2,17.6,2,0.01,2,2.13822,3,1.88502,2,3.61841,2,13.85536,2,2155.07227,2,2299.854167,2,7.72533193,2,25,756.81,2,20
33H320240201,A13.5,82,1,18,820118,11128,2,20240307,1109,-36.49904,0.99932,5049.745,330.839,2,10.9487,2,34.8974,2,218.09652110601726,2,34.9209,2,223.162,2,0.95,2,3.9,2,13.3,2,0.01,2,2.19471,3,1.79587,2,3.2586,2,12.1621,2,2143.812611,2,2309.383036,2,7.769980283,2,25,672.65,2,20
33H320240201,A13.5,82,1,19,820119,11031,2,20240307,1109,-36.49908,0.99919,5049.745,260.974,2,11.9235,2,35.019,2,225.9234986253102,2,35.0478,2,230.74,2,0.745,2,2.8,2,10,2,0.02,2,2.29204,3,1.73188,2,3.29202,2,12.07749,2,2135.0686,2,2316.196528,2,7.803568607,2,25,616.14,2,20
33H320240201,A13.5,82,1,20,820120,11122,2,20240307,1109,-36.499,0.99912,5049.745,200.295,2,12.2242,2,35.0243,2,231.56476539841177,2,35.0297,2,236.126,2,0.695,2,2.3,2,8.5,2,0.02,2,2.45329,3,1.69646,2,3.2085,2,11.73816,2,2130.268886,2,2315.966071,6,7.817097558,6,25,592.98,2,20
33H320240201,A13.5,82,1,21,820121,11120,2,20240307,1109,-36.499,0.99907,5049.745,139.843,2,13.0123,2,35.1218,2,233.7669051712008,2,35.12,2,240.886,2,0.624,2,2,2,6.5,2,0.01,2,2.49471,3,1.64379,2,2.859,2,12.08028,2,2124.568284,2,2319.442956,2,7.840472085,2,25,561.7,6,20
33H320240201,A13.5,82,1,22,820122,11026,2,20240307,1109,-36.49904,0.99906,5049.745,79.549,2,14.728,2,35.1179,2,237.8797108869332,2,35.1193,2,242.782,2,0.38,2,1.1,2,1.3,2,0.62,2,2.39072,3,1.5634,2,2.78394,2,9.52155,2,2103.891968,2,2322.208433,2,7.884265997,2,25,496.13,2,20
33H320240201,A13.5,82,1,23,820123,11102,2,20240307,1109,-36.49912,0.99902,5049.745,50.554,2,19.3609,2,35.5891,2,236.1271587922551,2,35.6096,2,238.946,6,0.161,2,1.2,2,0,2,0.01,2,2.34281,3,1.27089,2,2.16165,2,7.43594,2,2078.980625,2,2345.163889,2,7.968077038,2,25,400.41,2,20
33H320240201,A13.5,82,1,24,820124,11023,2,20240307,1109,-36.49915,0.9989,5049.745,4.419,2,19.9555,2,35.3434,2,223.77153540772815,2,35.3608,2,226.685,2,0.15,2,0.9,2,0,2,0.01,2,2.22715,3,1.23928,2,2.18198,2,7.07822,2,2072.649595,6,2334.33244,2,7.967141635,2,25,398.72,2,20
33H320240201,A13.5,83,1,1,830101,11113,2,20240307,1817,-36.99566,0.9947,5035.578,5035.578,2,1.1761,2,34.7198,2,203.24959098151936,2,34.7468,2,214.72,2,2.155,6,108.2,6,30.9,6,0.01,6,0.26311,3,0.09191,2,0.18217,2,19.45265,2,2260.926068,6,2372.748512,2,7.632442795,2,25,981.56,2,20
33H320240201,A13.5,83,1,2,830102,11067,2,20240307,1817,-36.99576,0.9946,5035.578,4649.805,2,1.1599,2,34.7229,2,202.61448575741247,2,34.7347,2,214.133,2,2.141,6,107.2,6,30.7,6,0.01,6,0.12666,3,0.08623,2,0.16192,2,19.23965,2,2257.399901,2,2369.291667,2,7.634988329,2,25,984.12,2,20
33H320240201,A13.5,83,1,3,830103,11052,2,20240307,1817,-36.99594,0.99466,5035.578,4301.254,2,1.183,2,34.7283,2,202.15770343292067,2,34.7447,2,215.602,3,2.126,6,104.7,6,30.5,6,0.01,6,0.16651,3,0.08075,2,0.14962,2,18.78853,2,2254.931004,2,2369.542163,2,7.635030828,2,25,979.51,2,20
33H320240201,A13.5,83,1,4,830104,11118,2,20240307,1817,-36.99569,0.99502,5035.578,3902.632,2,1.4092,2,34.7509,2,203.4608056767409,2,34.7651,2,216.433,2,2.035,6,94.9,6,29.5,6,0.01,6,0.26111,3,0.06098,2,0.10777,2,17.96871,2,2247.500409,2,2364.131448,6,7.645126924,6,25,953.2,2,20
33H320240201,A13.5,83,1,5,830105,11136,2,20240307,1817,-36.99557,0.99521,5035.578,3550.722,2,1.8588,2,34.7942,2,207.91435103443322,2,34.8047,6,221.154,2,1.898,2,77,2,27.4,2,0.01,2,0,3,0.0341,2,0.06107,2,17.90696,2,2232.550627,2,2355.454266,2,7.665473469,2,25,898.87,2,20
33H320240201,A13.5,83,1,6,830106,11027,2,20240307,1817,-36.99574,0.99512,5035.578,3201.111,2,2.2169,2,34.8225,2,211.7523436416143,2,34.8367,2,224.496,2,1.787,2,63.3,2,25.8,2,0.01,2,0.21255,3,0.02424,2,0.04366,2,17.01742,2,2218.158422,2,2348.450397,2,7.680377488,2,25,866.28,2,20
33H320240201,A13.5,83,1,7,830107,-999,2,20240307,1817,-36.99584,0.99501,5035.578,2900.964,2,2.3643,2,34.8241,2,210.1338543568375,2,34.8355,2,223.098,2,1.772,2,59.4,2,25.8,2,0.01,2,0.25549,3,0.0234,2,0.04187,2,16.79526,2,2216.583038,2,2344.322222,2,7.676316073,2,25,871.23,2,20
33H320240201,A13.5,83,1,8,830108,11004,2,20240307,1817,-36.9959,0.99505,5035.578,2597.162,2,2.5121,2,34.8161,2,207.58271579185788,2,34.8402,2,218.835,2,1.793,2,57.1,2,26,2,0,2,0.25927,3,0.04559,2,0.06705,2,17.13492,2,2218.802987,2,2340.69504,2,7.672279822,2,25,887.375,6,20
33H320240201,A13.5,83,1,9,830109,11082,2,20240307,1817,-36.99605,0.995,5035.578,2299.476,2,2.6309,2,34.7949,2,199.51013575459507,2,34.8036,2,209.819,2,1.876,2,57.9,2,27,2,0,2,0.17267,3,0.04639,2,0.07513,2,17.32107,2,2221.569026,2,2338.681052,2,7.655576431,2,25,925.08,2,20
33H320240201,A13.5,83,1,10,830110,11115,2,20240307,1817,-36.9961,0.99502,5035.578,2000.27,2,2.7418,2,34.7457,2,188.6991190702165,2,34.7725,2,196.935,2,1.998,2,60.3,2,28.8,2,0,2,0.21898,3,0.0831,2,0.14762,2,19.30568,2,2230.993448,2,2337.097917,2,7.626354578,2,25,987.19,2,20
33H320240201,A13.5,83,1,11,830111,11008,2,20240307,1817,-36.99588,0.99516,5035.578,1700.861,2,2.8765,2,34.6592,2,176.41065167728277,2,34.6696,2,182.8,2,2.18,2,62.2,2,31.3,2,0,2,0.27284,3,0.16292,2,0.31115,2,20.46978,2,2240.678264,2,2334.903571,2,7.598601979,6,25,1068.21,2,20
33H320240201,A13.5,83,1,12,830112,-999,2,20240307,1817,-36.99535,0.99552,5035.578,1401.814,2,3.0337,2,34.5267,2,171.10686890839818,2,34.5423,2,175.945,6,2.33,2,60.7,2,33.5,2,0,2,0.41978,3,0.40164,2,0.78526,2,21.84649,2,2244.740735,2,2326.747421,2,7.5684611,2,25,1139.97,2,20
33H320240201,A13.5,83,1,13,830113,11058,2,20240307,1817,-36.99504,0.99588,5035.578,1152.227,2,3.4259,2,34.415,2,180.00006003883442,2,34.4338,2,186.413,2,2.347,2,50.1,2,33.4,2,0.01,2,0.82636,3,0.7763,2,1.55735,2,22.08405,2,2230.232134,6,2315.374901,2,7.575219653,2,25,1126.71,2,20
33H320240201,A13.5,83,1,14,830114,11124,2,20240307,1817,-36.9953,0.99592,5035.578,901.445,2,4.1962,2,34.3261,2,198.60345264774844,2,34.3353,2,202.999,2,2.189,2,34.5,2,31.5,2,0.01,2,1.16267,3,1.30552,2,2.56912,2,20.50175,2,2209.77934,2,2299.63373,2,7.600090501,2,25,1050.86,2,20
33H320240201,A13.5,83,1,15,830115,11081,2,20240307,1817,-36.9957,0.99586,5035.578,679.202,2,5.3946,2,34.322,2,211.59216029178026,2,34.3511,2,216.477,2,1.958,2,20.4,2,28.2,2,0.01,2,1.63836,3,1.77108,2,3.36221,2,18.35044,2,2186.818304,2,2288.231151,2,7.630790576,2,25,965.89,2,20
33H320240201,A13.5,83,1,16,830116,11126,2,20240307,1817,-36.99562,0.99609,5035.578,519.65,2,7.4267,2,34.4821,2,205.54151370889156,2,34.494,2,209.877,2,1.681,2,12.2,2,23.9,2,0.01,2,1.79146,3,1.84889,2,3.56311,2,16.74947,2,2175.803933,2,2289.473611,2,7.663273944,2,25,886.6,2,20
33H320240201,A13.5,83,1,17,830117,11020,2,20240307,1817,-36.99594,0.99602,5035.578,419.481,2,8.755,2,34.6257,2,201.14449839825673,2,34.6394,6,201.793,2,1.505,2,10.1,2,21.1,2,0.01,2,1.83505,3,1.7937,2,3.32804,2,15.91249,2,2171.635873,2,2295.565675,2,7.683136716,2,25,841.83,2,20
33H320240201,A13.5,83,1,18,830118,11128,2,20240307,1817,-36.99587,0.9962,5035.578,299.541,2,10.6385,2,34.8506,2,201.60688595260382,2,34.8801,2,204.982,2,1.175,2,6.4,2,16.3,2,0.01,2,1.94066,3,1.76774,2,3.42732,2,14.56742,2,2156.956879,2,2304.413194,2,7.736033458,2,25,736.93,2,20
33H320240201,A13.5,83,1,19,830119,11031,2,20240307,1817,-36.996,0.9962,5035.578,239.26,2,11.5786,2,34.9659,2,198.8301540995862,2,34.9837,2,201.989,2,1.064,2,5.8,2,14.5,2,0.01,2,2.0165,3,1.71758,2,3.21853,2,15.19166,2,2152.774378,2,2307.449206,2,7.75822633,2,25,700.89,2,20
33H320240201,A13.5,83,1,20,830120,11122,2,20240307,1817,-36.99614,0.99615,5035.578,179.991,2,13.0092,2,35.1325,2,225.48543009863658,2,35.1408,2,229.472,2,0.674,2,2.7,2,7.6,2,0.01,2,2.287535,3,1.621885,6,2.924065,6,11.79391,6,2128.120122,2,2317.058234,2,7.830251914,2,25,574.43,2,20
33H320240201,A13.5,83,1,21,830121,11120,2,20240307,1817,-36.99619,0.99632,5035.578,119.671,2,14.7549,2,35.4281,2,226.64270064994133,2,35.433,2,230.416,2,0.489,2,2.7,2,4.8,2,0.02,2,2.35441,3,1.50737,2,2.74205,2,9.59898,2,2117.911083,2,2337.328373,2,7.872462583,2,25,511.37,2,20
33H320240201,A13.5,83,1,22,830122,11026,2,20240307,1817,-36.9963,0.99624,5035.578,70.594,2,16.2877,2,35.4388,2,232.82842065221524,2,35.4428,2,237.327,2,0.229,2,1.1,2,0.1,2,0.08,2,2.31916,3,1.43541,2,2.40899,2,8.39506,2,2097.368329,2,2334.37252,2,7.926841544,2,25,450.25,2,20
33H320240201,A13.5,83,1,23,830123,11102,2,20240307,1817,-36.99616,0.9963,5035.578,40.567,2,19.6928,2,35.1903,2,225.24597975191952,2,35.2082,2,228.453,2,0.189,2,0.8,2,0,2,0.01,2,2.14894,3,1.2448,2,2.05841,2,7.0611,2,2068.934654,6,2323.160317,2,7.958824748,2,25,403.47,2,20
33H320240201,A13.5,83,1,24,830124,11023,2,20240307,1817,-36.99612,0.99612,5035.578,3.615,2,19.83,2,35.195,2,225.04394056565593,2,35.2017,2,227.607,2,0.164,2,0.7,2,0,2,0.01,2,2.1017,3,1.24389,2,2.19845,2,7.02896,2,2066.698061,2,2325.695337,2,7.964030116,2,25,402.1,2,20
33H320240201,A13.5,84,1,1,840101,11113,2,20240308, 0102,-37.51014,1.0043,5067.423,5067.423,2,1.1747,2,34.7193,2,203.38435166330484,2,34.7325,2,215.572,2,2.158,6,107.8,6,30.9,6,0.01,6,0.18218,3,0.09334,2,0.17667,2,17.91935,2,2258.13311,2,2369.185728,2,7.635840191,2,25,988.39,6,20
33H320240201,A13.5,84,1,2,840102,11067,2,20240308, 0102,-37.51046,1.00346,5067.423,4601.078,2,1.1555,2,34.723,2,202.4927461829189,2,34.7336,2,214.692,2,2.146,6,106.6,6,30.7,6,0,6,0.12432,3,0.0898,2,0.17375,2,18.04124,2,2256.192058,6,2369.536075,2,7.635984451,2,25,980.74,2,20
33H320240201,A13.5,84,1,3,840103,11052,2,20240308, 0102,-37.5107,1.00336,5067.423,4150.289,2,1.3132,2,34.7409,2,203.20902264602915,2,34.7558,6,216.396,6,2.089,6,99,6,29.9,6,0,6,0.15451,3,0.06236,2,0.11888,2,17.6918,2,2248.708943,2,2365.862438,2,7.641157136,2,25,964.48,2,20
33H320240201,A13.5,84,1,4,840104,11118,2,20240308, 0102,-37.51106,1.00339,5067.423,3775.341,2,1.7212,2,34.7795,2,205.92017753646408,2,34.7886,2,219.15,2,1.955,6,83.2,6,28.1,6,0,6,0,3,0.03904,2,0.07105,2,16.65829,2,2236.174909,2,2360.597225,2,7.659604397,2,25,917.92,2,20
33H320240201,A13.5,84,1,5,840105,11136,2,20240308, 0102,-37.51143,1.00337,5067.423,3424.928,2,2.0985,2,34.8136,2,209.65745947484942,2,34.8254,2,223.067,2,1.839,2,68.3,2,26.4,2,0,2,0,3,0.01866,2,0.04579,2,14.92189,2,2221.84923,2,2351.598315,2,7.674586694,2,25,875.94,2,20
33H320240201,A13.5,84,1,6,840106,11027,2,20240308, 0102,-37.51158,1.00306,5067.423,3100.207,2,2.3002,2,34.823,2,210.03733992137478,2,34.8355,2,222.489,2,1.795,2,61.6,2,25.9,2,0,2,0,3,0.01942,2,0.03658,2,15.87932,2,2218.113433,2,2346.152924,2,7.676592264,2,25,870.07,2,20
33H320240201,A13.5,84,1,7,840107,-999,2,20240308, 0102,-37.51182,1.00236,5067.423,2799.896,2,2.4365,2,34.8206,2,208.04127468912804,2,34.8316,2,220.554,2,1.811,2,58.9,2,26,2,0,2,0,3,0.02516,2,0.04596,2,13.56871,2,2216.641528,2,2343.560357,2,7.671996634,2,25,879.32,2,20
33H320240201,A13.5,84,1,8,840108,11004,2,20240308, 0102,-37.51206,1.00183,5067.423,2498.389,2,2.5743,2,34.8061,2,202.64911651506702,2,34.8154,2,213.85,2,1.851,2,58,2,26.7,2,0,2,0,3,0.03518,2,0.07087,2,16.11736,2,2217.736018,2,2338.435282,6,7.66039728,6,25,908.01,2,20
33H320240201,A13.5,84,1,9,840109,11082,2,20240308, 0102,-37.5124,1.00132,5067.423,2199.699,2,2.698,2,34.773,2,193.57439016611735,2,34.7845,2,202.805,2,1.949,2,59.3,2,28,2,0,2,-999,5,0.06184,2,0.11908,2,17.13725,2,2224.12249,2,2338.044896,2,7.638051565,2,25,955.8,2,20
33H320240201,A13.5,84,1,10,840110,11115,2,20240308, 0102,-37.51265,1.00131,5067.423,1899.492,2,2.8028,2,34.6913,2,179.41675847679016,2,34.7011,2,187.258,2,2.129,2,62.8,2,30.7,2,0,2,-999,5,0.13337,2,0.26323,2,18.73004,2,2238.12745,2,2339.386224,2,7.60658674,2,25,1046.73,2,20
33H320240201,A13.5,84,1,11,840111,11008,2,20240308, 0102,-37.51303,1.00142,5067.423,1601.384,2,2.9165,2,34.5756,2,173.8497594156769,2,34.5894,2,179.664,2,2.284,2,61.3,2,32.7,2,0.01,2,-999,5,0.29725,2,0.59165,2,20.1184,2,2239.489235,2,2333.540436,2,7.579435867,2,25,1113.25,2,20
33H320240201,A13.5,84,1,12,840112,-999,2,20240308, 0102,-37.51356,1.00144,5067.423,1299.222,2,3.1167,2,34.4233,2,182.71055282017554,2,34.4305,2,188.974,2,2.328,2,52.1,2,33.5,2,0.01,2,-999,5,0.70246,2,1.4642,2,20.35098,2,2230.270372,2,2316.413479,2,7.572487801,2,25,1125.43,2,20
33H320240201,A13.5,84,1,13,840113,11058,2,20240308, 0102,-37.5139,1.00093,5067.423,1050.969,2,3.6077,2,34.276,2,208.22065579075576,2,34.2821,2,215.1035,6,2.211,2,34.9,2,31.8,2,0.01,2,-999,5,1.39714,2,3.11588,2,18.73168,2,2204.044837,6,2302.369574,2,7.596340034,6,25,1051.01,2,20
33H320240201,A13.5,84,1,14,840114,11124,2,20240308, 0102,-37.5143,1.00056,5067.423,808.306,2,4.8831,2,34.2639,2,220.2856504247359,2,34.2676,2,226.883,2,1.991,2,19.8,2,28.7,2,0.02,2,-999,5,1.86973,2,3.9523,2,16.92311,2,2179.882631,2,2287.024381,2,7.631629432,2,25,968.65,2,20
33H320240201,A13.5,84,1,15,840115,11081,2,20240308, 0102,-37.5146,1.0002,5067.423,619.022,2,7.0441,2,34.4256,2,214.91555775874505,2,34.4368,6,220.322,2,1.694,2,10.8,2,24.1,2,0.01,2,-999,5,1.99062,2,4.10349,2,15.30217,2,2171.955056,2,2288.676016,2,7.665889486,2,25,885.58,2,20
33H320240201,A13.5,84,1,16,840116,11126,2,20240308, 0102,-37.5149,0.99999,5067.423,471.363,2,9.6594,2,34.729,2,212.93573057673964,2,34.7318,2,217.834,2,1.255,2,6.1,2,17.3,2,0.01,2,-999,5,1.84257,2,3.28648,2,14.08894,2,2154.985244,2,2296.744004,2,7.721784592,2,25,751.31,2,20
33H320240201,A13.5,84,1,17,840117,11020,2,20240308, 0102,-37.51524,1.00024,5067.423,360.321,2,11.578,2,34.9919,2,217.76618911679293,2,34.9931,2,223.766,2,0.932,2,3.6,2,12,2,0.01,2,-999,5,1.73968,2,3.39166,2,12.62087,2,2141.339541,2,2313.840932,2,7.78557843,2,25,647.9,2,20
33H320240201,A13.5,84,1,18,840118,11128,2,20240308, 0102,-37.51526,1.00027,5067.423,360.755,2,11.5758,2,34.9916,2,217.77485128903757,2,34.9966,2,222.415,2,0.917,2,3.6,2,12,2,0.02,2,-999,5,1.74689,6,3.28515,6,12.596985,6,2141.917068,2,2311.268385,2,7.785909639,2,25,645.36,2,20
33H320240201,A13.5,84,1,19,840119,11031,2,20240308, 0102,-37.51559,1.00036,5067.423,251.335,2,12.829,2,35.1425,2,224.05316129039417,2,35.1493,2,226.697,2,0.728,2,3.1,2,8.6,2,0.02,2,-999,5,1.66672,2,2.86709,2,11.64793,2,2130.16489,2,2317.054113,2,7.825705476,2,25,583.3,2,20
33H320240201,A13.5,84,1,20,840120,11122,2,20240308, 0102,-37.51588,1.00026,5067.423,160.53,2,14.3414,2,35.3822,2,220.50443971380622,2,35.3946,2,224.606,2,0.565,2,2.8,2,5.8,2,0.02,2,-999,5,1.56019,2,2.72001,2,10.37257,2,2122.043299,2,2330.927849,2,7.858836224,2,25,532.49,2,20
33H320240201,A13.5,84,1,21,840121,11120,2,20240308, 0102,-37.51611,0.99995,5067.423,99.549,2,15.3866,2,35.5385,2,219.69664385599464,2,35.5342,2,223.611,2,0.464,2,2.7,2,4.5,2,0.02,2,-999,5,1.49309,2,2.46292,2,9.53261,2,2116.486364,2,2335.782656,2,7.886815781,2,25,498.15,2,20
33H320240201,A13.5,84,1,22,840122,11026,2,20240308, 0102,-37.51625,0.99987,5067.423,59.969,2,16.4691,2,35.568,2,241.8512748445923,2,35.5719,2,244.062,2,0.243,2,1.8,2,0.3,2,0.05,2,-999,5,1.45605,2,2.07568,2,8.38691,2,2097.092527,2,2342.659465,2,7.926858567,2,25,441.61,2,20
33H320240201,A13.5,84,1,23,840123,11102,2,20240308, 0102,-37.51638,0.99983,5067.423,29.067,2,20.1248,2,35.5399,2,222.9818514547636,2,35.5444,2,226.086,2,0.154,2,1,2,0,2,0.01,2,-999,5,1.22927,2,2.05085,2,6.87892,2,2079.183798,2,2342.329138,2,7.96382969,2,25,401.29,2,20
33H320240201,A13.5,84,1,24,840124,11023,2,20240308, 0102,-37.51636,0.99987,5067.423,3.453,2,20.0633,2,35.5147,2,223.10446666589937,2,35.5174,2,226.417,2,0.147,2,1,2,0,2,0.01,2,-999,5,1.24072,2,2.0936,2,6.89325,2,2080.147464,6,2343.039841,2,7.965871516,2,25,399.94,2,20
33H320240201,A13.5,85,1,1,850101,11113,2,20240308, 0731,-38.0008,0.98919,4795.472,4795.472,2,1.15,2,34.7204,2,203.99216343910985,2,34.7311,2,215.774,2,2.152,6,106.9,6,30.8,6,0.01,6,-999,5,0.0939,2,0.20905,2,17.63196,2,2260.349697,2,2371.25778,2,7.61943627,2,25,985.77,2,20
33H320240201,A13.5,85,1,2,850102,11067,2,20240308, 0731,-38.00064,0.98918,4795.472,4624.739,2,1.1402,2,34.7215,2,203.55299451103855,2,34.748,2,214.476,2,2.148,6,106.5,6,30.6,6,0,6,-999,5,0.09184,2,0.21284,2,17.445,2,2259.156368,6,2369.626165,2,7.643344935,2,25,987.53,2,20
33H320240201,A13.5,85,1,3,850103,11052,2,20240308, 0731,-38.00062,0.9893,4795.472,4450.466,2,1.1535,2,34.7246,2,203.3093531193883,2,34.7399,2,215.183,2,2.138,6,105.3,6,30.5,6,0,6,-999,5,0.08668,2,0.18825,2,18.08551,2,2256.422245,2,2369.676214,2,7.63318757,2,25,984.15,6,20
33H320240201,A13.5,85,1,4,850104,11118,2,20240308, 0731,-38.00065,0.98948,4795.472,4049.4,2,1.3536,2,34.7457,2,204.17344640719605,2,34.7565,6,216.681,2,2.068,6,96.5,6,29.6,6,0,6,-999,5,0.05857,2,0.12906,2,17.27558,2,2249.165299,2,2366.212785,2,7.643557003,2,25,959.8,2,20
33H320240201,A13.5,85,1,5,850105,11136,2,20240308, 0731,-38.00075,0.98971,4795.472,3674.994,2,1.8068,2,34.7875,2,207.28023281803087,2,34.8144,2,220.365,2,1.922,2,79.3,2,27.6,2,0,2,-999,5,0.03446,2,0.07232,2,16.19773,2,2234.790725,2,2360.156789,2,7.662994269,2,25,909.35,2,20
33H320240201,A13.5,85,1,6,850106,11027,2,20240308, 0731,-38.00084,0.9896,4795.472,3300.278,2,2.1785,2,34.8191,2,210.79632048465226,2,34.8289,2,223.251,2,1.792,2,64.6,2,25.9,2,0,2,-999,5,0.01602,2,0.04409,2,14.86936,2,2221.779365,2,2349.476214,2,7.671952439,2,25,871.73,2,20
33H320240201,A13.5,85,1,7,850107,-999,2,20240308, 0731,-38.00078,0.98938,4795.472,2999.714,2,2.3428,2,34.826,2,211.00655546177427,2,34.8785,2,223.339,3,1.784,2,59.5,2,25.5,2,0,2,-999,5,0.01887,2,0.0348,2,15.96196,2,2217.324574,2,2347.67443,2,7.683632317,2,25,868.35,2,20
33H320240201,A13.5,85,1,8,850108,11004,2,20240308, 0731,-38.00052,0.98956,4795.472,2699.95,2,2.4854,2,34.821,2,208.28973649704173,2,34.8576,2,219.917,2,1.81,2,57,2,25.7,2,0.01,2,-999,5,0.02407,2,0.05149,2,16.08781,2,2216.449406,2,2345.021804,2,7.67402491,2,25,881.71,2,20
33H320240201,A13.5,85,1,9,850109,11082,2,20240308, 0731,-38.00024,0.98948,4795.472,2400.073,2,2.6252,2,34.8064,2,203.6667581107379,2,34.8234,2,214.075,2,1.848,2,55.7,2,26.4,2,0,2,-999,5,0.03689,2,0.06702,2,16.46886,2,2217.393462,2,2340.297126,6,7.635572142,6,25,905.81,2,20
33H320240201,A13.5,85,1,10,850110,11115,2,20240308, 0731,-38.0005,0.98905,4795.472,2099.525,2,2.7415,2,34.764,2,191.81652740826144,2,34.7929,2,199.942,2,1.979,2,58.7,2,28.2,2,0,2,-999,5,0.06186,2,0.13153,2,17.64137,2,2227.778864,2,2340.146977,2,7.634882567,2,25,968.04,2,20
33H320240201,A13.5,85,1,11,850111,11008,2,20240308, 0731,-38.00097,0.98935,4795.472,1798.756,2,2.7857,2,34.6566,2,174.54520944438283,2,34.6742,2,180.731,2,2.219,2,65.3,2,31.6,2,0.01,2,-999,5,0.17666,2,0.35238,2,19.57409,2,2241.978803,2,2339.466303,2,7.590008118,2,25,1088.82,2,20
33H320240201,A13.5,85,1,12,850112,-999,2,20240308, 0731,-38.00106,0.989,4795.472,1498.964,2,2.9146,2,34.5222,2,173.87433149428497,2,34.53,2,179.404,2,2.324,2,60.4,2,33.2,2,0.01,2,-999,5,0.41353,2,0.82324,2,20.30417,2,2241.401363,6,2327.554509,2,7.570921812,6,25,1139.41,2,20
33H320240201,A13.5,85,1,13,850113,11058,2,20240308, 0731,-38.00096,0.98835,4795.472,1250.122,2,3.1526,2,34.3603,2,190.33179212589502,2,34.3683,2,196.281,2,2.319,2,47.2,2,33.2,2,0.01,2,-999,5,0.949235,6,1.97528,6,19.52379,6,2227.352059,2,2315.722795,2,7.574845885,2,25,1123.02,2,20
33H320240201,A13.5,85,1,14,850114,11124,2,20240308, 0731,-38.00102,0.9885,4795.472,950.21,2,4.1108,2,34.2443,2,219.2752960843343,2,34.2505,2,225.261,6,2.104,2,26,2,30.1,2,0.01,2,-999,5,1.69735,2,3.35267,2,18.25585,2,2192.669379,2,2294.98226,2,7.615919815,2,25,1001.61,2,20
33H320240201,A13.5,85,1,15,850115,11081,2,20240308, 0731,-38.00117,0.98874,4795.472,749.514,2,5.455,2,34.2789,2,225.2806739520859,2,34.2945,2,231.029,2,1.877,2,14.9,2,26.9,2,0.01,2,-999,5,2.04163,2,3.8745,2,16.13679,2,2177.34357,2,2283.250644,2,7.641510673,2,25,936.12,2,20
33H320240201,A13.5,85,1,16,850116,11126,2,20240308, 0731,-38.00134,0.98858,4795.472,560.113,2,8.0137,2,34.5351,2,214.23092062564237,2,34.5389,6,219.484,2,1.52,2,8.2,2,21.5,2,0.01,2,-999,5,1.99802,2,3.69298,2,14.92156,2,2165.451449,2,2290.4778,2,7.693768981,2,25,833.74,2,20
33H320240201,A13.5,85,1,17,850117,11020,2,20240308, 0731,-38.00156,0.98834,4795.472,440.623,2,9.8349,2,34.7681,2,213.77930650681395,2,34.7939,2,218.546,2,1.211,2,5.4,2,16.6,2,0.01,2,-999,5,1.85827,2,3.48749,2,13.14064,2,2155.220616,2,2302.76997,2,7.754003871,2,25,736.34,2,20
33H320240201,A13.5,85,1,18,850118,11128,2,20240308, 0731,-38.00183,0.98844,4795.472,329.816,2,11.4978,2,35.0062,2,216.42523070766887,2,35.0225,2,221.122,2,0.937,2,3.5,2,12.3,2,0.01,2,-999,5,1.7878,2,3.00332,2,12.72365,2,2144.246566,2,2313.550644,2,7.784934481,2,25,653.25,2,20
33H320240201,A13.5,85,1,19,850119,11031,2,20240308, 0731,-38.002,0.98834,4795.472,260.095,2,12.4647,2,35.1496,2,219.10307543810094,2,35.1512,2,223.487,2,0.784,2,2.7,2,9.8,2,0.02,2,-999,5,1.71314,2,2.83066,2,11.77178,2,2138.907321,2,2319.59663,2,7.815849615,2,25,606.28,2,20
33H320240201,A13.5,85,1,20,850120,11122,2,20240308, 0731,-38.00215,0.98824,4795.472,197.552,2,13.0836,2,35.213,2,223.6695556563183,2,35.2529,2,227.669,2,0.659,2,2.1,2,7.5,2,0.02,2,-999,5,1.64133,2,2.84723,2,11.05632,2,2130.873875,2,2326.473439,2,7.833040162,2,25,571.69,2,20
33H320240201,A13.5,85,1,21,850121,11120,2,20240308, 0731,-38.00238,0.98804,4795.472,134.893,2,13.5253,2,35.25,2,231.2490128788569,2,35.2804,2,236.21,2,0.53,2,1.8,2,5.4,2,0.02,2,-999,5,1.63901,2,2.50565,2,9.97205,2,2123.725042,2,2323.860852,2,7.852488338,2,25,543.02,2,20
33H320240201,A13.5,85,1,22,850122,11026,2,20240308, 0731,-38.00256,0.988,4795.472,81.284,2,14.3278,2,35.2498,2,232.0442336161097,2,35.2566,2,236.952,2,0.446,2,1.3,2,3.3,2,0.42,2,-999,5,1.56519,2,2.64376,2,8.86675,2,2115.110107,2,2324.871853,2,7.867929221,2,25,519.97,2,20
33H320240201,A13.5,85,1,23,850123,11102,2,20240308, 0731,-38.00282,0.9881,4795.472,48.839,2,17.5966,2,35.2267,2,238.60161690460916,2,35.227,2,243.28,2,0.18,2,0.8,2,0,2,0.01,2,-999,5,1.40512,2,2.2987,2,7.59095,2,2080.663903,6,2331.168087,2,7.930672692,2,25,431.97,2,20
33H320240201,A13.5,85,1,24,850124,11023,2,20240308, 0731,-38.00296,0.98793,4795.472,3.624,2,18.3993,2,35.1725,2,229.99375431446342,2,35.176,2,233.573,2,0.16,2,0.9,2,0,2,0.01,2,-999,5,1.32944,2,2.09623,2,7.20243,2,2075.564571,2,2325.572547,2,7.933959654,2,25,421.9,2,20
33H320240201,A13.5,86,1,1,860101,11113,2,20240308,1415,-38.50954,0.9955,5226.861,5226.861,2,1.1858,2,34.7185,2,203.23689420241715,2,34.7288,2,214.939,2,2.155,6,107.5,6,30.8,6,0,6,-999,5,0.1007,2,0.18514,2,16.38817,2,2258.802665,2,2372.488999,2,7.631487458,6,25,985.34,2,20
33H320240201,A13.5,86,1,2,860102,11067,2,20240308,1415,-38.50988,0.9947,5226.861,4750.227,2,1.162,2,34.7222,2,202.36695119599648,2,34.7329,2,214.54,2,2.155,6,106.3,6,30.6,6,0,6,0.50841,3,0.09336,2,0.17017,2,15.87832,2,2255.711345,6,2371.30783,2,7.631636822,2,25,985.06,2,20
33H320240201,A13.5,86,1,3,860103,11052,2,20240308,1415,-38.51006,0.9939,5226.861,4299.406,2,1.2477,2,34.7342,2,202.57044183954736,2,34.7282,2,216.029,2,2.111,6,101.7,6,30.2,6,0,6,0.80879,3,0.07626,2,0.13214,2,16.5472,2,2252.06758,2,2367.403964,2,7.638104243,2,25,972.59,2,20
33H320240201,A13.5,86,1,4,860104,11118,2,20240308,1415,-38.5104,0.99322,5226.861,3900.728,2,1.5837,2,34.7663,2,204.26907823383905,2,34.7805,2,-0.964,4,1.999,6,88,6,28.7,6,0,6,0.27779,3,0.05168,2,0.08433,2,16.02308,2,2240.139981,2,2362.569177,2,7.653757377,2,25,932.47,2,20
33H320240201,A13.5,86,1,5,860105,11136,2,20240308,1415,-38.51066,0.99296,5226.861,3552.339,2,2.0175,2,34.8073,2,208.4579021,2,34.8317,2,222.824,6,1.861,2,70.6,2,26.7,2,0,2,0.13082,3,0.02918,2,0.0442,2,13.4041,2,2224.519108,2,2355.54222,2,7.673398677,2,25,882.17,2,20
33H320240201,A13.5,86,1,6,860106,11027,2,20240308,1415,-38.51078,0.99261,5226.861,3201.244,2,2.2538,2,34.8233,2,210.44494659361598,2,34.8325,2,223.336,2,1.8,2,62,2,25.8,2,0,2,0.2542,3,0.02173,2,0.03697,2,15.55749,2,2216.475551,2,2350.006739,2,7.677369393,2,25,866.87,2,20
33H320240201,A13.5,86,1,7,860107,-999,2,20240308,1415,-38.51096,0.99206,5226.861,2899.803,2,2.3969,2,34.8254,2,209.52153125687897,2,34.8344,6,222.353,2,1.792,2,58.2,2,25.7,2,0,2,0.17805,3,0.0218,2,0.03441,2,15.3917,2,2214.749871,2,2347.053816,2,7.676772108,2,25,870.53,2,20
33H320240201,A13.5,86,1,8,860108,11004,2,20240308,1415,-38.51142,0.99176,5226.861,2600.069,2,2.5292,2,34.819,2,206.11384202880768,2,34.8345,2,217.836,2,1.808,2,56.5,2,26,2,0,2,0.16291,3,0.027205,6,0.04398,6,15.095895,6,2215.718508,2,2340.857681,2,7.674211613,2,25,887.18,2,20
33H320240201,A13.5,86,1,9,860109,11082,2,20240308,1415,-38.51194,0.99148,5226.861,2301.633,2,2.6595,2,34.797,2,198.92366857797205,2,34.8101,2,209.488,2,1.885,2,57,2,27,2,0,2,0.11207,3,0.04405,2,0.07858,2,15.98189,2,2220.004412,2,2341.208028,2,7.653763881,2,25,924.19,2,20
33H320240201,A13.5,86,1,10,860110,11115,2,20240308,1415,-38.512,0.99074,5226.861,2000.875,2,2.7773,2,34.7476,2,187.2827522581982,2,34.7387,2,183.615,2,2.004,2,59.8,2,28.9,2,0,2,0.19982,3,0.08167,2,0.14098,2,16.72784,2,2228.824587,2,2345.742517,2,7.628256733,2,25,990.28,2,20
33H320240201,A13.5,86,1,11,860111,11008,2,20240308,1415,-38.5128,0.99106,5226.861,1700.126,2,2.831,2,34.6393,2,173.1879484547072,2,34.6583,2,-0.96,4,2.232,2,65,2,32,2,0,2,0.26777,3,0.19567,2,0.39466,2,19.70157,2,2242.298344,2,2339.406244,2,7.5892101,2,25,1098.15,6,20
33H320240201,A13.5,86,1,12,860112,-999,2,20240308,1415,-38.51318,0.99087,5226.861,1401.614,2,2.9817,2,34.4931,2,173.43159994551337,2,34.5022,2,179.174,2,2.357,2,59,2,33.7,2,0,2,-999,5,0.74014,2,1.15942,2,22.21445,2,2239.871768,2,2326.633598,2,7.566614136,2,25,1151.33,2,20
33H320240201,A13.5,86,1,13,860113,11058,2,20240308,1415,-38.51336,0.99054,5226.861,1151.976,2,3.3434,2,34.3364,2,196.09001883217982,2,34.3711,2,201.163,2,2.289,2,42.3,2,32.7,2,0,2,0.92088,3,1.08421,2,2.30527,2,20.15943,2,2215.976925,6,2310.898018,2,7.58897988,2,25,1090.75,2,20
33H320240201,A13.5,86,1,14,860114,11124,2,20240308,1415,-38.51347,0.99048,5226.861,899.133,2,4.0483,2,34.2256,2,224.18150410342895,2,34.2388,2,229.651,2,2.084,2,24.9,2,29.9,2,0,2,1.59578,3,1.78626,2,3.62468,2,16.12901,2,2189.117452,2,2292.479782,2,7.619517699,2,25,997.51,2,20
33H320240201,A13.5,86,1,15,860115,11081,2,20240308,1415,-38.51354,0.99038,5226.861,679.704,2,5.4625,2,34.2723,2,226.9605010219357,2,34.28,2,231.854,2,1.868,2,14.2,2,26.8,2,0,2,1.94913,3,2.07001,2,4.03719,2,16.95461,2,2173.997518,2,2285.092468,2,7.643584749,2,25,933.37,2,20
33H320240201,A13.5,86,1,16,860116,11126,2,20240308,1415,-38.51362,0.99032,5226.861,521.247,2,7.7511,2,34.5073,2,214.2056263555751,2,34.5104,2,219.314,2,1.574,2,8.7,2,22.2,2,0,2,2.21375,3,1.98605,2,3.8523,2,15.00016,2,2165.581879,2,2293.530823,2,7.683481931,2,25,845.27,2,20
33H320240201,A13.5,86,1,17,860117,11020,2,20240308,1415,-38.51374,0.99029,5226.861,400.099,2,9.317,2,34.6979,2,216.4432673482303,2,34.7053,2,221.409,2,1.275,2,5.9,2,17.8,2,0.01,2,2.33597,3,1.88779,2,3.27472,2,14.46087,2,2155.084574,2,2300.207433,2,7.721032344,2,25,759.18,2,20
33H320240201,A13.5,86,1,18,860118,11128,2,20240308,1415,-38.5138,0.99032,5226.861,299.787,2,11.0064,2,34.933,2,215.20460601315062,2,34.9333,2,219.305,2,1.007,2,4.2,2,13.7,2,0.01,2,2.11872,3,1.78034,2,3.27478,2,13.02813,2,2146.345699,2,2314.401487,2,7.767233448,2,25,676.55,2,20
33H320240201,A13.5,86,1,19,860119,11031,2,20240308,1415,-38.51382,0.99035,5226.861,240.587,2,11.855,2,35.0513,2,221.60421345210514,2,35.0653,6,225.625,2,0.826,2,3.1,2,10.8,2,0.01,2,2.39016,3,1.7032,2,2.46876,2,12.17974,2,2139.11072,2,2319.68672,2,7.795838859,2,25,627.79,2,20
33H320240201,A13.5,86,1,20,860120,11122,2,20240308,1415,-38.51381,0.99036,5226.861,179.893,2,12.6305,2,35.1434,2,225.86285708511568,2,35.1491,2,230.057,2,0.713,2,2.3,2,8.3,2,0.01,2,2.37995,3,1.65454,2,2.78784,2,11.08004,2,2133.687154,2,2324.08107,2,7.825398399,2,25,586.07,2,20
33H320240201,A13.5,86,1,21,860121,11120,2,20240308,1415,-38.51381,0.99039,5226.861,119.919,2,13.3121,2,35.1783,2,230.92533780166755,2,35.182,2,235.268,2,0.553,2,1.8,2,5.9,2,0.01,2,2.64609,3,1.58622,2,2.63917,2,10.08429,2,2121.964797,2,2322.389395,2,7.846704362,2,25,550.74,2,20
33H320240201,A13.5,86,1,22,860122,11026,2,20240308,1415,-38.51381,0.99039,5226.861,68.788,2,14.7898,2,35.1816,2,236.75728502597514,2,35.1855,2,241.432,2,0.36,2,1.3,2,1.9,2,0.43,2,2.4194,3,1.52746,2,2.25866,2,8.55217,2,2105.713547,2,2333.270168,2,7.885885049,2,25,496.88,2,20
33H320240201,A13.5,86,1,23,860123,11102,2,20240308,1415,-38.51378,0.99038,5226.861,38.528,2,17.5668,2,34.9064,2,234.54958726813825,2,34.9123,2,239.107,2,0.195,2,0.8,2,0,2,0.01,2,2.37517,3,1.33076,2,2.3893,2,7.41847,2,2066.191283,6,2314.06115,2,7.945200101,2,25,420.76,2,20
33H320240201,A13.5,86,1,24,860124,11023,2,20240308,1415,-38.51377,0.9905,5226.861,4.009,2,17.8114,2,34.9386,2,234.70132514126558,2,34.9449,2,238.824,2,0.175,2,0.9,2,0,2,0.01,2,2.27031,3,1.34239,2,2.43545,2,7.47614,2,2065.528509,2,2315.902973,6,7.942215647,6,25,419.42,2,20
33H320240201,A13.5,87,1,1,870101,11113,2,20240308,2058,-39.00166,0.99764,5078.881,5078.881,2,1.1756,2,34.7193,2,203.62769342650853,2,34.7311,2,215.083,2,2.16,6,108,6,30.8,6,0,6,0,3,0.09441,2,0.17279,2,18.18786,2,2260.425718,2,2368.03,2,7.632894411,2,25,984.01,2,20
33H320240201,A13.5,87,1,2,870102,11067,2,20240308,2058,-39.00162,0.9975,5078.881,4600.212,2,1.1868,2,34.7259,2,202.76645547382222,2,34.7386,6,214.984,2,2.13,6,105.5,6,30.5,6,0,6,0,3,0.0784,2,0.1267,2,17.85126,2,2256.872255,6,2364.65,2,7.635333162,2,25,981.95,2,20
33H320240201,A13.5,87,1,3,870103,11052,2,20240308,2058,-39.00176,0.99731,5078.881,4151.254,2,1.3943,2,34.7468,2,203.21791766541372,2,34.7611,2,216.442,2,2.064,6,96.7,6,29.6,6,0,6,0.22251,3,0.07003,2,0.12732,2,17.23486,2,2250.376681,2,2360.33,2,7.641050642,2,25,958.93,2,20
33H320240201,A13.5,87,1,4,870104,11118,2,20240308,2058,-39.0017,0.99707,5078.881,3776.218,2,1.812,2,34.7864,2,206.2941452221573,2,34.7957,2,219.742,2,1.928,6,79.8,6,27.7,6,0,6,0,3,0.03919,2,0.06461,2,13.93199,2,2235.73865,2,2353.53,2,7.663231033,2,25,910.74,2,20
33H320240201,A13.5,87,1,5,870105,11136,2,20240308,2058,-39.0019,0.99672,5078.881,3424.687,2,2.1576,2,34.8181,2,210.1182907676261,2,34.8301,2,223.816,2,1.813,2,65.9,2,26.1,2,0,2,0,3,0.01929,2,0.03833,2,15.30382,2,2223.14003,2,2345.9,2,7.678380753,2,25,870.55,2,20
33H320240201,A13.5,87,1,6,870106,11027,2,20240308,2058,-39.00182,0.9965,5078.881,3101.049,2,2.3325,2,34.8257,2,210.32857850013704,2,34.8356,2,222.9615,6,1.783,2,60.3,2,25.7,2,0,2,0.12559,3,0.02119,2,0.03686,2,14.58837,2,2217.874389,2,2343.82,2,7.678051213,2,25,866.7,2,20
33H320240201,A13.5,87,1,7,870107,-999,2,20240308,2058,-39.00197,0.9966,5078.881,2799.722,2,2.4467,2,34.8232,2,208.67977898430527,2,34.8317,2,220.935,2,1.782,2,57.8,2,25.8,2,0,2,0,3,0.0251,2,0.04361,2,14.48156,2,2217.101281,2,2337.24,2,7.676042407,2,25,875.11,2,20
33H320240201,A13.5,87,1,8,870108,11004,2,20240308,2058,-39.00181,0.99656,5078.881,2500.795,2,2.5846,2,34.812,2,204.05190152408701,2,34.8253,2,215.171,2,1.836,2,56.7,2,26.3,2,0,2,0.17908,3,0.03165,2,0.05309,2,15.2795,2,2218.229317,2,2336.55,6,7.664839383,6,25,898.3,2,20
33H320240201,A13.5,87,1,9,870109,11082,3,20240308,2058,-39.00172,0.99664,5078.881,2201.171,2,2.7201,2,34.781,2,196.0635119788267,2,34.7914,2,-999,9,1.92,2,57,2,27.5,2,0,2,-999,5,-999,5,-999,5,-999,5,-999,9,-999,9,7.634344983,2,25,-999,9,20
33H320240201,A13.5,87,1,10,870110,11115,2,20240308,2058,-39.00176,0.99665,5078.881,1899.452,2,2.8017,2,34.7154,2,183.06379109120508,2,34.7285,2,190.818,2,2.078,2,61.3,2,29.9,2,0,2,0.11134,3,0.10605,2,0.21933,2,17.65846,2,2234.501394,2,2335.84,2,7.614838343,2,25,1021.29,2,20
33H320240201,A13.5,87,1,11,870111,11008,2,20240308,2058,-39.00174,0.99642,5078.881,1600.611,2,2.9076,2,34.6028,2,172.88979519178642,2,34.6123,2,178.317,2,2.262,2,62.4,2,32.4,2,0,2,0.31035,3,0.24492,2,0.51427,2,19.40248,2,2242.349356,2,2328.65,2,7.581910583,2,25,1108.49,2,20
33H320240201,A13.5,87,1,12,870112,-999,2,20240308,2058,-39.002,0.99628,5078.881,1300.121,2,2.9975,2,34.4423,2,178.1374993577275,2,34.4503,2,183.323,2,2.35,2,56.1,2,33.8,2,0,2,0.58775,3,0.61415,2,1.08583,2,-999,5,2238.562086,2,2317.4,2,7.568122107,2,25,1152.86,2,20
33H320240201,A13.5,87,1,13,870113,11058,2,20240308,2058,-39.00201,0.99616,5078.881,1049.243,2,3.4291,2,34.3007,2,203.11802570348388,2,34.3137,2,209.028,2,2.248,2,38.6,2,32.3,2,0,2,1.09447,3,1.235425,6,2.5961,6,17.23614,6,2212.477615,6,2300.58,2,7.59351371,2,25,1075.75,2,20
33H320240201,A13.5,87,1,14,870114,11124,2,20240308,2058,-39.0019,0.99602,5078.881,809.739,2,4.3046,2,34.2137,2,229.91581341022228,2,34.2259,6,235.92,2,2.029,2,21.2,2,29.1,2,0,2,1.83402,3,1.94029,2,3.86902,2,14.96791,2,2185.236855,2,2282.98,2,7.626038802,2,25,973.1,2,20
33H320240201,A13.5,87,1,15,870115,11081,2,20240308,2058,-39.00194,0.99596,5078.881,619.756,2,5.7362,2,34.2916,2,226.87752831204895,2,34.2981,2,231.692,2,1.833,2,12.8,2,26.2,2,0,2,2.17156,3,2.07441,2,4.28883,2,12.43252,2,2174.38684,2,2279.07,2,7.648971135,2,25,921.74,2,20
33H320240201,A13.5,87,1,16,870116,11126,2,20240308,2058,-39.00212,0.99583,5078.881,480.404,2,7.6532,2,34.4938,2,216.08358217248923,2,34.5033,2,220.994,6,1.57,2,8.7,2,22.3,2,0.01,2,2.27352,3,1.94218,2,3.74368,2,12.35019,2,2165.387421,2,2285.3,2,7.680464874,2,25,847.33,2,20
33H320240201,A13.5,87,1,17,870117,11020,2,20240308,2058,-39.00224,0.99565,5078.881,359.722,2,9.6998,2,34.755,2,213.77670010220132,2,34.7607,2,218.536,2,1.244,2,5.5,2,17.1,2,0.01,2,2.18875,3,1.77124,2,2.96556,2,10.20411,2,2156.436495,2,2297.23,2,7.734209281,2,25,744.36,2,20
33H320240201,A13.5,87,1,18,870118,11128,2,20240308,2058,-39.00219,0.99543,5078.881,280.378,2,10.9066,2,34.9082,2,223.26064599231552,2,34.9148,2,227.276,2,0.961,2,3.5,2,12.8,2,0.01,2,2.65066,3,1.68459,2,2.65312,2,10.24744,2,2145.708063,2,2305.91,2,7.778876281,2,25,664.23,2,20
33H320240201,A13.5,87,1,19,870119,11031,2,20240308,2058,-39.00211,0.99528,5078.881,219.835,2,11.6877,2,35.0067,2,229.30011327206907,2,35.0251,2,233.816,2,0.801,2,2.6,2,10.1,2,0.01,2,2.24419,3,-999,5,-999,5,-999,5,2136.984249,2,2311.72,2,7.803847774,6,25,616.46,2,20
33H320240201,A13.5,87,1,20,870120,11122,2,20240308,2058,-39.00216,0.99524,5078.881,159.445,2,12.4103,2,35.0999,2,230.04142822971914,2,35.1053,2,234.425,2,0.71,2,2.1,2,8.2,2,0.02,2,2.51017,3,1.54833,2,2.51289,2,10.02667,2,2132.678806,2,2314.11,2,7.825657284,2,25,586.54,2,20
33H320240201,A13.5,87,1,21,870121,11120,2,20240308,2058,-39.00227,0.99534,5078.881,99.386,2,12.9803,2,35.1072,2,232.72382554667706,2,35.1075,2,237.572,2,0.591,2,1.7,2,6.4,2,0.02,2,2.61438,3,1.51421,2,2.52621,2,9.48245,2,2123.587876,2,2314.7,2,7.839631042,2,25,559.04,2,20
33H320240201,A13.5,87,1,22,870122,11026,2,20240308,2058,-39.00228,0.9953,5078.881,60.057,2,14.5689,2,35.1043,2,238.86210083006483,2,35.1062,2,243.789,2,0.394,2,1.3,2,2.3,2,0.49,2,2.31469,3,1.46983,2,2.22408,2,7.21421,2,2106.56376,2,2316.84,2,7.877895538,2,25,504.06,6,20
33H320240201,A13.5,87,1,23,870123,11102,2,20240308,2058,-39.00236,0.99528,5078.881,29.989,2,17.9149,2,35.0445,2,232.2972946189305,2,35.0671,2,236.937,2,0.186,2,1,2,0,2,0.01,2,2.19162,3,1.27639,2,2.11117,2,6.41714,2,2071.341562,6,2314.78,2,7.949455854,2,25,421.81,2,20
33H320240201,A13.5,87,1,24,870124,11023,2,20240308,2058,-39.00226,0.99514,5078.881,3.618,2,17.8082,2,34.9777,2,233.89282204466357,2,34.9845,2,238.163,2,0.184,2,0.8,2,0,2,0.01,2,2.21917,3,1.32098,2,2.20768,2,7.43571,2,2068.433433,2,2312.36,2,7.943424619,2,25,417.94,2,20
33H320240201,A13.5,88,1,1,880101,11113,2,20240309, 0347,-39.50204,0.99918,5140.051,5140.051,2,1.1678,2,34.7179,2,203.85810425652298,2,34.7284,2,215.711,2,2.174,6,108.8,6,30.9,6,0,6,0,3,0.10203,2,0.16653,2,17.4377,2,2260.683374,6,2367.22,2,7.629377945,2,25,986.55,2,20
33H320240201,A13.5,88,1,2,880102,11067,2,20240309, 0347,-39.50199,0.99915,5140.051,4801.014,2,1.1595,2,34.7212,2,202.5930239376934,2,34.7325,2,214.407,2,2.159,6,107.6,6,30.7,6,0,6,0.1346,3,0.0952,2,0.16679,2,16.7097,2,2258.323194,2,2366.15,2,7.631134674,6,25,986.44,2,20
33H320240201,A13.5,88,1,3,880103,11052,2,20240309, 0347,-39.5024,0.9988,5140.051,4449.628,2,1.1943,2,34.7279,2,202.71844387563118,2,34.7368,2,215.865,2,2.145,6,104.9,6,30.5,6,0,6,0,3,0.08779,2,0.15925,2,15.53476,2,2255.510799,2,2364.16,2,7.636077284,2,25,978.42,2,20
33H320240201,A13.5,88,1,4,880104,11118,2,20240309, 0347,-39.50285,0.9985,5140.051,4051.121,2,1.4494,2,34.7534,2,203.75210700823317,2,34.7608,2,217.395,2,2.053,6,94.2,6,29.3,6,0,6,0,3,0.05118,2,0.10317,2,14.91913,2,2246.546178,2,2359.64,2,7.647838548,2,25,946.79,2,20
33H320240201,A13.5,88,1,5,880105,11136,2,20240309, 0347,-39.50304,0.99852,5140.051,3675.255,2,1.8961,2,34.7957,2,207.31941369035812,2,34.8054,2,221.3,2,1.902,2,76.5,2,27.3,2,0,2,0,3,0.03158,2,0.05401,2,13.96592,2,2232.635884,2,2351.41,2,7.680458882,2,25,896.63,2,20
33H320240201,A13.5,88,1,6,880106,11027,2,20240309, 0347,-39.5032,0.99868,5140.051,3300.345,2,2.1974,2,34.8184,2,209.4801702971275,2,34.8271,2,222.645,2,1.813,2,65.2,2,26.1,2,0,2,0.15072,3,0.02179,2,0.03916,2,15.42079,2,2223.522747,2,2346.26,2,7.677055951,2,25,873.53,2,20
33H320240201,A13.5,88,1,7,880107,-999,2,20240309, 0347,-39.50342,0.9988,5140.051,3001.328,2,2.3643,2,34.8247,2,209.59495168436277,2,34.8332,2,222.251,6,1.785,2,59.9,2,25.8,2,0,2,0,3,0.02044,2,0.03736,2,14.28381,2,2217.294781,2,2341.78,2,7.678417513,2,25,869.47,2,20
33H320240201,A13.5,88,1,8,880108,11004,2,20240309, 0347,-39.50354,0.9988,5140.051,2700.36,2,2.4822,2,34.8193,2,206.91250952074049,2,34.8273,6,219.076,2,1.8,2,57.9,2,26,2,0,2,0.14781,3,0.02086,2,0.04443,2,14.13233,2,2216.865123,2,2339.61,2,7.670841888,2,25,883.58,2,20
33H320240201,A13.5,88,1,9,880109,11082,2,20240309, 0347,-39.50368,0.99924,5140.051,2399.946,2,2.6133,2,34.802,2,200.7254368771367,2,34.8094,2,211.764,2,1.874,2,57.8,2,26.9,2,0,2,0.15931,3,0.03704,2,0.07296,2,15.16039,2,2221.918988,2,2335.73,2,7.655576424,2,25,914.72,2,20
33H320240201,A13.5,88,1,10,880110,11115,2,20240309, 0347,-39.50356,0.99904,5140.051,2099.969,2,2.6975,2,34.7595,2,190.93867162533522,2,34.7661,2,199.209,2,1.989,2,60.7,2,28.5,2,0,2,0.12775,3,0.07634,2,0.1399,2,17.14704,2,2229.953091,2,2335.54,2,7.637722932,2,25,972.38,2,20
33H320240201,A13.5,88,1,11,880111,11008,2,20240309, 0347,-39.50359,0.99856,5140.051,1799.183,2,2.7746,2,34.675,2,177.8627768934469,2,34.6812,2,184.721,2,2.171,2,64.2,2,31.1,2,0,2,0.18592,3,0.16371,2,0.29145,2,18.24004,2,2242.216222,2,2334.22,2,7.600274009,2,25,1061.98,2,20
33H320240201,A13.5,88,1,12,880112,-999,2,20240309, 0347,-39.50409,0.99935,5140.051,1497.609,2,2.8814,2,34.5387,2,173.42392019308522,2,34.5462,2,179.098,2,2.329,2,61.6,2,33.1,2,0,2,0.42849,3,0.38088,2,0.70295,2,19.13319,2,2243.51893,2,2325.56,2,7.572040057,2,25,1135.42,2,20
33H320240201,A13.5,88,1,13,880113,11058,2,20240309, 0347,-39.5046,1.00002,5140.051,1251.421,2,3.0843,2,34.4058,2,183.5644930410285,2,34.4127,2,189.624,2,2.364,2,52.2,2,33.5,2,0,2,0.71563,3,0.76214,2,1.38534,2,18.7115,2,2231.76666,6,2314.67,2,7.574554266,2,25,1131.16,2,20
33H320240201,A13.5,88,1,14,880114,11124,2,20240309, 0347,-39.50468,1.0001,5140.051,950.389,2,3.5985,2,34.2608,2,212.26617514328913,2,34.2681,2,217.584,2,2.212,2,33.2,2,31.5,2,0,2,1.41575,3,1.48957,6,2.91847,6,18.991635,6,2206.473832,2,2293.57,2,7.604810051,2,25,1045.03,2,20
33H320240201,A13.5,88,1,15,880115,11081,2,20240309, 0347,-39.50473,0.99983,5140.051,751.576,2,4.5615,2,34.2336,2,226.26608999459398,2,34.2416,2,231.774,2,2.012,2,20.2,2,28.7,2,0,2,1.85664,3,1.92196,2,3.84014,2,15.67545,2,2185.949444,2,2284.58,2,7.62950688,2,25,967.58,2,20
33H320240201,A13.5,88,1,16,880116,11126,2,20240309, 0347,-39.50464,1.00013,5140.051,560.224,2,6.3637,2,34.3562,2,220.28705054801895,2,34.3641,2,224.685,2,1.776,2,11.6,2,25.2,2,0,2,2.08756,3,2.03439,2,3.60736,2,14.099,2,2174.203895,2,2281.53,2,7.657103052,2,25,904.87,6,20
33H320240201,A13.5,88,1,17,880117,11020,2,20240309, 0347,-39.50438,0.99974,5140.051,440.894,2,8.0561,2,34.5367,2,217.59376309205223,2,34.5419,2,221.698,2,1.5,2,7.8,2,21.1,2,0.01,2,2.24296,3,2.0272,2,4.02774,2,16.01735,2,2165.27143,2,2287.99,2,7.691194399,2,25,825.47,2,20
33H320240201,A13.5,88,1,18,880118,11128,2,20240309, 0347,-39.50427,0.99981,5140.051,330.742,2,9.7873,2,34.7507,2,223.10571258328747,2,34.7468,2,227.791,2,1.158,2,4.7,2,15.9,2,0.01,2,2.48697,3,1.89055,2,3.26484,2,12.08387,2,2152.838199,2,2297.8,2,7.741977634,2,25,723.66,2,20
33H320240201,A13.5,88,1,19,880119,11031,2,20240309, 0347,-39.50414,0.99999,5140.051,259.764,2,10.7833,2,34.8762,2,229.65977942791702,2,34.8817,2,234.251,2,0.941,2,3.2,2,12.2,2,0.02,2,2.77562,3,1.81125,2,3.23706,2,12.13807,2,2142.295594,2,2304.4,2,7.817100694,2,25,655.85,2,20
33H320240201,A13.5,88,1,20,880120,11122,2,20240309, 0347,-39.5041,1.00002,5140.051,200.599,2,11.4262,2,34.9639,2,229.50107740696993,2,34.9671,2,234.263,2,0.852,2,2.7,2,10.6,2,0.01,2,2.47638,3,1.77705,2,3.01853,2,10.83162,2,2140.039659,2,2309.98,2,7.795555017,2,25,627.39,2,20
33H320240201,A13.5,88,1,21,880121,11120,2,20240309, 0347,-39.504,1,5140.051,140.059,2,11.6878,2,34.8999,2,239.50731909731314,2,34.9067,2,243.753,2,0.743,2,2,2,8.7,2,0.01,2,2.56939,3,1.75097,2,3.0958,2,10.08053,2,2129.422768,2,2306.4,2,7.817069673,2,25,599.9,2,20
33H320240201,A13.5,88,1,22,880122,11026,2,20240309, 0347,-39.50392,1.00002,5140.051,79.963,2,13.5274,2,34.9607,2,238.34938835977832,2,34.9694,2,243.012,2,0.52,2,1.4,2,4.4,2,0.48,2,2.5571,3,1.65684,2,3.10364,2,9.24477,2,2113.182415,2,2308.46,6,7.853560581,6,25,538.08,2,20
33H320240201,A13.5,88,1,23,880123,11102,2,20240309, 0347,-39.50384,0.99992,5140.051,49.027,2,17.4737,2,34.8385,2,232.75735374407643,2,34.8443,6,237.555,2,0.228,2,0.7,2,0.1,2,0.01,2,2.32559,3,1.36707,2,2.36398,2,6.92113,2,2068.236309,2,2307.04,2,7.942840676,2,25,421.74,2,20
33H320240201,A13.5,88,1,24,880124,11023,2,20240309, 0347,-39.5039,0.99987,5140.051,4.367,2,17.5204,2,34.8391,2,233.4916124753829,2,34.8413,2,237.671,2,0.213,2,0.7,2,0,2,0.02,2,2.43387,3,1.3668,2,2.51736,2,7.39159,2,2066.620409,6,2309.33,2,7.947749848,2,25,418.61,2,20
33H320240201,A13.5,89,1,1,890101,11113,2,20240309,1026,-40.00012,1.00269,4955.093,4955.093,2,1.1467,2,34.7179,2,203.9229948111703,2,34.7293,2,215.245,2,2.135,6,108.3,6,30.8,6,0,6,0,3,0.10307,2,0.15082,2,18.12677,2,2260.312612,2,2364.97,2,7.631492037,2,25,988.43,2,20
33H320240201,A13.5,89,1,2,890102,11067,2,20240309,1026,-40.00019,1.00256,4955.093,4624.395,2,1.1526,2,34.7226,2,203.45739410221216,2,34.7321,2,215.106,2,2.127,6,106.8,6,30.6,6,0,6,0.35586,3,0.08585,2,0.18826,2,16.82737,2,2257.872429,6,2364.57,2,7.634090352,2,25,988.58,2,20
33H320240201,A13.5,89,1,3,890103,11052,2,20240309,1026,-39.99973,1.00256,4955.093,4300.508,2,1.2252,2,34.7313,2,202.9355843688579,2,34.7413,2,215.856,2,2.099,6,103.2,6,30.2,6,0,6,0.39671,3,0.07653,2,0.19338,2,16.93852,2,2254.142871,2,2362.96,2,7.636616493,6,25,978.04,2,20
33H320240201,A13.5,89,1,4,890104,11118,2,20240309,1026,-39.99935,1.00237,4955.093,3889.738,2,1.5863,2,34.7659,2,205.14255271171388,2,34.7759,2,218.247,2,1.988,6,88.6,6,28.6,6,0,6,0.31899,3,0.05168,2,0.10547,2,16.19315,2,2240.476334,2,2358.49,2,7.652605281,2,25,936.92,2,20
33H320240201,A13.5,89,1,5,890105,11136,2,20240309,1026,-39.99928,1.002,4955.093,3552.117,2,1.9976,2,34.8047,2,208.74912680409238,2,34.8148,2,222.496,2,1.833,2,72.2,2,26.7,2,0,2,0,3,0.022855,6,0.04464,6,14.43314,6,2227.497885,2,2350.06,2,7.669934333,2,25,887.86,2,20
33H320240201,A13.5,89,1,6,890106,11027,2,20240309,1026,-39.99902,1.00194,4955.093,3199.911,2,2.236,2,34.8216,2,210.56224265840538,2,34.8333,2,223.011,2,1.769,2,63.3,2,25.8,2,0,2,0,3,0.0163,2,0.03655,2,15.42309,2,2221.155033,2,2344.95,2,7.679105237,2,25,871.02,2,20
33H320240201,A13.5,89,1,7,890107,-999,2,20240309,1026,-39.99898,1.0018,4955.093,2873.949,2,2.3919,2,34.8229,2,209.10036695592458,2,34.839,2,220.903,2,1.779,2,59.5,2,25.8,2,0,2,0.12982,3,0.02226,2,0.04416,2,13.98312,2,2216.53276,2,2341.29,2,7.67983159,2,25,876.78,6,20
33H320240201,A13.5,89,1,8,890108,11004,2,20240309,1026,-39.99893,1.00182,4955.093,2600.97,2,2.5196,2,34.8168,2,205.98801548495575,2,34.8282,2,217.3855,6,1.794,2,57.6,2,26.1,2,0,2,0,3,0.02503,2,0.04492,2,14.2878,2,2216.739165,2,2337.9,2,7.671030464,2,25,890.6,2,20
33H320240201,A13.5,89,1,9,890109,11082,2,20240309,1026,-39.9984,1.00183,4955.093,2298.815,2,2.6446,2,34.797,2,199.36664517292206,2,34.8081,6,209.549,2,1.86,2,57.9,2,27.1,2,0,2,0.14942,3,0.03972,2,0.09413,2,15.32864,2,2222.759297,2,2336,2,7.654195377,2,25,926.65,2,20
33H320240201,A13.5,89,1,10,890110,11115,2,20240309,1026,-39.99846,1.0018,4955.093,2000.508,2,2.7259,2,34.7441,2,186.86090483378675,2,34.7531,2,195.261,2,2.002,2,61.9,2,29.1,2,0,2,0.13167,3,0.08664,2,0.16692,2,16.60279,2,2231.006169,2,2335.84,2,7.625645623,2,25,998.85,2,20
33H320240201,A13.5,89,1,11,890111,11008,2,20240309,1026,-39.99814,1.00182,4955.093,1700.45,2,2.7846,2,34.6455,2,173.29071744915683,2,34.6549,2,178.714,2,2.201,2,65.8,2,32,2,0,2,0.13849,3,0.19886,2,0.38325,2,19.19773,2,2245.296331,2,2336.15,2,7.56938248,2,25,1099.79,2,20
33H320240201,A13.5,89,1,12,890112,-999,2,20240309,1026,-39.99768,1.00154,4955.093,1399.63,2,2.8895,2,34.5094,2,172.2631425021102,2,34.5174,2,176.763,2,2.316,2,61.6,2,33.7,2,0,2,0.47737,3,0.45794,2,0.91925,2,20.04026,2,2245.039297,6,2324.89,2,7.568943612,2,25,1158.8,2,20
33H320240201,A13.5,89,1,13,890113,11058,2,20240309,1026,-39.99746,1.00147,4955.093,1150.661,2,3.1166,2,34.3756,2,187.96414592151874,2,34.3843,2,193.296,2,2.304,2,49.5,2,33.4,2,0,2,0.95683,3,0.89228,2,1.93462,2,19.44881,2,2228.974788,2,2313.81,2,7.573067324,2,25,1133.18,2,20
33H320240201,A13.5,89,1,14,890114,11124,2,20240309,1026,-39.99714,1.00112,4955.093,899.426,2,3.6786,2,34.2275,2,221.37742135955213,2,34.2356,2,227.327,2,2.127,2,29.3,2,30.8,2,0,2,1.64121,3,1.68785,2,3.5982,2,17.76982,2,2197.369624,2,2290.79,2,7.608142627,2,25,1029.14,2,20
33H320240201,A13.5,89,1,15,890115,11081,2,20240309,1026,-39.99685,1.00094,4955.093,679.405,2,4.7638,2,34.213,2,233.36228883896683,2,34.2199,6,239.277,2,1.904,2,16.4,2,27.9,2,0,2,2.21926,3,2.11245,2,4.29261,2,16.14058,2,2178.462123,2,2281.56,2,7.635709105,2,25,955.35,2,20
33H320240201,A13.5,89,1,16,890116,11126,2,20240309,1026,-39.99645,1.00106,4955.093,519.949,2,6.5014,2,34.3546,2,222.47424587532913,2,34.3594,2,227.028,2,1.706,2,10.4,2,24.7,2,0,2,2.43721,3,2.09461,2,4.05678,2,15.75652,2,2173.378039,2,2282.51,2,7.653418891,2,25,907.75,2,20
33H320240201,A13.5,89,1,17,890117,11020,2,20240309,1026,-39.99636,1.00118,4955.093,398.83,2,8.26,2,34.5386,2,227.8987081985433,2,34.5429,2,233.179,2,1.37,2,6.3,2,19.4,2,0.01,2,2.63907,3,2.02069,2,3.91032,2,14.41576,2,2158.44665,2,2289.37,2,7.704570944,2,25,795.69,2,20
33H320240201,A13.5,89,1,18,890118,11128,2,20240309,1026,-39.99633,1.00098,4955.093,300.103,2,9.4138,2,34.6738,2,246.36613688129088,2,34.6781,2,251.5725,6,1.043,2,3.7,2,14,2,0.01,2,2.88444,3,1.91509,2,3.65613,2,12.22436,2,2141.323472,2,2296.05,2,7.767655121,2,25,681.84,2,20
33H320240201,A13.5,89,1,19,890119,11031,2,20240309,1026,-39.99625,1.00062,4955.093,239.18,2,9.9644,2,34.728,2,241.68481139688475,2,34.7337,2,246.373,2,0.98,2,3.4,2,13.1,2,0.01,2,2.75409,3,1.86768,2,3.56008,2,12.22807,2,2139.366403,2,2299.53,2,7.770546897,2,25,670.29,2,20
33H320240201,A13.5,89,1,20,890120,11122,2,20240309,1026,-39.99611,1.00072,4955.093,180.786,2,10.4239,2,34.718,2,246.3337711751127,2,34.7228,2,250.762,2,0.883,2,2.4,2,11,2,0.02,2,2.7551,3,1.82697,2,3.49485,2,11.62816,2,2130.628882,2,2299.15,6,7.790545762,6,25,639.33,2,20
33H320240201,A13.5,89,1,21,890121,11120,2,20240309,1026,-39.9961,1.00064,4955.093,120.36,2,11.0429,2,34.7125,2,247.47935201697192,2,34.7175,2,251.019,2,0.784,2,2,2,9.7,2,0.02,2,2.7619,3,1.79473,2,3.45121,2,10.9283,2,2122.603789,2,2299.7,2,7.803154815,2,25,613.05,2,20
33H320240201,A13.5,89,1,22,890122,11026,2,20240309,1026,-39.99612,1.0007,4955.093,68.402,2,13.1049,2,34.7231,2,240.58737191770066,2,34.7286,2,245.642,2,0.583,2,1.5,2,4.4,2,1.22,2,2.54918,3,1.68009,2,3.21913,2,10.20557,2,2109.967867,2,2300.19,2,7.846378063,2,25,554.7,2,20
33H320240201,A13.5,89,1,23,890123,11102,2,20240309,1026,-39.99618,1.00061,4955.093,39.503,2,15.248,2,34.5897,2,247.45866213672792,2,34.5951,2,251.437,2,0.364,2,0.3,2,1.6,2,0.09,2,2.46301,3,1.50443,2,2.87366,2,9.37412,2,2062.824533,6,2297.56,2,7.930404261,2,25,438.19,2,20
33H320240201,A13.5,89,1,24,890124,11023,2,20240309,1026,-39.9962,1.0006,4955.093,5.049,2,15.4359,2,34.5926,2,249.30151996026999,2,34.5961,2,252.806,2,0.339,2,0.3,2,1.4,2,0.08,2,2.39622,3,1.52184,2,2.88859,2,9.45531,2,2063.155478,2,2300.84,2,7.939419386,2,25,431.86,2,20
33H320240201,A13.5,90,1,1,900101,11113,2,20240309,1717,-40.50032,0.91672,4720.765,4720.765,2,1.1369,2,34.7196,2,204.3571065045332,2,34.7375,2,215.771,2,2.13,6,107.5,6,30.7,6,0.01,6,0.22625,3,0.09788,2,0.17434,2,18.63177,2,2259.506406,6,2365.81,2,7.634543847,2,25,988.85,6,20
33H320240201,A13.5,90,1,2,900102,11067,2,20240309,1717,-40.50069,0.91702,4720.765,4250.734,2,1.1752,2,34.728,2,203.73927619983402,2,34.7426,2,215.903,2,2.114,6,103.9,6,30.3,6,0.01,6,0.13842,3,0.08432,2,0.14836,2,17.64853,2,2256.783074,2,2363.6,2,7.633232981,2,25,975.99,2,20
33H320240201,A13.5,90,1,3,900103,11052,2,20240309,1717,-40.50103,0.91598,4720.765,3775.653,2,1.559,2,34.7625,2,204.9645428961076,2,34.7753,2,217.467,2,2.005,6,89.2,6,28.8,6,0.01,6,0.23321,3,0.05329,2,0.09309,2,17.23176,2,2242.722139,2,2357.38,2,7.653954363,2,25,941.3,2,20
33H320240201,A13.5,90,1,4,900104,11118,2,20240309,1717,-40.50115,0.91718,4720.765,3424.483,2,2.0018,2,34.803,2,208.64084283228692,2,34.8135,2,221.487,2,1.865,6,71.8,6,26.8,6,0.01,6,0.19601,3,0.02319,2,0.04933,2,16.76931,2,2227.951308,2,2351.74,2,7.670678488,2,25,890.32,2,20
33H320240201,A13.5,90,1,5,900105,11136,2,20240309,1717,-40.50143,0.91718,4720.765,3100.081,2,2.2586,2,34.824,2,211.39215887242293,2,34.8347,6,224.101,2,1.777,2,61.9,2,25.8,2,0.01,2,0.21793,3,0.01625,2,0.03043,2,16.21869,2,2219.403876,2,2343.62,2,7.680284627,2,25,865.36,2,20
33H320240201,A13.5,90,1,6,900106,11027,2,20240309,1717,-40.50168,0.91633,4720.765,2801.95,2,2.3774,2,34.8239,2,210.22970779601474,2,34.8338,2,221.732,2,1.786,2,59.1,2,25.8,2,0.01,2,0.17098,3,0.01633,2,0.03475,2,16.76989,2,2216.05007,2,2340.77,2,7.677487397,2,25,868.85,2,20
33H320240201,A13.5,90,1,7,900107,-999,2,20240309,1717,-40.50195,0.91648,4720.765,2501.158,2,2.5152,2,34.8159,2,206.26618170614134,2,34.8305,2,217.191,2,1.817,2,57.3,2,26.2,2,0.01,2,0.20192,3,0.02348,2,0.04641,2,17.10615,2,2217.412043,2,2338.14,2,7.671031672,2,25,890.9,2,20
33H320240201,A13.5,90,1,8,900108,11004,2,20240309,1717,-40.50228,0.9164,4720.765,2199.88,2,2.6015,2,34.7831,2,196.26543619784462,2,34.8151,2,204.65,2,1.924,2,60.7,2,27.7,2,0.01,2,0,3,0.05126,2,0.09247,2,17.76112,2,2226.100725,2,2336.29,2,7.646021889,6,25,942.22,2,20
33H320240201,A13.5,90,1,9,900109,11082,2,20240309,1717,-40.50245,0.91602,4720.765,1901.639,2,2.7007,2,34.7218,2,183.04824323758203,2,34.733,2,190.2475,6,2.067,6,64.5,6,29.9,6,0.01,6,0.13244,3,0.1146,2,0.1921,2,18.98294,2,2237.791972,2,2336.87,2,7.616075661,2,25,1024.8,2,20
33H320240201,A13.5,90,1,10,900110,11115,2,20240309,1717,-40.50279,0.91612,4720.765,1600.889,2,2.7938,2,34.6048,2,171.94470298817143,2,34.6245,2,177.188,2,2.283,2,65.5,2,32.6,2,0.01,2,0.29692,3,0.2616,2,0.49517,2,20.84485,2,2245.280264,2,2332.53,2,7.575064827,2,25,1083.23,2,20
33H320240201,A13.5,90,1,11,900111,11008,2,20240309,1717,-40.50306,0.91617,4720.765,1299.374,2,2.9137,2,34.4586,2,178.0861120605294,2,34.4748,2,182.78,2,2.364,2,57.7,2,33.8,2,0.01,2,0.64418,3,0.61064,2,1.24873,2,21.26574,2,2238.715517,2,2319.47,2,7.565955054,2,25,1155.11,2,20
33H320240201,A13.5,90,1,12,900112,-999,2,20240309,1717,-40.50324,0.91678,4720.765,1050.89,2,3.2272,2,34.3135,2,199.51269634939212,2,34.3362,2,204.61,2,2.291,2,42.5,2,32.8,2,0.01,2,1.00414,3,1.1666,2,2.45844,2,20.33261,2,2216.959333,2,2304.71,2,7.581262277,2,25,1098.79,2,20
33H320240201,A13.5,90,1,13,900113,11058,2,20240309,1717,-40.50365,0.91648,4720.765,809.455,2,3.8955,2,34.2093,2,227.73748001446475,2,34.2172,2,233.985,2,2.101,6,25.3,6,30.1,6,0,6,1.85173,3,1.83021,2,3.65474,2,18.14127,2,2189.586806,6,2287.77,2,7.615139257,2,25,1003.21,2,20
33H320240201,A13.5,90,1,14,900114,11124,2,20240309,1717,-40.50392,0.916,4720.765,619.643,2,5.1355,2,34.2357,2,231.6328447463309,2,34.2417,2,236.623,2,1.908,2,14.8,2,27.4,2,0,2,2.04593,3,2.08406,2,3.82368,2,17.03549,2,2190.920567,3,2280.21,6,7.640784632,6,25,945.47,2,20
33H320240201,A13.5,90,1,15,900115,11081,2,20240309,1717,-40.50406,0.91586,4720.765,481.592,2,6.7808,2,34.3931,2,219.58823064133134,2,34.426,2,224.55,2,1.696,2,10.4,2,24.2,2,0.01,2,2.18496,3,2.03148,2,4.0359,2,16.46277,2,2170.992938,2,2283.46,2,7.663268177,2,25,889.55,2,20
33H320240201,A13.5,90,1,16,900116,11126,2,20240309,1717,-40.50421,0.91578,4720.765,360.06,2,8.1593,2,34.5259,2,227.2625645,2,34.5285,2,232.094,2,1.402,2,6.5,2,19.7,2,0.01,2,2.80169,3,2.01719,2,3.835,2,14.42309,2,2159.765924,2,2288.39,2,7.706101017,2,25,803.72,2,20
33H320240201,A13.5,90,1,17,900117,11020,2,20240309,1717,-40.50431,0.91569,4720.765,280.337,2,9.2737,2,34.6644,2,233.93619191672894,2,34.6743,6,237.699,2,1.186,2,4.6,2,16,2,0.01,2,2.53393,3,1.88722,2,3.32132,2,13.30932,2,2148.508298,2,2294.12,2,7.739318768,2,25,725.44,2,20
33H320240201,A13.5,90,1,18,900118,11128,2,20240309,1717,-40.50447,0.91566,4720.765,219.869,2,9.9485,2,34.742,2,236.00971151160545,2,34.7551,2,241.055,2,1.038,2,3.6,2,13.7,2,0.02,2,2.45853,3,1.83723,6,3.35846,6,12.529685,6,2142.150483,2,2298.23,2,7.762235419,2,25,683.44,2,20
33H320240201,A13.5,90,1,19,900119,11031,2,20240309,1717,-40.50469,0.91536,4720.765,159.713,2,10.5677,2,34.7768,2,237.9682361546008,2,34.7924,2,241.3055,6,0.906,6,2.8,6,11.7,6,0.02,6,2.68671,3,1.77073,2,3.19639,2,11.75934,2,2136.836598,2,2298.75,2,7.78027846,2,25,652.15,2,20
33H320240201,A13.5,90,1,20,900120,11122,2,20240309,1717,-40.5048,0.91514,4720.765,129.332,2,10.911,2,34.7911,2,241.3120714694823,2,34.8065,2,245.884,2,0.845,2,2.3,2,10.3,2,0.02,2,2.7367,3,1.76897,2,3.19936,2,11.23221,2,2130.653506,2,2298.82,2,7.795334802,2,25,628.87,2,20
33H320240201,A13.5,90,1,21,900121,11120,2,20240309,1717,-40.50488,0.91506,4720.765,100.387,2,11.2821,2,34.805,2,242.81759227181732,2,34.8219,2,246.928,2,0.781,2,2.1,2,9.4,2,0.02,2,2.58602,3,1.74629,2,3.21579,2,11.05375,2,2128.985859,2,2300.32,2,7.80132209,2,25,613.73,2,20
33H320240201,A13.5,90,1,22,900122,11026,2,20240309,1717,-40.50496,0.9151,4720.765,60.258,2,12.8134,2,34.6795,2,242.0352066382745,2,34.6913,2,246.983,2,0.661,2,1.6,2,5.5,2,1.11,2,2.72465,3,1.68667,2,3.21385,2,10.12448,2,2112.639338,2,2296.82,2,7.83070082,2,25,562.54,2,20
33H320240201,A13.5,90,1,23,900123,11102,2,20240309,1717,-40.50517,0.9151,4720.765,29.838,2,15.2445,2,34.5523,2,248.73698339978688,2,34.5589,2,251.698,2,0.394,2,0.3,2,1.9,2,0.08,2,2.49739,3,1.50712,2,2.60905,2,9.65751,2,2066.002419,2,2293.95,2,7.931068173,2,25,437.21,2,20
33H320240201,A13.5,90,1,24,900124,11023,2,20240309,1717,-40.50549,0.91504,4720.765,4.325,2,15.2946,2,34.5527,2,249.95455657026662,2,34.5577,2,253.178,2,0.395,2,0.3,2,1.9,2,0.08,2,2.54304,3,1.50255,2,2.49137,2,10.4312,2,2061.328332,6,2294.36,2,7.932014238,2,25,433.22,2,20
33H320240201,A13.5,91,1,1,910101,11113,2,20240309,2344,-41.00184,0.83578,4645.901,4645.901,2,1.1231,2,34.719,2,204.33528947350567,2,34.7327,2,214.814,2,2.143,6,107.8,6,30.6,6,0.01,6,0,3,0.10044,2,0.20049,2,18.5466,2,2259.312335,6,2368.05,2,7.634344983,2,25,988.77,2,20
33H320240201,A13.5,91,1,2,910102,11067,2,20240309,2344,-41.00143,0.83593,4645.901,4099.636,2,1.195,2,34.7306,2,203.93031865338017,2,34.7523,2,215.24,2,2.078,6,102.2,6,30.1,6,0.01,6,0,3,0.07642,2,0.15765,2,17.93083,2,2253.98726,2,2364.76,2,7.637166908,2,25,979.8,2,20
33H320240201,A13.5,91,1,3,910103,11052,2,20240309,2344,-41.00106,0.83598,4645.901,3675.357,2,1.5725,2,34.7639,2,205.181775,2,34.7795,2,216.81,2,1.983,6,88.4,6,28.6,6,0.01,6,0,3,0.051,2,0.09333,2,17.0601,2,2243.788038,2,2357.97,2,7.650487712,2,25,940.91,2,20
33H320240201,A13.5,91,1,4,910104,11118,2,20240309,2344,-41.00076,0.83592,4645.901,3300.842,2,1.9796,2,34.8024,2,208.95343188159663,2,34.8146,6,221.777,2,1.84,6,71.5,6,26.7,6,0.01,6,0,3,0.02812,2,0.05477,2,16.2519,2,2229.445637,2,2350.76,2,7.6703085,2,25,892.6,2,20
33H320240201,A13.5,91,1,5,910105,11136,2,20240309,2344,-41.00051,0.83552,4645.901,3000.953,2,2.1964,2,34.813,2,209.03348150172292,2,34.8248,2,220.975,2,1.798,2,65.1,2,26.1,2,0.01,2,0.13675,3,0.02518,2,0.05129,2,16.156,2,2222.607826,2,2345.03,2,7.669226655,2,25,885.66,2,20
33H320240201,A13.5,91,1,6,910106,11027,2,20240309,2344,-41.00055,0.83595,4645.901,2700.578,2,2.3269,2,34.8063,2,205.80391292639302,2,34.8195,2,216.89,2,1.825,2,63.3,2,26.5,2,0.01,2,0.18173,3,0.03472,2,0.0621,2,16.23456,2,2223.667572,2,2341.63,2,7.662026694,2,25,903.51,2,20
33H320240201,A13.5,91,1,7,910107,-999,2,20240309,2344,-41.00032,0.83612,4645.901,2400.337,2,2.485,2,34.7951,2,200.64178249656803,2,34.8085,2,210.414,2,1.871,2,61.6,2,27,2,0.01,2,0,3,0.04728,2,0.08367,2,17.02691,2,2225.998185,2,2340.72,2,7.657683804,2,25,926.3,2,20
33H320240201,A13.5,91,1,8,910108,11004,2,20240309,2344,-41.00034,0.83621,4645.901,2100.134,2,2.6098,2,34.757,2,190.4856784407893,2,34.7669,2,198.503,2,1.975,2,63.4,2,28.5,2,0.01,2,0,3,0.08493,2,0.15529,2,17.93896,2,2232.88683,2,2336.63,2,7.631489026,2,25,983.49,2,20
33H320240201,A13.5,91,1,9,910109,11082,2,20240309,2344,-41.00044,0.83682,4645.901,1799.862,2,2.7281,2,34.6903,2,178.76821504531475,2,34.6973,2,185.526,6,2.107,2,65.2,2,30.7,2,0.01,2,0,3,0.14959,2,0.28958,2,19.21634,2,2242.015974,2,2336.37,2,7.603191348,2,25,1060.53,2,20
33H320240201,A13.5,91,1,10,910110,11115,2,20240309,2344,-41.00066,0.8374,4645.901,1500.279,2,2.808,2,34.5741,2,172.20109922096978,2,34.5815,2,177.115,2,2.27,2,63.8,2,32.8,2,0.01,2,0.25035,3,0.33087,2,0.6575,2,20.57896,2,2246.869102,2,2329.06,2,7.570851805,2,25,1139.62,2,20
33H320240201,A13.5,91,1,11,910111,11008,2,20240309,2344,-41.0009,0.83715,4645.901,1250.883,2,2.9627,2,34.4518,2,177.35323291922728,2,34.46,2,182.13,2,2.319,2,56.6,2,33.6,2,0.01,2,0.47013,3,0.62913,2,1.18773,2,20.92088,2,2239.212671,2,2317.93,2,7.565059466,2,25,1156.43,2,20
33H320240201,A13.5,91,1,12,910112,-999,2,20240309,2344,-41.00088,0.83662,4645.901,950.749,2,3.402,2,34.2838,2,206.54594258695863,2,34.2946,2,212.139,2,2.209,2,37.5,2,32,2,0.01,2,1.36561,3,1.354005,6,2.556685,6,19.333445,6,2211.992227,2,2299.58,2,7.590098368,2,25,1064.22,2,20
33H320240201,A13.5,91,1,13,910113,11058,2,20240309,2344,-41.00092,0.8364,4645.901,748.525,2,4.0138,2,34.2154,2,227.26081665104473,2,34.223,2,232.15,2,2.054,2,24.2,2,29.6,2,0.01,2,1.83833,3,1.84636,2,3.43135,2,17.74203,2,2190.844151,6,2286.63,2,7.61803517,2,25,997.19,2,20
33H320240201,A13.5,91,1,14,910114,11124,2,20240309,2344,-41.00082,0.83566,4645.901,556.554,2,4.9253,2,34.2167,2,234.93116103070162,2,34.225,2,240.074,2,1.891,2,15.1,2,27.4,2,0.01,2,2.16934,3,2.15332,2,4.26046,2,16.51322,2,2178.255228,2,2279.24,2,7.636152239,2,25,948.06,6,20
33H320240201,A13.5,91,1,15,910115,11081,2,20240309,2344,-41.00076,0.83542,4645.901,441.053,2,5.977,2,34.2967,2,229.37067273390363,2,34.303,2,234.047,2,1.751,2,11,2,25.4,2,0.01,2,2.39904,3,2.13936,2,4.11562,2,15.61084,2,2172.980426,2,2277.99,6,7.647820661,6,25,916.1,2,20
33H320240201,A13.5,91,1,16,910116,11126,2,20240309,2344,-41.00072,0.83576,4645.901,330.705,2,7.6782,2,34.4686,2,228.0047632012836,2,34.4747,6,232.557,2,1.468,2,7.1,2,21,2,0.02,2,2.37026,3,2.05582,2,3.88323,2,14.73882,2,2163.086937,2,2285.32,2,7.690800415,2,25,830.11,2,20
33H320240201,A13.5,91,1,17,910117,11020,2,20240309,2344,-41.00076,0.83568,4645.901,260.226,2,8.4697,2,34.5425,2,238.23898287270387,2,34.5542,2,242.826,2,1.263,2,5.1,2,17.6,2,0.02,2,2.63337,3,1.99651,2,3.73366,2,13.34574,2,2151.626957,2,2287.94,2,7.728597728,2,25,755.58,2,20
33H320240201,A13.5,91,1,18,910118,11128,2,20240309,2344,-41.00078,0.83545,4645.901,201.846,2,8.9729,2,34.5793,2,252.05582820281424,2,34.5878,2,256.656,2,1.086,2,3.5,2,14.6,2,0.03,2,2.72805,3,1.96521,2,3.62778,2,11.94228,2,2140.852777,2,2291.35,2,7.75893835,2,25,691.88,2,20
33H320240201,A13.5,91,1,19,910119,11031,2,20240309,2344,-41.00082,0.83544,4645.901,168.829,2,9.3006,2,34.6104,2,253.20243593591601,2,34.6182,2,257.976,2,1.024,2,3.1,2,13.5,2,0.03,2,2.78886,3,1.8992,2,3.24732,2,11.66146,2,2137.941687,2,2290.92,2,7.768846018,2,25,674.37,2,20
33H320240201,A13.5,91,1,20,910120,11122,2,20240309,2344,-41.00089,0.83542,4645.901,140.358,2,9.4143,2,34.5937,2,255.85923149007155,2,34.6007,2,260.795,2,0.98,2,2.7,2,12.8,2,0.03,2,2.87456,3,1.89863,2,3.26363,2,11.5745,2,2133.400333,2,2289.96,2,7.775445178,2,25,663.64,2,20
33H320240201,A13.5,91,1,21,910121,11120,2,20240309,2344,-41.00096,0.83544,4645.901,110.08,2,9.7391,2,34.6036,2,253.06940225298646,2,34.6085,2,257.381,2,0.953,2,2.5,2,12.3,2,0.03,2,2.75031,3,1.86047,2,3.14456,2,11.61214,2,2132.417892,2,2289.56,2,7.778165335,2,25,656.37,2,20
33H320240201,A13.5,91,1,22,910122,11026,2,20240309,2344,-41.00093,0.83526,4645.901,79.769,2,10.4581,2,34.6223,2,252.11301921851447,2,34.6289,2,256.815,2,0.876,2,2.1,2,10.9,2,0.05,2,2.8732,3,1.83185,2,3.08852,2,11.48588,2,2125.131957,2,2295.42,2,7.793660111,6,25,628.29,2,20
33H320240201,A13.5,91,1,23,910123,11102,2,20240309,2344,-41.00077,0.83534,4645.901,49.989,2,11.9623,2,34.5597,2,252.58851103250907,2,34.5713,2,256.918,2,0.761,2,1.2,2,7.2,2,0.52,2,2.71867,3,1.73945,2,2.9753,2,10.09503,2,2109.227919,2,2292.56,2,7.835799547,2,25,565.64,2,20
33H320240201,A13.5,91,1,24,910124,11023,2,20240309,2344,-41.0006,0.83541,4645.901,3.488,2,14.539,2,34.5003,2,257.0476341000008,2,34.5073,2,261.646,2,0.483,2,0.4,2,3.8,2,0.11,2,2.62205,3,1.57411,2,2.56379,2,9.81095,2,2068.56048,6,2291.27,2,7.911213117,2,25,455,2,20
33H320240201,A13.5,92,1,1,920101,11113,2,20240310, 0610,-41.49864,0.74494,4471.121,4471.121,2,1.1214,2,34.7207,2,204.60873915566557,2,34.7331,2,215.527,2,2.124,6,105.9,6,30.5,6,0.01,6,0,3,0.0953,2,0.19744,2,17.95556,2,2257.645498,2,2366,2,7.63018058,2,25,985.08,2,20
33H320240201,A13.5,92,1,2,920102,11067,2,20240310, 0610,-41.49861,0.74489,4471.121,4129.256,2,1.2057,2,34.731,2,204.38664128605183,2,-999,9,215.16,2,2.097,6,101.7,6,29.9,6,0,6,0,3,0.07725,2,0.14626,2,17.55211,2,2254.013928,6,2362.71,2,7.636918101,2,25,979.31,2,20
33H320240201,A13.5,92,1,3,920103,11052,2,20240310, 0610,-41.4985,0.74486,4471.121,3550.207,2,1.7857,2,34.7819,2,206.67249031742762,2,34.7948,2,218.38,2,1.929,6,80.3,6,27.6,6,0,6,0.22478,3,0.03774,2,0.08165,2,16.67824,2,2234.655786,2,2353.78,2,7.659269269,2,25,920.62,2,20
33H320240201,A13.5,92,1,4,920104,11118,2,20240310, 0610,-41.4984,0.74499,4471.121,3199.32,2,2.0946,2,34.808,2,209.2064134985443,2,34.8215,2,220.915,2,1.833,6,68.3,6,26.3,6,0,6,-999,5,0.13657,2,0.10301,2,17.13208,2,2225.342383,2,2347.04,6,7.668973158,6,25,890.04,2,20
33H320240201,A13.5,92,1,5,920105,11136,2,20240310, 0610,-41.49848,0.74511,4471.121,2900.286,2,2.3012,2,34.8166,2,209.07811412173078,2,34.8286,2,220.474,2,1.799,2,62.5,2,25.9,2,0,2,0,3,0.02468,2,0.0474,2,16.1391,2,2219.926376,2,2340.49,2,7.676142897,2,25,883.66,2,20
33H320240201,A13.5,92,1,6,920106,11027,2,20240310, 0610,-41.49856,0.74514,4471.121,2599.968,2,2.4291,2,34.8092,2,205.28374474065728,2,34.8201,2,216.589,2,1.838,2,60.6,2,26.3,2,0,2,0.16239,3,0.03485,2,0.06615,2,16.37451,2,2220.617637,2,2339.43,2,7.666949507,2,25,903.01,2,20
33H320240201,A13.5,92,1,7,920107,-999,2,20240310, 0610,-41.49864,0.74511,4471.121,2300.315,2,2.5776,2,34.7846,2,197.11216470927658,2,34.7955,2,206.516,2,1.903,2,60.9,2,27.5,2,0,2,0,3,0.0569,2,0.11398,2,17.36465,2,2225.936647,2,2338.24,2,7.648378664,2,25,944.31,2,20
33H320240201,A13.5,92,1,8,920108,11004,2,20240310, 0610,-41.49861,0.74514,4471.121,1999.899,2,2.6962,2,34.7335,2,185.76686941317118,2,34.7442,2,193.777,2,2.017,2,63.1,2,29.2,2,0,2,0,3,0.10254,2,0.19352,2,18.14914,2,2233.667007,2,2337.1,2,7.618954732,2,25,1010.04,2,20
33H320240201,A13.5,92,1,9,920109,11082,2,20240310, 0610,-41.49862,0.7452,4471.121,1699.551,2,2.7766,2,34.6496,2,174.96757799188134,2,34.6577,2,181.916,2,2.215,2,65.1,2,31.5,2,0,2,0,3,0.1993,2,0.4017,2,19.82189,2,2243.336336,2,2331.84,2,7.588976426,2,25,1092.875,6,20
33H320240201,A13.5,92,1,10,920110,11115,2,20240310, 0610,-41.49858,0.74537,4471.121,1400.052,2,2.8766,2,34.5455,2,171.74524705618367,2,34.5581,6,176.33,6,2.318,2,62.8,2,33,2,0,2,0.30889,3,0.38284,2,0.80318,2,20.65495,2,2244.507221,2,2328.58,2,7.570093251,2,25,1149.29,2,20
33H320240201,A13.5,92,1,11,920111,11008,2,20240310, 0610,-41.49846,0.74528,4471.121,1151.496,2,3.0416,2,34.409,2,182.64614914301734,2,34.4155,2,187.695,2,2.333,2,53.1,2,33.5,2,0,2,0.68663,3,0.77211,2,1.54263,2,20.46679,2,2232.45257,2,2316.76,2,7.566388592,2,25,1149.29,2,20
33H320240201,A13.5,92,1,12,920112,-999,2,20240310, 0610,-41.49926,0.74436,4471.121,897.476,2,3.4388,2,34.2588,2,212.99803088338052,2,34.2693,2,218.241,2,2.21,2,35.1,2,31.6,2,0.01,2,1.46753,3,1.48035,2,3.18811,2,18.80455,2,2206.593968,2,2294.79,2,7.596395442,2,25,1060.51,2,20
33H320240201,A13.5,92,1,13,920113,11058,2,20240310, 0610,-41.49916,0.7444,4471.121,678.188,2,4.3682,2,34.2315,2,226.21835921424423,2,34.2399,2,231.325,2,2.036,2,22.4,2,29.1,2,0.01,2,1.89956,3,1.88566,2,3.89419,2,17.15119,2,2185.941517,6,2285.86,2,7.624178076,2,25,983.71,2,20
33H320240201,A13.5,92,1,14,920114,11124,2,20240310, 0610,-41.49884,0.7446,4471.121,516.255,2,5.4018,2,34.2549,2,230.32762145824216,2,-999,9,234.851,2,1.86,2,13.7,2,26.7,2,0.01,2,2.24632,3,2.1149,2,3.95451,2,15.73273,2,2173.690155,2,2278.89,2,7.642726311,2,25,937.42,2,20
33H320240201,A13.5,92,1,15,920115,11081,2,20240310, 0610,-41.4987,0.74471,4471.121,398.44,2,6.9257,2,34.4089,2,217.03273251780269,2,34.4099,2,221.827,2,1.688,2,10.9,2,24,2,0.01,2,2.1762,3,1.9905,2,3.61908,2,15.17885,2,2171.297446,2,2280.89,2,7.658694299,2,25,894.35,2,20
33H320240201,A13.5,92,1,16,920116,11126,2,20240310, 0610,-41.49862,0.74478,4471.121,299.306,2,8.166,2,34.52,2,231.46942272015912,2,34.5297,2,236.062,2,1.366,2,6.1,2,19.1,2,0.01,2,2.42268,3,2.00713,2,3.53405,2,13.58702,2,2156.42262,2,2287.4,2,7.707875025,2,25,789.96,2,20
33H320240201,A13.5,92,1,17,920117,11020,2,20240310, 0610,-41.4987,0.74477,4471.121,241.016,2,8.9446,2,34.5939,2,244.82321415780316,2,34.603,2,249.227,2,1.14,2,3.9,2,15.4,2,0.02,2,2.72917,3,1.9647,6,3.603945,6,12.120505,6,2143.177971,2,2292.14,2,7.747657156,2,25,710.97,2,20
33H320240201,A13.5,92,1,18,920118,11128,2,20240310, 0610,-41.49868,0.74482,4471.121,180.034,2,9.4768,2,34.6172,2,249.3283388329921,2,34.6232,2,252.848,2,0.996,2,3.1,2,13.4,2,0.02,2,2.75469,3,1.90676,2,3.56043,2,11.52463,2,2136.943163,2,2291.54,2,7.769387789,6,25,676.63,2,20
33H320240201,A13.5,92,1,19,920119,11031,2,20240310, 0610,-41.49869,0.74488,4471.121,150.427,2,9.7619,2,34.6011,2,251.6701468,2,34.6144,2,256.968,2,0.953,2,2.5,2,12.3,2,0.02,2,2.8066,3,1.89876,2,3.50991,2,11.39188,2,2131.889846,2,2290.24,2,7.780293102,2,25,658.38,2,20
33H320240201,A13.5,92,1,20,920120,11122,2,20240310, 0610,-41.49875,0.74485,4471.121,119.457,2,10.0201,2,34.5965,2,253.17384576723933,2,34.6039,2,257.832,2,0.903,2,2.1,2,11.4,2,0.02,2,2.6892,3,1.86846,2,3.47496,2,11.15396,2,2128.931671,2,2290.01,2,7.785810807,2,25,646.74,2,20
33H320240201,A13.5,92,1,21,920121,11120,2,20240310, 0610,-41.49878,0.74481,4471.121,90.115,2,10.3228,2,34.5932,2,253.23519241595494,2,34.599,2,257.547,2,0.876,2,2,2,11.2,2,0.04,2,2.73695,3,1.86714,2,3.2334,2,11.27022,2,2126.528475,2,2290.2,2,7.79184954,2,25,632.25,2,20
33H320240201,A13.5,92,1,22,920122,11026,3,20240310, 0610,-41.49872,0.7448,4471.121,67.906,2,10.888,2,34.5801,2,252.7402399152648,2,34.5937,6,257.832,2,0.845,2,1.7,2,9.4,2,0.8,2,2.70743,3,1.79444,2,3.00285,2,10.96959,2,2118.595476,2,2292.03,2,7.811480554,2,25,606.81,2,20
33H320240201,A13.5,92,1,23,920123,11102,2,20240310, 0610,-41.4986,0.74483,4471.121,40.067,2,13.246,2,34.545,2,247.63886463136794,2,34.5978,2,251.472,2,0.637,2,0.6,2,5.1,2,0.24,2,2.49473,3,1.63578,2,2.79311,2,10.02202,2,2092.96287,6,2294.44,2,7.87132256,2,25,517.78,2,20
33H320240201,A13.5,92,1,24,920124,11023,2,20240310, 0610,-41.49842,0.74489,4471.121,3.121,2,14.7653,2,34.5439,2,251.4954500814905,2,34.5477,2,255.234,2,0.437,2,0.2,2,3,2,0.1,2,2.58238,3,1.54265,2,2.54236,2,10.1101,2,2071.004919,2,2292.44,2,7.9216061,2,25,452.92,2,20
33H320240201,A13.5,93,1,1,930101,11113,2,20240310,1107,-42.00292,0.87268,2146.903,2146.903,2,2.5565,2,34.7495,2,192.04162796803286,2,34.7712,2,197.49,3,1.999,6,66,6,28.9,6,0,6,0.15645,3,0.10836,2,0.21172,2,19.10247,2,2236.743664,6,2339,2,7.626095554,2,25,996.51,6,20
33H320240201,A13.5,93,1,2,930102,11067,2,20240310,1107,-42.00374,0.87214,2146.903,1874.763,2,2.6976,2,34.6816,2,181.18522238093112,2,34.697,2,186.178,3,2.132,6,65.8,6,30.8,6,0,6,0.22317,3,0.1795,2,0.3433,2,20.39373,2,2241.513058,2,2337.22,2,7.598170417,2,25,1058.95,2,20
33H320240201,A13.5,93,1,3,930103,11052,2,20240310,1107,-42.00434,0.87156,2146.903,1599.844,2,2.7879,2,34.583,2,173.42957362206323,2,34.5952,6,177.253,2,2.279,6,64.9,6,32.8,6,0,6,0.19027,3,0.31282,2,0.61594,2,21.32138,2,2247.02017,2,2330.97,2,7.572375846,2,25,1138.01,2,20
33H320240201,A13.5,93,1,4,930104,11118,2,20240310,1107,-42.00497,0.87071,2146.903,1299.512,2,2.8874,2,34.4454,2,179.35675734923834,2,34.4789,2,182.338,2,2.353,6,57.8,6,33.9,6,0,6,0.59326,3,0.65305,2,1.30457,2,21.59563,2,2239.623735,2,2319.78,2,7.559787402,2,25,1164.99,2,20
33H320240201,A13.5,93,1,5,930105,11136,2,20240310,1107,-42.00582,0.86953,2146.903,1049.401,2,3.2293,2,34.2858,2,206.87273247346894,2,34.2939,2,211.38,2,2.254,2,40.4,2,32.5,2,0,2,1.14416,3,1.31524,2,2.63024,2,19.6846,2,2213.154762,2,2302.25,2,7.587678288,2,25,1092.19,2,20
33H320240201,A13.5,93,1,6,930106,11027,2,20240310,1107,-42.00595,0.8684,2146.903,813.549,2,3.8598,2,34.1989,2,231.86466761826193,2,34.2139,2,237.0447634,2,2.062,2,24.4,2,29.8,2,0,2,1.76077,3,1.88128,6,3.733815,6,17.92926,6,2188.865764,2,2287.94,2,7.616453481,2,25,996.69,2,20
33H320240201,A13.5,93,1,7,930107,-999,2,20240310,1107,-42.00594,0.86797,2146.903,620.719,2,4.8981,2,34.2155,2,235.44812059708715,2,34.2388,2,239.981,2,1.907,2,15.4,2,27.5,2,0,2,2.21466,3,2.13081,2,4.0881,2,16.62148,2,2176.653225,2,2282.03,2,7.639231647,6,25,947.72,2,20
33H320240201,A13.5,93,1,8,930108,11004,2,20240310,1107,-42.00604,0.8677,2146.903,479.284,2,6.5071,2,34.3444,2,226.6509236595207,2,34.3565,2,231.621,2,1.715,2,9.9,2,24.5,2,0.01,2,2.22936,3,2.10921,2,3.97803,2,15.70303,2,2171.279711,2,2280.81,2,7.658025346,2,25,899.91,2,20
33H320240201,A13.5,93,1,9,930109,11082,2,20240310,1107,-42.00639,0.8675,2146.903,357.844,2,8.1259,2,34.5187,2,233.63849502819076,2,34.5245,2,237.976,2,1.376,2,6.1,2,19.2,2,0.01,2,2.45045,3,2.00778,2,3.69767,2,13.90085,2,2156.256027,2,2289.42,2,7.71066339,2,25,784.43,2,20
33H320240201,A13.5,93,1,10,930110,11115,2,20240310,1107,-42.00638,0.86733,2146.903,280.748,2,8.9652,2,34.6004,2,244.21821905792908,2,34.6077,2,241.729,2,1.149,2,4.2,2,15.5,2,0.01,2,2.45536,3,1.94373,2,3.53394,2,12.69911,2,2143.604589,2,2292.34,2,7.748797648,2,25,711.45,2,20
33H320240201,A13.5,93,1,11,930111,11008,2,20240310,1107,-42.00624,0.8672,2146.903,218.923,2,9.4563,2,34.6388,2,252.1593540421565,2,34.6507,6,257.133,2,1.012,2,3.2,2,13.2,2,0.01,2,2.64085,3,1.91742,2,3.43666,2,11.72842,2,2135.890365,2,2294.96,2,7.770364504,2,25,668.64,2,20
33H320240201,A13.5,93,1,12,930112,-999,2,20240310,1107,-42.00587,0.86682,2146.903,159.722,2,9.7464,2,34.6265,2,252.6738069242369,2,34.6374,2,257.386,2,0.968,2,2.7,2,12.3,2,0.01,2,2.63818,3,1.88825,2,3.3238,2,11.38709,2,2133.861032,2,2295.12,2,7.77738651,2,25,656.8,2,20
33H320240201,A13.5,93,1,13,930113,11058,2,20240310,1107,-42.00584,0.8667,2146.903,98.589,2,10.8153,2,34.6103,2,250.94310898110734,2,34.6295,2,255.455,2,0.852,2,2,2,10.2,2,0.29,2,2.752,3,1.82439,2,3.26827,2,11.75442,2,2120.670973,2,2292.22,2,7.806482503,2,25,615.7,2,20
33H320240201,A13.5,93,1,14,930114,11124,2,20240310,1107,-42.00584,0.86659,2146.903,59.659,2,12.7481,2,34.4726,2,255.17591100698917,2,34.4804,2,260.181,2,0.637,2,0.7,2,5.8,2,0.22,2,2.57658,3,1.66583,2,2.73665,2,10.8356,2,2085.748002,2,2292.12,2,7.878174538,2,25,509.43,2,20
33H320240201,A13.5,93,1,15,930115,11081,2,20240310,1107,-42.00574,0.86649,2146.903,30.477,2,13.0055,2,34.451,2,259.9505965581848,2,34.4572,2,265.093,2,0.6,2,0.6,2,5.5,2,0.15,2,3.10791,3,1.66414,2,3.01977,2,10.65238,2,2078.859679,2,2292.64,2,7.887508774,2,25,488.29,2,20
33H320240201,A13.5,93,1,16,930116,11126,2,20240310,1107,-42.00578,0.8662,2146.903,4.89,2,13.3894,2,34.4665,2,260.7768965745605,2,34.4717,2,265.481,2,0.58,2,0.6,2,5.2,2,0.14,2,2.62071,3,1.65655,2,2.97137,2,10.8484,2,2077.295753,6,2291.72,6,7.895659721,6,25,481.14,2,20
33H320240201,A13.5,93,1,17,930117,11020,2,20240310,1107,-42.0058,0.86618,2146.903,4.758,2,13.3861,2,34.467,2,260.92463756861775,2,-999,9,-999,9,-999,9,-999,9,-999,9,-999,9,-999,9,-999,9,-999,9,-999,9,-999,9,-999,9,-999,9,-999,-999,9,-999
33H320240201,A13.5,93,1,18,930118,11128,2,20240310,1107,-42.0058,0.86617,2146.903,5.19,2,13.3872,2,34.4666,2,260.9247732960967,2,-999,9,-999,9,-999,9,-999,9,-999,9,-999,9,-999,9,-999,9,-999,9,-999,9,-999,9,-999,9,-999,9,-999,-999,9,-999
33H320240201,A13.5,93,1,19,930119,11031,9,-999,-999,-999,-999,-999,-999,9,-999,9,-999,9,-999,9,-999,9,-999,9,-999,9,-999,9,-999,9,-999,9,-999,9,-999,9,-999,9,-999,9,-999,9,-999,9,-999,9,-999,-999,9,-999
33H320240201,A13.5,93,1,20,930120,11122,9,-999,-999,-999,-999,-999,-999,9,-999,9,-999,9,-999,9,-999,9,-999,9,-999,9,-999,9,-999,9,-999,9,-999,9,-999,9,-999,9,-999,9,-999,9,-999,9,-999,9,-999,-999,9,-999
33H320240201,A13.5,93,1,21,930121,11120,9,-999,-999,-999,-999,-999,-999,9,-999,9,-999,9,-999,9,-999,9,-999,9,-999,9,-999,9,-999,9,-999,9,-999,9,-999,9,-999,9,-999,9,-999,9,-999,9,-999,9,-999,-999,9,-999
33H320240201,A13.5,93,1,22,930122,11026,9,-999,-999,-999,-999,-999,-999,9,-999,9,-999,9,-999,9,-999,9,-999,9,-999,9,-999,9,-999,9,-999,9,-999,9,-999,9,-999,9,-999,9,-999,9,-999,9,-999,9,-999,-999,9,-999
33H320240201,A13.5,93,1,23,930123,11102,9,-999,-999,-999,-999,-999,-999,9,-999,9,-999,9,-999,9,-999,9,-999,9,-999,9,-999,9,-999,9,-999,9,-999,9,-999,9,-999,9,-999,9,-999,9,-999,9,-999,9,-999,-999,9,-999
33H320240201,A13.5,93,1,24,930124,11023,9,-999,-999,-999,-999,-999,-999,9,-999,9,-999,9,-999,9,-999,9,-999,9,-999,9,-999,9,-999,9,-999,9,-999,9,-999,9,-999,9,-999,9,-999,9,-999,9,-999,9,-999,-999,9,-999
33H320240201,A13.5,94,1,1,940101,11113,2,20240310,1715,-42.50529,0.9983,3898.652,3898.652,2,1.2851,2,34.7309,2,203.04075822513542,2,34.7693,2,212.41,2,2.129,6,102.7,6,30.3,6,0.01,6,0.23253,3,0.10568,2,0.19125,2,18.85431,2,2255.558933,6,2361.33,2,7.632327393,2,25,987.21,2,20
33H320240201,A13.5,94,1,2,940102,11067,2,20240310,1715,-42.50595,0.99888,3898.652,3603.087,2,1.4741,2,34.745,2,202.53715151979142,2,34.7581,6,211.219,2,2.072,6,95.4,6,29.6,6,0.01,6,0.14708,3,0.09425,2,0.16003,2,19.22064,2,2249.00541,2,2357.48,2,7.634559155,2,25,978.98,2,20
33H320240201,A13.5,94,1,3,940103,11052,2,20240310,1715,-42.50565,0.99917,3898.652,3301.941,2,1.6697,2,34.7606,2,202.69831046037754,2,34.7707,2,212.683,2,2.026,6,88.2,6,28.9,6,0.01,6,0.1822,3,0.07684,2,0.14132,2,17.80707,2,2243.501302,2,2354.08,6,7.640736369,6,25,962.16,2,20
33H320240201,A13.5,94,1,4,940104,11118,2,20240310,1715,-42.50572,0.99952,3898.652,3000.52,2,2.0303,2,34.7827,2,202.82635237583426,2,34.7933,2,212.678,2,1.944,6,76.2,6,27.9,6,0.01,6,0,3,0.05834,2,0.12021,2,18.09594,2,2233.673213,2,2347.69,2,7.653015124,2,25,939.71,2,20
33H320240201,A13.5,94,1,5,940105,11136,2,20240310,1715,-42.50575,0.99986,3898.652,2699.806,2,2.2312,2,34.7879,2,201.49040932812926,2,34.7976,2,210.473,2,1.915,2,70.6,2,27.6,2,0.01,2,0,3,0.06502,2,0.11673,2,17.77196,2,2230.104255,2,2344.17,2,7.650068763,2,25,939.31,2,20
33H320240201,A13.5,94,1,6,940106,11027,2,20240310,1715,-42.50555,0.99981,3898.652,2400.671,2,2.4031,2,34.7816,2,197.47041668966244,2,34.8023,2,206.816,2,1.937,2,67.5,2,27.8,2,0.01,2,0,3,0.07662,2,0.14748,2,18.45834,2,2231.15285,2,2341.73,2,7.642183851,2,25,956.43,2,20
33H320240201,A13.5,94,1,7,940107,-999,2,20240310,1715,-42.50544,0.9998,3898.652,2099.634,2,2.6041,2,34.7496,2,188.2748038098185,2,34.7621,2,195.552,2,2.049,2,66.7,2,29,2,0,2,0.29376,3,0.11262,2,0.23312,2,18.60346,2,2236.874839,2,2339.38,2,7.623089817,2,25,1008,2,20
33H320240201,A13.5,94,1,8,940108,11004,2,20240310,1715,-42.50552,0.99976,3898.652,1799.862,2,2.7183,2,34.6767,2,176.97947410629772,2,34.686,2,182.819,2,2.175,2,67.1,2,31.1,2,0.01,2,0.20613,3,0.1819,2,0.3505,2,19.42144,2,2243.415988,2,2334.94,2,7.595857197,2,25,1080.88,2,20
33H320240201,A13.5,94,1,9,940109,11082,2,20240310,1715,-42.5054,0.99974,3898.652,1499.735,2,2.7875,2,34.5433,2,171.22265247051695,2,34.552,2,176.472,2,2.335,2,65.1,2,33.5,2,0.01,2,0.34626,3,0.3856,2,0.73814,2,20.39322,2,2247.411643,2,2328.47,2,7.563137516,2,25,1161.88,2,20
33H320240201,A13.5,94,1,10,940110,11115,2,20240310,1715,-42.50538,0.99981,3898.652,1249.694,2,2.9553,2,34.4065,2,183.1493384497477,2,34.4138,2,188.685,2,2.348,2,54.2,2,33.7,2,0.01,2,0.62262,3,0.78326,2,1.60359,2,20.48138,2,2235.023489,2,2316.28,2,7.565297252,2,25,1157.15,2,20
33H320240201,A13.5,94,1,11,940111,11008,2,20240310,1715,-42.50536,0.99987,3898.652,950.428,2,3.4178,2,34.2421,2,216.7305859738053,2,34.2484,2,222.2265,6,2.218,2,33.9,2,31.7,2,0.01,2,1.61407,3,1.54426,2,3.05262,2,18.52222,2,2205.75046,2,2296.14,2,7.596365729,2,25,1057.09,2,20
33H320240201,A13.5,94,1,12,940112,-999,2,20240310,1715,-42.50528,1.00002,3898.652,750.133,2,4.1738,2,34.1944,2,234.50334516450684,2,34.1991,2,240.418,3,2.019,2,21.1,2,29.1,2,0.01,2,2.02771,3,1.99357,2,4.04498,2,18.08794,2,2184.485813,2,2284.76,2,7.629766214,2,25,978.3,2,20
33H320240201,A13.5,94,1,13,940113,11058,2,20240310,1715,-42.50529,1.00026,3898.652,559.542,2,5.1782,2,34.2304,2,234.9310021,2,34.2369,2,239.621,2,1.891,2,14,2,27,2,0.01,2,2.24078,3,2.13514,2,3.84865,2,16.01764,2,2175.329767,6,2279.21,2,7.644380906,2,25,935.42,2,20
33H320240201,A13.5,94,1,14,940114,11124,2,20240310,1715,-42.50516,1.00029,3898.652,441.335,2,6.4008,2,34.3369,2,228.24510617222674,2,34.3455,6,232.478,2,1.72,2,10,2,24.5,2,0.02,2,2.37014,3,2.13238,2,4.20214,2,15.13103,2,2169.565921,2,2281.77,2,7.657988507,2,25,893.73,2,20
33H320240201,A13.5,94,1,15,940115,11081,2,20240310,1715,-42.50494,1.00028,3898.652,329.812,2,8.2606,2,34.5259,2,232.44582490956643,2,34.5248,2,236.635,2,1.377,2,6.1,2,19.1,2,0.02,2,2.47146,3,1.99728,2,3.53642,2,13.74856,2,2155.594929,2,2290.27,2,7.710952505,2,25,788.2,2,20
33H320240201,A13.5,94,1,16,940116,11126,2,20240310,1715,-42.50477,1.00029,3898.652,259.577,2,8.9437,2,34.5793,2,244.2648282688383,2,34.5834,2,248.802,2,1.151,2,4,2,15.5,2,0.03,2,2.72677,3,1.95147,2,3.41118,2,12.05674,2,2142.989605,2,2291.21,2,7.748153213,2,25,714.315,6,20
33H320240201,A13.5,94,1,17,940117,11020,2,20240310,1715,-42.50466,1.00028,3898.652,229.016,2,9.1821,2,34.5972,2,247.6937034483977,2,34.6,2,252.387,2,1.088,2,3.6,2,14.4,2,0.03,2,2.66079,3,1.92638,2,3.6455,2,11.89322,2,2141.310274,2,2291.46,2,7.75552668,2,25,694.16,2,20
33H320240201,A13.5,94,1,18,940118,11128,2,20240310,1715,-42.50456,1.00025,3898.652,200.145,2,9.3503,2,34.6061,2,250.45630080358012,2,34.6097,2,254.571,2,1.041,2,3.2,2,13.7,2,0.03,2,2.64219,3,1.90973,2,3.52979,2,11.6991,2,2138.238467,2,2292.09,2,7.763920486,2,25,678.7,2,20
33H320240201,A13.5,94,1,19,940119,11031,2,20240310,1715,-42.5044,1.0002,3898.652,169.78,2,9.4821,2,34.615,2,251.9866339340534,2,34.6173,2,257.207,2,1.017,2,3,2,13.1,2,0.04,2,2.63644,3,1.91051,2,3.58986,2,11.58073,2,2138.103877,2,2293.04,2,7.771533489,2,25,668.95,2,20
33H320240201,A13.5,94,1,20,940120,11122,2,20240310,1715,-42.5043,1.00016,3898.652,141.237,2,9.5861,2,34.6022,2,252.4804987533766,2,34.6049,2,257.341,2,0.994,2,2.8,2,12.8,2,0.04,2,2.54346,3,1.91305,2,3.71302,2,11.74761,2,2134.125132,2,2294.31,2,7.772382804,2,25,664.64,2,20
33H320240201,A13.5,94,1,21,940121,11120,2,20240310,1715,-42.50419,1.0001,3898.652,109.7,2,10.358,2,34.6406,2,248.97739444417994,2,34.6402,2,253.437,6,0.911,2,2.3,2,11.3,2,0.05,2,2.58978,3,1.85931,2,3.45481,2,11.60072,2,2129.41963,2,2294.21,2,7.788136255,2,25,642.05,2,20
33H320240201,A13.5,94,1,22,940122,11026,2,20240310,1715,-42.5041,1.00012,3898.652,81.097,2,12.4694,2,34.5608,2,248.34722441078407,2,34.5801,2,253.161,2,0.717,2,1.3,2,6.8,2,0.58,2,2.59129,3,1.72652,6,3.13707,6,10.36805,6,2105.371579,2,2294.36,2,7.847707608,2,25,549.16,2,20
33H320240201,A13.5,94,1,23,940123,11102,2,20240310,1715,-42.50404,1.00008,3898.652,49.502,2,13.2491,2,34.5272,2,258.34618897273197,2,34.5297,2,263.621,2,0.537,2,0.5,2,4,2,0.18,2,2.54353,3,1.65659,2,3.11391,2,10.26799,2,2079.725974,2,2292.29,2,7.90163553,2,25,476.78,2,20
33H320240201,A13.5,94,1,24,940124,11023,3,20240310,1715,-42.50391,1.00011,3898.652,3.195,2,13.6889,2,34.5297,2,259.1476023137284,2,34.5421,2,262.36,2,0.496,2,0.5,2,3.6,2,0.17,2,2.54275,3,1.62034,2,2.8386,2,10.75448,2,2074.625052,2,2292.58,2,7.902808398,2,25,466.37,2,20
33H320240201,A13.5,95,1,1,950101,11113,2,20240310,2329,-42.99822,0.99977,3905.471,3905.471,2,1.3221,2,34.7335,2,203.46234199427371,2,34.7627,2,212.792,2,2.104,6,99.6,6,30.2,6,0.01,6,0.10356,3,0.10196,6,0.196195,6,18.0837,6,2255.111855,6,2362.34,2,7.632574473,2,25,982.99,2,20
33H320240201,A13.5,95,1,2,950102,11067,2,20240310,2329,-42.99776,1.00059,3905.471,3500.557,2,1.6587,2,34.7575,2,202.39447458423672,2,34.7815,2,211.599,2,2.025,6,88.3,6,29,6,0,6,0.2412,3,0.07985,2,0.14299,2,17.64178,2,2243.89255,2,2356.93,2,7.63851826,2,25,965.19,2,20
33H320240201,A13.5,95,1,3,950103,11052,2,20240310,2329,-42.99782,1.00106,3905.471,3199.871,2,1.9199,2,34.7802,2,204.56309775888238,2,34.795,2,214.793,2,1.942,6,78.2,6,27.9,6,0.01,6,0,3,0.05963,2,0.10923,2,17.02754,2,2233.94929,2,2351.32,2,7.649692355,2,25,936.2,2,20
33H320240201,A13.5,95,1,4,950104,11118,2,20240310,2329,-42.99778,1.00105,3905.471,2900.525,2,2.1185,2,34.7891,2,203.73924213712056,2,34.8156,2,213.454,2,1.92,6,72.4,6,27.6,6,0,6,0.16702,3,0.06172,2,0.10731,2,16.86619,2,2228.328914,2,2348.27,2,7.651611305,2,25,932.06,2,20
33H320240201,A13.5,95,1,5,950105,11136,2,20240310,2329,-42.99796,1.0014,3905.471,2600.995,2,2.3244,2,34.7884,2,200.44463188245516,2,34.7999,2,209.27,2,1.923,2,67.8,2,27.5,2,0.01,2,0,3,0.06852,2,0.11449,2,17.05619,2,2229.755615,2,2344.25,2,7.645552355,2,25,939.23,2,20
33H320240201,A13.5,95,1,6,950106,11027,2,20240310,2329,-42.9969,1.00186,3905.471,2300.577,2,2.492,2,34.7724,2,194.09255055885114,2,34.7841,2,202.074,2,1.972,2,66.6,2,28.2,2,0,2,0.13395,3,0.09479,2,0.17058,2,17.47998,2,2232.737754,2,2342.51,2,7.632972429,2,25,975.21,2,20
33H320240201,A13.5,95,1,7,950107,-999,2,20240310,2329,-42.997,1.00247,3905.471,2000.133,2,2.657,2,34.7264,2,183.25114800914517,2,34.7424,6,190.186,2,2.104,2,66.6,2,29.8,2,0,2,0.13644,3,0.14011,2,0.26378,2,19.01083,2,2239.110136,2,2338.3,2,7.609543882,2,25,1036.83,2,20
33H320240201,A13.5,95,1,8,950108,11004,2,20240310,2329,-42.9969,1.00311,3905.471,1699.749,2,2.7408,2,34.6405,2,173.53410861102392,2,34.6525,2,179.189,2,2.232,2,66.4,2,32,2,0,2,0.21376,3,0.22731,2,0.39871,2,20.26763,2,2245.963577,2,2335.34,2,7.583858915,2,25,1111.52,2,20
33H320240201,A13.5,95,1,9,950109,11082,2,20240310,2329,-42.997,1.00365,3905.471,1400.043,2,2.8137,2,34.5037,2,173.0842462704507,2,34.5141,2,177.418,2,2.361,2,62.3,2,33.7,2,0.01,2,0.42476,3,0.47745,2,0.86654,2,21.38249,2,2245.458773,2,2325.92,2,7.561510327,2,25,1171.94,2,20
33H320240201,A13.5,95,1,10,950110,11115,2,20240310,2329,-42.99687,1.00408,3905.471,1109.533,2,3.07,2,34.349,2,192.6968546881978,2,34.3582,2,197.668,2,2.33,2,47.8,2,33.2,2,0.01,2,0.81722,3,1.00161,2,1.89255,2,20.44267,2,2226.685152,2,2309.34,6,7.572218224,6,25,1132.81,2,20
33H320240201,A13.5,95,1,11,950111,11008,2,20240310,2329,-42.99694,1.00453,3905.471,900.353,2,3.3985,2,34.2422,2,216.98668546579023,2,34.2591,2,222.274,2,2.206,2,33.7,2,31.7,2,0.01,2,1.46989,3,1.56137,2,2.97386,2,19.2449,2,2205.417383,2,2296.53,2,7.597500197,2,25,1056.54,2,20
33H320240201,A13.5,95,1,12,950112,-999,2,20240310,2329,-42.99692,1.00491,3905.471,680.495,2,4.0745,2,34.1918,2,235.16669950154596,2,34.2006,2,240.7925,6,2.043,2,21.6,2,29.2,2,0.01,2,1.92227,3,2.00777,2,3.81143,2,17.68642,2,2185.262024,2,2284.4,2,7.624389377,2,25,978.33,2,20
33H320240201,A13.5,95,1,13,950113,11058,2,20240310,2329,-42.997,1.005,3905.471,521.093,2,4.9178,2,34.2048,2,239.54673300534665,2,34.2153,2,244.759,2,1.9,2,14.3,2,27.2,2,0.01,2,2.17473,3,2.17533,2,4.01145,2,15.8772,2,2173.785707,6,2279.34,2,7.642651974,2,25,932.49,2,20
33H320240201,A13.5,95,1,14,950114,11124,2,20240310,2329,-42.99714,1.00519,3905.471,400.787,2,6.4571,2,34.3354,2,231.3780940793335,2,34.5273,2,235.648,2,1.689,2,9.4,2,24,2,0.01,2,2.35209,3,2.15026,2,4.01629,2,15.34703,2,2168.518267,2,2280.09,2,7.661973726,2,25,880.12,2,20
33H320240201,A13.5,95,1,15,950115,11081,2,20240310,2329,-42.99711,1.00528,3905.471,299.986,2,8.2336,2,34.5211,2,243.7057508,2,34.5275,2,248.974,2,1.308,2,5.2,2,17.8,2,0.01,2,2.50129,3,2.04186,2,3.84884,2,13.41196,2,2149.753967,2,2288.79,2,7.720731418,2,25,745.98,2,20
33H320240201,A13.5,95,1,16,950116,11126,2,20240310,2329,-42.99712,1.00529,3905.471,239.428,2,9.0375,2,34.6221,2,246.19154299264653,2,34.6288,2,250.488,2,1.128,2,4.1,2,15.1,2,0.02,2,2.79562,3,1.97957,2,3.69667,2,12.38992,2,2143.316552,2,2294.94,2,7.750664604,2,25,700.24,2,20
33H320240201,A13.5,95,1,17,950117,11020,2,20240310,2329,-42.99712,1.0053,3905.471,209.988,2,9.3654,2,34.6623,2,247.17103710172992,2,34.6697,2,252.348,2,1.063,2,3.6,2,14.1,2,0.02,2,2.5845,3,1.95462,2,3.63603,2,12.4353,2,2142.147914,2,2295.8,2,7.762150566,2,25,681.47,2,20
33H320240201,A13.5,95,1,18,950118,11128,2,20240310,2329,-42.99713,1.00532,3905.471,178.887,2,9.5881,2,34.685,2,248.39784222549517,2,34.6946,2,252.534,2,1.02,2,3.2,2,13.4,2,0.02,2,2.65724,3,1.92274,2,3.61925,2,12.00205,2,2140.377554,2,2297,2,7.770263757,2,25,669.77,2,20
33H320240201,A13.5,95,1,19,950119,11031,2,20240310,2329,-42.99714,1.00537,3905.471,151.541,2,9.8087,2,34.693,2,247.9790050012424,2,34.7043,6,252.15,2,0.993,2,3,2,12.8,2,0.02,2,2.71902,3,1.90996,2,3.73602,2,11.74088,2,2136.580647,2,2298.71,2,7.773654949,2,25,660.71,2,20
33H320240201,A13.5,95,1,20,950120,11122,2,20240310,2329,-42.99712,1.00537,3905.471,118.156,2,10.1994,2,34.6721,2,250.58731938652423,2,34.6851,2,254.904,2,0.934,2,2.2,2,11.8,2,0.03,2,2.85097,3,1.895,2,3.64608,2,11.33516,2,2131.839413,2,2296.51,2,7.790080862,6,25,636.84,2,20
33H320240201,A13.5,95,1,21,950121,11120,2,20240310,2329,-42.99702,1.00572,3905.471,90.726,2,11.1298,2,34.5573,2,254.89610958951664,2,34.5557,2,260.173,2,0.836,2,1.1,2,9.3,2,0.59,2,2.59525,3,1.82646,2,3.53186,2,11.38542,2,2111.964709,2,2292.17,2,7.821215183,2,25,580.115,6,20
33H320240201,A13.5,95,1,22,950122,11026,2,20240310,2329,-42.99712,1.00584,3905.471,69.581,2,12.1601,2,34.368,2,260.3993836038919,2,34.3759,2,265.5185,6,0.733,2,0.6,2,7.9,2,0.17,2,2.54158,3,1.73311,2,3.15524,2,11.4891,2,2088.116499,2,2286.4,2,7.864821941,2,25,521.94,2,20
33H320240201,A13.5,95,1,23,950123,11102,2,20240310,2329,-42.99724,1.0059,3905.471,39.752,2,12.2605,2,34.3594,2,263.8924460259669,2,34.3843,2,269.277,2,0.708,2,0.5,2,7.8,2,0.16,2,2.55563,3,1.725,2,3.29947,2,12.1466,2,2081.264994,2,2285.5,2,7.87412966,2,25,510.31,2,20
33H320240201,A13.5,95,1,24,950124,11023,2,20240310,2329,-42.99724,1.00591,3905.471,3.916,2,12.4448,2,34.3517,2,264.2862045304647,2,34.3639,2,268.888,2,0.708,2,0.5,2,7.9,2,0.17,2,2.55796,3,1.73008,2,3.14569,2,12.9543,2,2083.780105,6,2286.32,2,7.876276709,2,25,509.75,2,20
33H320240201,A13.5,96,1,1,960101,11113,2,20240311, 0606,-43.50046,0.99965,4462.902,4462.902,2,0.9984,2,34.7037,2,201.89408075207928,2,34.756,2,212.118,2,2.199,6,113.4,6,31.4,6,0,6,0.21054,3,0.16748,2,0.30674,2,17.49172,2,2263.076814,2,2364.29,2,7.617498405,2,25,1017.73,2,20
33H320240201,A13.5,96,1,2,960102,11067,2,20240311, 0606,-43.50037,1.00001,4462.902,4124.61,2,1.1841,2,34.7224,2,201.7371703845767,2,34.7731,2,211.81,2,2.142,6,105.8,6,30.6,6,0,6,0.17623,3,0.12034,2,0.22457,2,17.31728,2,2257.001047,6,2362.8,2,7.626284802,2,25,999.38,2,20
33H320240201,A13.5,96,1,3,960103,11052,2,20240311, 0606,-43.50021,1.00044,4462.902,3774.178,2,1.4048,2,34.7391,2,200.89462307287616,2,34.7522,2,212.339,2,2.096,6,98,6,29.9,6,0.01,6,0.33795,3,0.10045,2,0.19356,2,17.12132,2,2250.088212,2,2358.54,2,7.63576343,2,25,983.52,2,20
33H320240201,A13.5,96,1,4,960104,11118,2,20240311, 0606,-43.50002,1.00085,4462.902,3419.958,2,1.6895,2,34.7598,2,200.91285896589758,2,34.774,2,212.198,2,2.022,6,87.8,6,29,6,0,6,0.25066,3,0.0794,2,0.14259,2,16.90742,2,2240.58454,2,2353.1,2,7.637772101,2,25,964.29,2,20
33H320240201,A13.5,96,1,5,960105,11136,2,20240311, 0606,-43.49981,1.00116,4462.902,3099.883,2,1.9929,2,34.7848,2,203.38161752181327,2,34.7957,6,214.092,2,1.924,2,76.4,2,27.7,2,0,2,0.21179,3,0.05779,2,0.10724,2,16.34901,2,2233.755503,2,2348.22,2,7.65315639,2,25,931.6,2,20
33H320240201,A13.5,96,1,6,960106,11027,2,20240311, 0606,-43.49964,1.0011,4462.902,2801.359,2,2.2045,2,34.7892,2,201.1464981773205,2,34.8068,2,212.328,2,1.913,2,70.9,2,27.6,2,0,2,0,3,0.06723,2,0.11677,2,16.54646,2,2229.493105,2,2344.46,2,7.651080917,2,25,936.45,2,20
33H320240201,A13.5,96,1,7,960107,-999,2,20240311, 0606,-43.4995,1.00128,4462.902,2499.404,2,2.4239,2,34.7811,2,196.1368052442949,2,34.8031,2,206.532,2,1.937,2,67.3,2,27.9,2,0,2,0,3,0.07608,2,0.1519,2,17.38358,2,2230.072712,2,2339.8,2,7.640116987,2,25,955.34,2,20
33H320240201,A13.5,96,1,8,960108,11004,2,20240311, 0606,-43.49946,1.00114,4462.902,2199.726,2,2.6048,2,34.754,2,188.49579221769736,2,34.7624,2,197.168,2,2.009,2,66,2,28.9,2,0.01,2,0.13459,3,0.11452,2,0.21395,2,18.02113,2,2236.461612,2,2337.39,2,7.62702557,6,25,997.18,2,20
33H320240201,A13.5,96,1,9,960109,11082,2,20240311, 0606,-43.49924,1.001,4462.902,1900.492,2,2.732,2,34.6849,2,177.57392953997712,2,34.6934,2,185.32,2,2.155,2,66.1,2,30.9,2,0,2,0.16617,3,0.17074,2,0.33543,2,19.0123,2,2240.629784,2,2335.56,2,7.599187422,2,25,1068.8,2,20
33H320240201,A13.5,96,1,10,960110,11115,2,20240311, 0606,-43.49924,1.0016,4462.902,1599.4,2,2.7962,2,34.5835,2,171.23046811178776,2,34.5968,2,177.002,2,2.29,2,65.3,2,32.8,2,0,2,0.18515,3,0.3023,2,0.60665,2,20.51444,2,2245.846598,2,2329.57,2,7.571806655,2,25,1137.44,2,20
33H320240201,A13.5,96,1,11,960111,11008,2,20240311, 0606,-43.49917,1.00144,4462.902,1299.707,2,2.9181,2,34.418,2,180.97371382415477,2,34.4261,2,186.402,2,2.361,2,55.8,2,33.9,2,0,2,0.80804,3,0.74371,2,1.5527,2,20.79855,2,2236.177858,2,2315.68,2,7.56360474,2,25,1159.77,2,20
33H320240201,A13.5,96,1,12,960112,-999,2,20240311, 0606,-43.49921,1.00172,4462.902,1050.987,2,3.2609,2,34.2735,2,207.97519683001298,2,34.281,2,213.845,2,2.256,2,38.9,2,32.3,2,0.01,2,1.2383,3,1.39104,2,2.90821,2,19.49188,2,2211.34869,6,2299.07,2,7.58824661,2,25,1084.875,6,20
33H320240201,A13.5,96,1,13,960113,11058,2,20240311, 0606,-43.499,1.0015,4462.902,809.268,2,3.9466,2,34.2034,2,229.71797822993238,2,34.2171,2,236.2695,6,2.072,2,24.3,2,29.9,2,0.01,2,1.83473,3,1.89179,2,3.93685,2,17.70966,2,2186.582652,2,2286.84,2,7.615667916,2,25,942.52,2,20
33H320240201,A13.5,96,1,14,960114,11124,2,20240311, 0606,-43.49901,1.0015,4462.902,606.148,2,5.0166,2,34.2212,2,234.47615715673615,2,34.227,2,240.594,2,1.895,2,14.7,2,27.3,2,0.01,2,2.15553,3,2.14159,2,4.03645,2,16.03993,2,2175.689947,2,2279.35,2,7.640361602,2,25,993.59,2,20
33H320240201,A13.5,96,1,15,960115,11081,2,20240311, 0606,-43.49904,1.00142,4462.902,475.013,2,6.2731,2,34.326,2,227.27791637572906,2,34.3342,2,231.893,2,1.738,2,10.7,2,24.8,2,0.01,2,2.317415,3,2.14055,6,3.962455,6,15.59967,6,2172.008825,2,2280.84,2,7.657766064,2,25,903.66,2,20
33H320240201,A13.5,96,1,16,960116,11126,2,20240311, 0606,-43.49916,1.00161,4462.902,360.503,2,7.8414,2,34.4877,2,228.4720866224413,2,34.5014,2,234.06,2,1.457,2,6.9,2,20.5,2,0.01,2,2.49654,3,2.06072,2,3.86889,2,14.22961,2,2159.869554,2,2285.53,2,7.69529288,2,25,814.46,2,20
33H320240201,A13.5,96,1,17,960117,11020,2,20240311, 0606,-43.49901,1.0015,4462.902,280.654,2,8.7792,2,34.5797,2,241.7098388764035,2,34.6383,2,247.127,2,1.21,2,4.5,2,16.2,2,0.01,2,2.5279,3,1.95803,2,3.36508,2,12.4217,2,2145.394212,2,2292.14,2,7.745011008,2,25,723.39,2,20
33H320240201,A13.5,96,1,18,960118,11128,2,20240311, 0606,-43.49886,1.00126,4462.902,220.472,2,9.2781,2,34.6139,2,252.1613107871818,2,34.6166,2,257.505,2,1.039,2,3.3,2,13.7,2,0.02,2,2.628,3,1.92076,2,3.41286,2,11.55453,2,2137.262796,2,2292.16,2,7.767546141,2,25,675.49,2,20
33H320240201,A13.5,96,1,19,960119,11031,2,20240311, 0606,-43.49893,1.00121,4462.902,160.487,2,9.5122,2,34.6,2,254.27436216575893,2,34.6052,2,259.576,2,0.982,2,2.8,2,12.7,2,0.03,2,2.73472,3,1.89414,2,3.28765,2,11.52535,2,2131.010332,2,2291.15,6,7.774735751,6,25,662.36,2,20
33H320240201,A13.5,96,1,20,960120,11122,2,20240311, 0606,-43.49896,1.0012,4462.902,160.009,2,9.5146,2,34.5999,2,253.96999600736487,2,34.6052,2,259.637,2,0.984,2,2.8,2,12.7,2,0.03,2,2.7244,3,1.90149,2,3.3526,2,11.46053,2,2134.550407,2,2289.12,2,7.776299581,2,25,661.2,2,20
33H320240201,A13.5,96,1,21,960121,11120,2,20240311, 0606,-43.49918,1.0011,4462.902,99.483,2,10.8158,2,34.6318,2,249.59034523788043,2,34.6353,2,253.988,2,0.841,2,2,2,10,2,0.3,2,2.71159,3,1.82665,2,3.4937,2,11.08717,2,2124.516168,2,2292.03,2,7.802089627,2,25,616.02,2,20
33H320240201,A13.5,96,1,22,960122,11026,2,20240311, 0606,-43.49925,1.0011,4462.902,60.434,2,12.887,2,34.5715,2,253.2355535594702,2,34.5735,2,258.722,2,0.541,2,0.7,2,4.1,2,0.17,2,2.508,3,1.65202,2,2.85704,2,9.71412,2,2085.722962,2,2293.76,2,7.889426065,2,25,493.66,2,20
33H320240201,A13.5,96,1,23,960123,11102,2,20240311, 0606,-43.49918,1.00098,4462.902,29.663,2,13.0038,2,34.5704,2,256.3318481801827,2,34.5741,2,261.6705,6,0.522,2,0.6,2,4,2,0.17,2,2.68707,3,1.64428,2,2.93589,2,10.26621,2,2084.096586,6,2293.74,2,7.8959536,2,25,485.36,2,20
33H320240201,A13.5,96,1,24,960124,11023,2,20240311, 0606,-43.49888,1.00059,4462.902,4.934,2,13.0294,2,34.5707,2,256.54199610285195,2,34.5752,2,261.743,2,0.522,2,0.6,2,4,2,0.17,2,2.51583,3,1.66231,2,3.20413,2,11.08832,2,2083.345136,2,2293.68,2,7.898860979,2,25,483.88,2,20
33H320240201,A13.5,97,1,1,970101,11113,2,20240311,1226,-44.00413,1.00377,4239.926,4239.926,2,1.0267,2,34.7071,2,202.2675984835767,2,34.7247,2,211.546,2,2.189,6,111.4,6,31.3,6,0,6,-999,3,-999,5,-999,5,-999,5,2263.12054,2,2364.74,2,7.621432819,2,25,1018.16,2,20
33H320240201,A13.5,97,1,2,970102,11067,2,20240311,1226,-44.00398,1.00378,4239.926,3969.447,2,1.17,2,34.7205,2,201.6460311937384,2,34.7324,2,212.063,2,2.141,6,105.6,6,30.7,6,0,6,0.22266,3,0.1253,2,0.22743,2,17.41023,2,2258.070603,6,2363.72,2,7.626896232,6,25,1005.79,2,20
33H320240201,A13.5,97,1,3,970103,11052,2,20240311,1226,-44.00348,1.00425,4239.926,3700.565,2,1.3623,2,34.7362,2,201.51584274818586,2,34.7536,2,212.104,2,2.078,6,98.6,6,29.9,6,0,6,0.20865,3,0.10288,2,0.18797,2,16.3767,2,2252.539177,2,2358.91,2,7.633166758,2,25,987.97,2,20
33H320240201,A13.5,97,1,4,970104,11118,2,20240311,1226,-44.00364,1.00422,4239.926,3299.755,2,1.6765,2,34.7588,2,201.1344285139033,2,34.7713,2,212.2,2,2.013,6,87.6,6,29,6,0,6,0,3,0.07877,2,0.14613,2,16.4008,2,2244.547697,2,2354.86,2,7.638763923,2,25,966.09,2,20
33H320240201,A13.5,97,1,5,970105,11136,2,20240311,1226,-44.00356,1.00452,4239.926,2999.898,2,2.0127,2,34.7846,2,203.3254736816676,2,34.7973,2,213.342,2,1.914,2,75.4,2,27.7,2,0,2,0.10846,3,0.05975,2,0.1137,2,16.12749,2,2232.929211,2,2348.48,2,7.649928202,2,25,934.76,2,20
33H320240201,A13.5,97,1,6,970106,11027,2,20240311,1226,-44.00348,1.00414,4239.926,2699.825,2,2.234,2,34.7864,2,200.3218095,2,34.7992,2,209.3615465,2,1.913,2,70.5,2,27.7,2,0,2,0.21436,3,0.06699,2,0.12389,2,16.21365,2,2231.451389,2,2343.88,2,7.648667148,2,25,946.07,2,20
33H320240201,A13.5,97,1,7,970107,-999,2,20240311,1226,-44.00316,1.00427,4239.926,2399.896,2,2.449,2,34.7704,2,192.31488452377667,2,34.7876,2,210.9273803,2,1.959,2,68.8,2,28.4,2,0,2,0.16974,3,0.1055,2,0.20796,2,17.14007,2,2235.435431,2,2342.47,2,7.627689562,2,25,983.01,2,20
33H320240201,A13.5,97,1,8,970108,11004,2,20240311,1226,-44.00316,1.00496,4239.926,2090.609,2,2.6339,2,34.7315,2,183.7411140780535,2,34.7452,2,185.9777806,2,2.052,2,67,2,29.6,2,0,2,0,3,0.14153,2,0.27413,2,18.18723,2,2238.61435,2,2339.8,2,7.611158259,2,25,1031,2,20
33H320240201,A13.5,97,1,9,970109,11082,2,20240311,1226,-44.0031,1.00457,4239.926,1799.289,2,2.7542,2,34.6457,2,174.10292638435527,2,34.6729,2,178.9767679,2,2.205,2,66,2,31.7,2,0,2,0.24757,3,0.21805,2,0.41405,2,19.17811,2,2245.995668,2,2336.53,6,7.586202934,6,25,1102.4,2,20
33H320240201,A13.5,97,1,10,970110,11115,2,20240311,1226,-44.00316,1.00363,4239.926,1499.774,2,2.79,2,34.5037,2,171.58002333470986,2,34.5263,6,178.4394012,2,2.351,2,62.9,2,33.8,2,0,2,0.493445,3,0.493555,6,0.97881,6,20.85652,6,2247.552633,2,2326.91,2,7.558594563,2,25,1179.6,2,20
33H320240201,A13.5,97,1,11,970111,11008,2,20240311,1226,-44.00271,1.00356,4239.926,1250.767,2,2.9881,2,34.3727,2,187.64073917270437,2,34.4144,2,197.017462,2,2.35,2,50.9,2,33.6,2,0,2,0.78429,3,0.90495,2,1.73922,2,20.04362,2,2231.921787,2,2313.69,2,7.569195646,2,25,1149.06,2,20
33H320240201,A13.5,97,1,12,970112,-999,2,20240311,1226,-44.00277,1.00364,4239.926,949.013,2,3.5481,2,34.2229,2,222.0884706193002,2,34.2459,2,227.7520191,2,2.144,2,30.4,2,31,2,0,2,1.62852,3,1.67105,2,3.52924,2,17.89095,2,2200.059297,6,2291.97,2,7.605237299,2,25,1032.38,2,20
33H320240201,A13.5,97,1,13,970113,11058,2,20240311,1226,-44.00258,1.00334,4239.926,750.266,2,4.3624,2,34.1944,2,235.62537991706014,2,34.2096,2,242.487,2,1.976,2,19.1,2,28.4,2,0,2,2.02311,3,2.03795,2,4.11867,2,16.39302,2,2180.653684,2,2284.4,2,7.628755565,2,25,960.46,2,20
33H320240201,A13.5,97,1,14,970114,11124,2,20240311,1226,-44.00261,1.00302,4239.926,560.005,2,5.6422,2,34.2645,2,231.19344422041033,2,34.2723,2,237.131,6,1.809,2,12,2,26,2,0,2,2.13206,3,2.14481,2,4.37012,2,15.67956,2,2172.653929,2,2280.87,2,7.648864863,2,25,921.51,2,20
33H320240201,A13.5,97,1,15,970115,11081,2,20240311,1226,-44.00268,1.00286,4239.926,441.318,2,7.1288,2,34.4121,2,225.47925887167142,2,34.4163,2,230.597,2,1.601,2,8.5,2,22.8,2,0.01,2,2.17704,3,2.06148,2,3.94623,2,14.94897,2,2167.2446,2,2284.28,2,7.674175117,2,25,862.71,2,20
33H320240201,A13.5,97,1,16,970116,11126,2,20240311,1226,-44.0026,1.00267,4239.926,330.432,2,8.8488,2,34.5926,2,243.47153107302273,2,34.6044,2,248.958,2,1.161,2,4.4,2,15.9,2,0.01,2,2.48721,3,1.96983,2,3.85313,2,12.79905,2,2146.887912,2,2290.58,2,7.746546641,2,25,716.33,2,20
33H320240201,A13.5,97,1,17,970117,11020,2,20240311,1226,-44.00266,1.00276,4239.926,259.833,2,9.1673,2,34.5911,2,250.48669346739015,2,34.601,2,256.688,2,1.06,2,3.4,2,14.1,2,0.02,2,2.48834,3,1.91614,2,3.35055,2,11.7196,2,2138.233087,2,2293.17,2,7.760316998,2,25,683.87,2,20
33H320240201,A13.5,97,1,18,970118,11128,2,20240311,1226,-44.00263,1.00291,4239.926,199.159,2,9.4702,2,34.5946,2,253.0601075556387,2,34.6115,2,259.193,2,1.001,2,2.9,2,13,2,0.02,2,2.52307,3,1.89303,2,3.29376,2,11.68443,2,2132.700511,2,2284.53,2,7.768677444,2,25,666.85,2,20
33H320240201,A13.5,97,1,19,970119,11031,2,20240311,1226,-44.00253,1.00295,4239.926,170.013,2,9.6249,2,34.5944,2,253.42315710718117,2,34.6158,2,259.049,2,0.979,2,2.7,2,12.6,2,0.02,2,2.56181,3,1.91107,2,3.48001,2,11.6169,2,2129.716912,2,2293.43,2,7.772997576,2,25,659.57,2,20
33H320240201,A13.5,97,1,20,970120,11122,2,20240311,1226,-44.00237,1.0031,4239.926,138.155,2,10.0981,2,34.6029,2,252.2188656535212,2,34.6116,2,257.495,2,0.93,2,2.4,2,11.8,2,0.03,2,2.53606,3,1.89272,2,3.80944,2,14.50762,2,2127.685278,2,2292.61,2,7.783405099,2,25,643.8,2,20
33H320240201,A13.5,97,1,21,970121,11120,2,20240311,1226,-44.00206,1.00298,4239.926,104.601,2,11.1327,2,34.5899,2,250.3126920952658,2,34.6015,2,255.406,2,0.83,2,1.8,2,9.1,2,0.88,2,2.62807,3,1.80961,2,3.43697,2,12.68253,2,2117.769107,2,2293.56,2,7.810626817,2,25,600.57,2,20
33H320240201,A13.5,97,1,22,970122,11026,2,20240311,1226,-44.00207,1.00306,4239.926,80.177,2,12.8435,2,34.5681,2,252.50285744529094,2,34.5776,6,257.77,2,0.579,2,0.7,2,4.7,2,0.25,2,2.47529,3,1.66716,2,3.09526,2,9.83559,2,2090.303919,2,2297.7,2,7.876255537,2,25,504.48,2,20
33H320240201,A13.5,97,1,23,970123,11102,2,20240311,1226,-44.00213,1.00305,4239.926,50.825,2,12.962,2,34.5622,2,255.7916283,2,34.5763,2,261.895,2,0.533,2,0.5,2,4.2,2,0.16,2,2.52853,3,1.6396,2,2.96999,2,10.29166,2,2082.463311,6,2295.73,2,7.891272906,2,25,485.43,2,20
33H320240201,A13.5,97,1,24,970124,11023,2,20240311,1226,-44.00206,1.00316,4239.926,4.064,2,12.9773,2,34.562,2,257.15043438556023,2,34.5808,2,262.4415,6,0.507,2,0.5,2,4.1,2,0.16,2,2.57564,3,1.63782,2,2.95934,2,10.90675,2,2081.336936,2,2294.27,2,7.893250598,2,25,482.93,2,20
33H320240201,A13.5,98,1,1,980101,11113,2,20240311,1915,-44.4996,0.95138,4404.388,4404.388,2,1.0086,2,34.7012,2,200.90390711693186,2,34.7144,2,211.594,2,2.207,6,113.3,6,31.6,6,0,6,0.16753,3,0.18644,2,0.35516,2,19.68197,2,2262.198765,6,2363.72,2,7.614181483,2,25,1032.71,2,20
33H320240201,A13.5,98,1,2,980102,11067,2,20240311,1915,-44.50047,0.95158,4404.388,3999.46,2,1.1857,2,34.7213,2,201.12469716842833,2,34.7387,2,212.1745,6,2.147,6,105.6,6,30.7,6,0,6,0.15822,3,0.12591,2,0.24361,2,18.39318,2,2257.097412,2,2361.72,2,7.624200311,2,25,1004.96,2,20
33H320240201,A13.5,98,1,3,980103,11052,2,20240311,1915,-44.50053,0.95204,4404.388,3600.754,2,1.4106,2,34.7336,2,198.48398681249654,2,34.7478,6,209.053,2,2.108,6,98.8,6,30.2,6,0,6,0,3,0.11164,2,0.22395,2,17.9388,2,2253.336952,2,2357.33,2,7.629911115,2,25,1003.97,2,20
33H320240201,A13.5,98,1,4,980104,11118,2,20240311,1915,-44.50081,0.95176,4404.388,3199.972,2,1.7088,2,34.7529,2,197.47715856321742,2,34.7662,2,208.255,2,2.048,6,89.3,6,29.4,6,0,6,0.27488,3,0.09439,2,0.17844,2,17.74046,2,2246.935031,2,2352.5,6,7.6328,6,25,986.64,2,20
33H320240201,A13.5,98,1,5,980105,11136,2,20240311,1915,-44.5008,0.95209,4404.388,2900.205,2,1.9251,2,34.7647,2,196.93104870236033,2,34.7766,2,-999,5,2.026,2,82.7,2,28.9,2,0,2,0.2209,3,0.08699,2,0.16628,2,17.63754,2,2241.541027,2,2349.78,2,7.636723287,2,25,977.33,2,20
33H320240201,A13.5,98,1,6,980106,11027,2,20240311,1915,-44.50108,0.95192,4404.388,2600.337,2,2.1922,2,34.7758,2,196.3164239352327,2,34.7859,2,206.442,2,1.98,2,74.5,2,28.3,2,0,2,0.21877,3,0.08934,2,0.16604,2,17.61724,2,2231.079929,2,2347.6,2,7.63695659,2,25,968.35,2,20
33H320240201,A13.5,98,1,7,980107,-999,2,20240311,1915,-44.50152,0.95225,4404.388,2300.623,2,2.4359,2,34.7661,2,190.8813303068057,2,34.7778,2,200.108,2,2.011,2,70.4,2,28.7,2,0,2,0.20991,3,0.11232,2,0.21349,2,17.95102,2,2233.750581,2,2344.51,2,7.631727718,2,25,990.83,2,20
33H320240201,A13.5,98,1,8,980108,11004,2,20240311,1915,-44.50179,0.95209,4404.388,2000.782,2,2.64,2,34.7229,2,181.81731932098884,2,34.7323,2,189.762,2,2.112,2,68.5,2,30.1,2,0,2,0.21283,3,0.14848,2,0.28745,2,18.4818,2,2237.448954,2,2341.42,2,7.606913526,2,25,1043.59,2,20
33H320240201,A13.5,98,1,9,980109,11082,2,20240311,1915,-44.5018,0.95232,4404.388,1699.498,2,2.7478,2,34.628,2,172.1017192113227,2,34.6404,2,178.413,2,2.255,2,67.1,2,32.3,2,0,2,0.2553,3,0.25188,2,0.47967,2,20.58798,2,2243.773653,2,2333.84,2,7.582209584,2,25,1122.95,2,20
33H320240201,A13.5,98,1,10,980110,11115,2,20240311,1915,-44.50171,0.95308,4404.388,1400.389,2,2.84,2,34.4942,2,173.65531018895797,2,34.5029,2,178.997,2,2.346,2,61.3,2,33.8,2,0,2,0.46322,3,0.5006,2,1.03853,2,21.16328,2,2239.521562,2,2325.81,2,7.562395025,2,25,1167.16,2,20
33H320240201,A13.5,98,1,11,980111,11008,2,20240311,1915,-44.50181,0.95273,4404.388,1148.764,2,3.0754,2,34.3542,2,191.5094238194613,2,34.3638,2,197.355,2,2.331,2,48.5,2,33.4,2,0,2,0.84515,3,0.99463,2,2.04619,2,20.51689,2,2225.132331,2,2311.81,2,7.572359588,2,25,1132.19,2,20
33H320240201,A13.5,98,1,12,980112,-999,2,20240311,1915,-44.50142,0.95252,4404.388,900.345,2,3.4762,2,34.2453,2,216.25299910828596,2,34.2539,2,222.973,2,2.197,2,34.2,2,31.5,2,0,2,1.58443,3,1.54625,2,3.14745,2,18.829,2,2200.630861,2,2295.48,2,7.600717377,2,25,1052.01,2,20
33H320240201,A13.5,98,1,13,980113,11058,2,20240311,1915,-44.50128,0.95288,4404.388,681.178,2,4.2915,2,34.1918,2,236.35460098885778,2,34.2031,2,242.828,2,1.986,2,19.5,2,28.6,2,0,2,2.02866,3,2.03803,2,4.02542,2,17.00467,2,2181.578154,6,2284.32,2,7.633215601,2,25,962.8,2,20
33H320240201,A13.5,98,1,14,980114,11124,2,20240311,1915,-44.50142,0.9533,4404.388,520.419,2,5.1558,2,34.2235,2,236.52317347493297,2,34.2294,2,242.242,2,1.868,2,13.6,2,26.9,2,0,2,2.1854,3,2.14897,2,4.12815,2,15.6581,2,2172.352525,2,2279.87,2,7.646238757,2,25,931.5,2,20
33H320240201,A13.5,98,1,15,980115,11081,2,20240311,1915,-44.5017,0.95326,4404.388,401.667,2,6.5708,2,34.3575,2,225.8590434750234,2,34.368,6,231.138,2,1.699,2,10.1,2,24.1,2,0.01,2,2.23585,3,2.09412,2,3.95012,2,15.58831,2,2167.009894,2,2283.09,2,7.65981228,2,25,893.13,2,20
33H320240201,A13.5,98,1,16,980116,11126,2,20240311,1915,-44.50204,0.95338,4404.388,299.605,2,8.2149,2,34.5228,2,231.97074755169007,2,34.5352,2,237.376,2,1.363,2,6.1,2,19,2,0.01,2,2.473365,3,1.995075,6,3.740055,6,14.959195,6,2154.18343,2,2288.72,2,7.709844762,2,25,786.46,2,20
33H320240201,A13.5,98,1,17,980117,11020,2,20240311,1915,-44.50216,0.95334,4404.388,241.665,2,8.8642,2,34.581,2,242.86100162571213,2,34.5876,2,248.518,2,1.172,2,4.3,2,15.8,2,0.02,2,2.77698,3,1.97536,2,3.59543,2,13.01094,2,2141.898278,2,2292.24,2,7.741526449,2,25,720.23,2,20
33H320240201,A13.5,98,1,18,980118,11128,2,20240311,1915,-44.50188,0.95408,4404.388,179.758,2,9.2324,2,34.5897,2,253.07755262903115,2,34.5961,2,258.751,2,1.046,2,3.2,2,13.7,2,0.02,2,2.77277,3,1.92494,2,3.56902,2,11.79756,2,2133.456292,2,2293.38,2,7.766395627,2,25,677.01,2,20
33H320240201,A13.5,98,1,19,980119,11031,2,20240311,1915,-44.50167,0.95454,4404.388,150.561,2,9.7365,2,34.664,2,248.52525772139634,2,34.6635,2,254.049,2,0.989,2,3,2,12.7,2,0.03,2,2.63342,3,1.88491,2,3.48081,2,11.64082,2,2130.334326,2,2297.25,2,7.772704745,6,25,664.95,2,20
33H320240201,A13.5,98,1,20,980120,11122,2,20240311,1915,-44.50154,0.95453,4404.388,120.958,2,9.8266,2,34.6485,2,249.4105270844353,2,34.6488,2,254.541,2,0.969,2,2.7,2,12.3,2,0.03,2,2.79435,3,1.86528,2,3.40328,2,11.26837,2,2132.139247,2,2296.55,2,7.775820666,2,25,660.2,2,20
33H320240201,A13.5,98,1,21,980121,11120,2,20240311,1915,-44.50152,0.95443,4404.388,89.883,2,10.3337,2,34.632,2,249.43912246124074,2,34.6291,2,254.887,2,0.906,2,2.4,2,11.4,2,0.04,2,2.75089,3,1.86704,2,3.35959,2,11.16047,2,2126.106519,2,2293.99,2,7.786056512,2,25,641.54,2,20
33H320240201,A13.5,98,1,22,980122,11026,2,20240311,1915,-44.50155,0.9543,4404.388,70.213,2,10.9716,2,34.6084,2,249.00117032097793,2,34.6191,2,254.8545,6,0.869,2,2.1,2,9.8,2,0.49,2,2.66331,3,1.79777,2,3.28483,2,11.1935,2,2121.744244,2,2295.42,2,7.809303336,2,25,615.22,2,20
33H320240201,A13.5,98,1,23,980123,11102,2,20240311,1915,-44.50144,0.95422,4404.388,39.792,2,12.7625,2,34.5352,2,254.3375780632655,2,34.5431,2,260.211,2,0.625,2,0.6,2,5.2,2,0.19,2,2.59845,3,1.64839,2,2.94395,2,9.54675,2,2082.303123,2,2295,2,7.881463223,2,25,503.49,2,20
33H320240201,A13.5,98,1,24,980124,11023,2,20240311,1915,-44.50162,0.95412,4404.388,4.467,2,12.9122,2,34.5302,2,257.4188632866125,2,34.5369,2,262.648,2,0.554,2,0.5,2,4.4,2,0.17,2,2.51724,3,1.6439,2,2.91806,2,10.21877,2,2080.314095,6,2294.5,2,7.892276188,2,25,485.85,2,20
33H320240201,A13.5,99,1,1,990101,11113,2,20240312, 0201,-45.00589,0.91596,4722.576,4722.576,2,0.8046,2,34.6799,2,200.2702585558295,2,34.7105,2,210.076,2,2.275,6,122.9,6,32.6,6,0,6,0.39149,3,0.26373,2,0.51156,2,17.84035,2,2266.818604,6,2360.06,2,7.598609434,6,25,1075.11,2,20
33H320240201,A13.5,99,1,2,990102,11067,2,20240312, 0201,-45.00557,0.91584,4722.576,4330.591,2,0.8448,2,34.6864,2,198.7054732564335,2,34.6991,2,209.666,2,2.266,6,120.1,6,31.9,6,0,6,0.23906,3,0.2416,2,0.46451,2,17.84239,2,2264.414444,2,2360.49,2,7.603249965,2,25,1069.03,2,20
33H320240201,A13.5,99,1,3,990103,11052,2,20240312, 0201,-45.00572,0.91444,4722.576,3774.311,2,1.1889,2,34.7195,2,198.8829141792926,2,34.7398,2,210.335,2,2.168,6,106.5,6,30.5,6,0,6,0.16725,3,0.14344,2,0.26278,2,17.48847,2,2256.650598,2,2359.86,2,7.620825812,2,25,1017.47,2,20
33H320240201,A13.5,99,1,4,990104,11118,2,20240312, 0201,-45.00593,0.91427,4722.576,3427.235,2,1.3968,2,34.7332,2,197.6713072265519,2,34.7451,2,208.504,2,2.131,6,99.6,6,30,6,0,6,0.17257,3,0.12063,2,0.21825,2,17.37887,2,2253.513137,2,2355.64,2,7.622703165,2,25,1006.25,2,20
33H320240201,A13.5,99,1,5,990105,11136,2,20240312, 0201,-45.00618,0.91404,4722.576,3099.853,2,1.5678,2,34.7417,2,195.59103409428153,2,34.7706,2,-999,5,2.104,2,94.8,2,29.8,2,0,2,0.26704,3,0.11234,2,0.20354,2,18.05188,2,2251.43057,2,2354.29,2,7.625852177,2,25,1004.85,2,20
33H320240201,A13.5,99,1,6,990106,11027,2,20240312, 0201,-45.0067,0.91438,4722.576,2800.393,2,1.7952,2,34.752,2,194.10665136746618,2,34.763,2,204.061,2,2.067,2,88.2,2,29.4,2,0,2,0.12234,3,0.09679,2,0.18794,2,17.70614,2,2246.119028,2,2352.07,2,7.627967541,2,25,1001.89,2,20
33H320240201,A13.5,99,1,7,990107,-999,2,20240312, 0201,-45.0067,0.91434,4722.576,2499.724,2,2.0591,2,34.7613,2,192.4318744889447,2,34.7718,2,202.122,2,2.042,2,81,2,28.9,2,0.01,2,0.18211,3,0.10029,2,0.18699,2,17.28896,2,2243.053176,2,2347.04,2,7.63123202,2,25,996.38,2,20
33H320240201,A13.5,99,1,8,990108,11004,2,20240312, 0201,-45.00681,0.91411,4722.576,2201.246,2,2.3366,2,34.7581,2,188.2085322734516,2,34.7692,6,198.403,2,2.05,2,74.9,2,29,2,0.01,2,0.28751,3,0.12464,2,0.22472,2,17.86849,2,2242.152501,2,2343.27,2,7.623691088,2,25,1009.45,2,20
33H320240201,A13.5,99,1,9,990109,11082,2,20240312, 0201,-45.00714,0.91388,4722.576,1901.049,2,2.5536,2,34.7292,2,181.2675538839905,2,34.7364,2,188.942,2,2.114,2,71.4,2,30.1,2,0.01,2,0.24532,3,0.15573,2,0.29894,2,18.61307,2,2244.76025,2,2340.87,2,7.607591444,2,25,1049.53,2,20
33H320240201,A13.5,99,1,10,990110,11115,2,20240312, 0201,-45.00752,0.91363,4722.576,1597.808,2,2.6571,2,34.6603,2,173.0086882048237,2,34.6726,2,179.022,2,2.24,2,70.1,2,31.7,2,0.01,2,0.28199,3,0.2227,2,0.40978,2,19.53803,2,2249.238286,2,2336.72,2,7.582498667,2,25,1113.18,2,20
33H320240201,A13.5,99,1,11,990111,11008,2,20240312, 0201,-45.00768,0.91252,4722.576,1293.895,2,2.7073,2,34.5225,2,169.68563555507237,2,34.5356,2,174.739,2,2.396,2,67,2,34,2,0.01,2,0.50203,3,0.44655,2,0.87526,2,20.98433,2,2250.710833,2,2328.73,2,7.558333985,2,25,1188.81,2,20
33H320240201,A13.5,99,1,12,990112,-999,2,20240312, 0201,-45.00766,0.91236,4722.576,1051.415,2,2.8694,2,34.3977,2,182.79711968258076,2,34.4085,2,188.74,2,2.386,2,55.8,2,33.9,2,0.01,2,0.8641,3,0.84641,2,1.71051,2,20.88105,2,2237.781349,2,2315.24,2,7.557398254,2,25,1175.95,2,20
33H320240201,A13.5,99,1,13,990113,11058,2,20240312, 0201,-45.00738,0.9122,4722.576,809.098,2,3.2049,2,34.2445,2,214.7391412264948,2,34.2802,2,220.9505,6,2.254,2,37,2,31.9,2,0.01,2,1.64398,3,1.53179,2,3.06499,2,18.90986,2,2210.68918,6,2296.53,2,7.588068819,2,25,1079.41,2,20
33H320240201,A13.5,99,1,14,990114,11124,2,20240312, 0201,-45.00709,0.91262,4722.576,622.799,2,3.6945,2,34.1799,2,235.42961926089905,2,34.1972,2,241.232,2,2.11,2,25,2,29.7,2,0.01,2,2.23489,3,1.92555,2,3.77406,2,17.30182,2,2191.607462,2,2286.93,2,7.614974279,2,25,1000.98,2,20
33H320240201,A13.5,99,1,15,990115,11081,2,20240312, 0201,-45.00689,0.91277,4722.576,469.15,2,4.2221,2,34.1514,2,250.2658936,2,34.1648,2,256.139,2,1.961,2,16.8,2,27.7,2,0.02,2,2.36558,3,2.17459,2,4.18992,2,15.6515,2,2176.090817,2,2280.41,2,7.641204257,2,25,944.15,2,20
33H320240201,A13.5,99,1,16,990116,11126,2,20240312, 0201,-45.00637,0.91292,4722.576,359.917,2,4.7443,2,34.1619,2,251.33432944168038,2,34.194,2,256.735,2,1.885,2,12.9,2,26.6,2,0.02,2,-999,3,-999,5,-999,5,-999,5,2169.625871,2,2278.26,2,7.643255356,2,25,920.36,2,20
33H320240201,A13.5,99,1,17,990117,11020,2,20240312, 0201,-45.00643,0.913,4722.576,276.664,2,5.5188,2,34.2142,2,248.47176867203493,2,34.2307,2,252.97,2,1.77,2,9.8,2,24.8,2,0.02,2,-999,3,-999,5,-999,5,-999,5,2167.040734,2,2277.48,2,7.66106191,2,25,889.84,2,20
33H320240201,A13.5,99,1,18,990118,11128,2,20240312, 0201,-45.0067,0.91256,4722.576,217.274,2,6.1612,2,34.2606,2,259.8587317220869,2,34.2671,2,265.248,2,1.574,2,6.9,2,21.8,2,0.02,2,2.58181,3,2.19971,2,4.0381,2,13.06966,2,2156.760221,2,2280.98,2,7.718370805,2,25,813.92,2,20
33H320240201,A13.5,99,1,19,990119,11031,2,20240312, 0201,-45.00663,0.91276,4722.576,163.59,2,6.86,2,34.3258,2,259.7603811241926,2,34.3624,2,264.803,2,1.442,2,5.4,2,19.6,2,0.02,2,2.75845,3,2.15682,2,3.90654,2,12.80239,2,2150.929534,2,2281.91,2,7.716208835,2,25,775.63,2,20
33H320240201,A13.5,99,1,20,990120,11122,2,20240312, 0201,-45.0067,0.91285,4722.576,129.228,2,7.2873,2,34.3464,2,258.7666093329767,2,34.3553,6,264.113,2,1.404,2,4.9,2,18.9,2,0.03,2,2.72767,3,2.13728,2,3.84634,2,12.48202,2,2148.918942,2,2284.32,2,7.721270997,2,25,761.78,2,20
33H320240201,A13.5,99,1,21,990121,11120,2,20240312, 0201,-45.00674,0.91266,4722.576,99.146,2,8.2147,2,34.3197,2,258.9321916311747,2,34.311,2,264.724,2,1.287,2,3.3,2,16.6,2,0.42,2,2.81212,3,2.05873,2,3.75081,2,12.13486,2,2137.866021,2,2280.82,2,7.750179917,2,25,708.63,2,20
33H320240201,A13.5,99,1,22,990122,11026,2,20240312, 0201,-45.00694,0.91265,4722.576,60.197,2,10.3263,2,34.0149,2,271.45219975400556,2,34.0228,2,276.864,2,1.065,2,0.9,2,13.2,2,0.19,2,2.6012,3,1.91415,2,3.43017,2,10.73883,2,2097.038845,2,2275.65,2,7.82598897,2,25,579.32,2,20
33H320240201,A13.5,99,1,23,990123,11102,2,20240312, 0201,-45.00703,0.9125,4722.576,35.499,2,10.3526,2,33.9879,2,274.35331623231525,2,34.0402,2,280.361,3,1.052,2,0.9,2,13.2,2,0.18,2,2.86131,3,1.91024,2,3.44486,2,11.12278,2,2089.53899,2,2273.45,2,7.830640511,2,25,568.91,2,20
33H320240201,A13.5,99,1,24,990124,11023,2,20240312, 0201,-45.0071,0.91239,4722.576,5.216,2,10.3228,2,33.9769,2,275.17248829414405,2,33.9853,2,279.523,2,1.043,2,0.9,2,13.2,2,0.19,2,2.59321,3,1.90276,2,3.44393,2,11.4822,2,2089.873159,2,2273.12,6,7.833115202,6,25,570.36,2,20
33H320240201,A13.5,100,1,1,1000101,11113,2,20240312, 0913,-45.50434,0.85068,4575.807,4575.807,2,0.7255,2,34.6759,2,200.80436938460406,2,34.6896,6,210.689,2,2.303,6,124.7,6,32.7,6,0.01,6,0.2547,3,0.29793,2,0.54648,2,17.89898,2,2265.481992,6,2359.42,2,7.596938744,2,25,1081.1,2,20
33H320240201,A13.5,100,1,2,1000102,11067,2,20240312, 0913,-45.5045,0.85048,4575.807,4123.557,2,0.7554,2,34.6812,2,199.1440438740929,2,34.7054,2,210.196,2,2.277,6,122.1,6,32.4,6,0,6,0.24558,3,0.26699,2,0.5054,2,17.53123,2,2263.70136,2,2358.77,2,7.59999746,2,25,1079.54,2,20
33H320240201,A13.5,100,1,3,1000103,11052,2,20240312, 0913,-45.5048,0.85068,4575.807,3655.065,2,0.8813,2,34.6922,2,197.76646818646333,2,34.7196,2,209.434,2,2.254,6,116.9,6,32,6,0,6,0.22278,3,0.1631,2,0.29897,2,17.26338,2,2260.614211,2,2360.08,2,7.602229062,2,25,1067.48,2,20
33H320240201,A13.5,100,1,4,1000104,11118,2,20240312, 0913,-45.50508,0.85037,4575.807,3299.165,2,1.1652,2,34.716,2,197.4188179367125,2,34.7253,2,207.699,2,2.188,6,107.1,6,31,6,0,6,0.67429,3,0.22205,2,0.42669,2,17.7114,2,2252.725844,2,2357.09,2,7.614161225,2,25,1034.56,2,20
33H320240201,A13.5,100,1,5,1000105,11136,2,20240312, 0913,-45.5049,0.8504,4575.807,3000.278,2,1.4497,2,34.7377,2,197.36283716135392,2,34.7407,2,208.201,2,2.115,2,97.5,2,30.2,2,0,2,0.2581,3,0.1171,2,0.20958,2,17.27279,2,2248.768774,2,2354.92,2,7.626010032,2,25,1005.885,6,20
33H320240201,A13.5,100,1,6,1000106,11027,2,20240312, 0913,-45.50498,0.85035,4575.807,2698.802,2,1.6416,2,34.7493,2,196.93358895399115,2,34.7588,2,206.9,2,2.08,2,91.2,2,29.6,2,0,2,0.1819,3,0.09181,2,0.16693,2,16.08542,2,2246.2539,2,2350.51,2,7.631097553,2,25,995.88,2,20
33H320240201,A13.5,100,1,7,1000107,-999,2,20240312, 0913,-45.50502,0.85028,4575.807,2399.576,2,1.8709,2,34.7606,2,195.92276859632344,2,34.7759,2,204.542,2,2.042,2,84.4,2,29.1,2,0,2,0.33332,3,0.09594,2,0.17792,2,17.19839,2,2240.568849,2,2348,2,7.631584571,2,25,990,2,20
33H320240201,A13.5,100,1,8,1000108,11004,2,20240312, 0913,-45.50512,0.85008,4575.807,2099.348,2,2.1978,2,34.7647,2,192.2292426303597,2,34.7824,2,200.673,2,2.023,2,76.5,2,28.9,2,0,2,0.24525,3,0.106,2,0.19884,2,17.30002,2,2239.131,2,2344.82,2,7.628658013,2,25,994.91,2,20
33H320240201,A13.5,100,1,9,1000109,11082,2,20240312, 0913,-45.50546,0.85024,4575.807,1801.372,2,2.4021,2,34.7396,2,184.29261353504552,2,34.7523,2,191.732,2,2.103,2,74.5,2,30,2,0.01,2,0.33501,3,0.14905,2,0.26437,2,18.37943,2,2242.12312,2,2342.62,2,7.611832933,2,25,1037.89,2,20
33H320240201,A13.5,100,1,10,1000110,11115,2,20240312, 0913,-45.5059,0.84978,4575.807,1499.47,2,2.5741,2,34.6806,2,174.75608059634465,2,34.6911,2,180.013,2,2.213,2,72.2,2,31.5,2,0.01,2,0.334695,3,0.2015,6,0.377525,6,19.80973,6,2247.947813,2,2338.47,2,7.588054642,6,25,1101.92,2,20
33H320240201,A13.5,100,1,11,1000111,11008,2,20240312, 0913,-45.50644,0.85007,4575.807,1245.64,2,2.5964,2,34.5816,2,168.2116004690904,2,34.6071,2,172.628,2,2.37,2,71.5,2,33.7,2,0.01,2,0.66379,3,0.35556,2,0.67211,2,20.99251,2,2253.632226,2,2333.29,2,7.563836354,2,25,1180.47,2,20
33H320240201,A13.5,100,1,12,1000112,-999,2,20240312, 0913,-45.5063,0.84964,4575.807,949.987,2,2.7284,2,34.4242,2,178.2010305869641,2,34.4305,2,183,2,2.412,2,60.2,2,34.5,2,0.01,2,0.87947,3,0.7778,2,1.54098,2,21.62755,2,2242.126203,6,2317.73,2,7.553472956,2,25,1199.71,2,20
33H320240201,A13.5,100,1,13,1000113,11058,2,20240312, 0913,-45.50636,0.84965,4575.807,751.145,2,2.89,2,34.3027,2,200.50821962322198,2,34.3096,6,205.309,2,2.349,2,47.1,2,33.5,2,0.01,2,1.70936,3,1.2568,2,2.47233,2,19.97435,2,2223.026222,2,2305.89,2,7.568896031,2,25,1145.13,2,20
33H320240201,A13.5,100,1,14,1000114,11124,2,20240312, 0913,-45.50658,0.84958,4575.807,559.64,2,3.1202,2,34.1792,2,234.64763952763508,2,34.1808,2,240.012,6,2.192,2,30.8,2,31.1,2,0.01,2,2.27459,3,1.87884,2,3.54523,2,18.19107,2,2198.965893,2,2289.93,2,7.604823272,2,25,1043.56,2,20
33H320240201,A13.5,100,1,15,1000115,11081,2,20240312, 0913,-45.50662,0.84925,4575.807,434.467,2,3.4177,2,34.1272,2,254.85103921636622,2,34.1323,2,259.989,2,2.064,2,22.1,2,29.2,2,0.01,2,2.60566,3,2.1914,2,4.06668,2,16.88771,2,2183.893951,2,2282.9,2,7.627689766,2,25,972.84,2,20
33H320240201,A13.5,100,1,16,1000116,11126,2,20240312, 0913,-45.50672,0.84924,4575.807,333.401,2,3.9953,2,34.1325,2,259.6689234,2,34.1375,2,263.747,2,1.963,2,16.8,2,27.8,2,0.02,2,2.50234,3,2.26554,2,4.0797,2,15.71804,2,2172.777541,2,2278.79,2,7.642315744,2,25,933.64,2,20
33H320240201,A13.5,100,1,17,1000117,11020,2,20240312, 0913,-45.5068,0.8495,4575.807,258.97,2,4.4759,2,34.1344,2,261.44245072508977,2,34.152,2,266.378,2,1.894,2,13.3,2,26.8,2,0.02,2,2.78236,3,2.29262,2,4.0845,2,15.03141,2,2167.073006,2,2275.6,2,7.653498979,2,25,910.54,2,20
33H320240201,A13.5,100,1,18,1000118,11128,2,20240312, 0913,-45.50666,0.84923,4575.807,199.449,2,4.9651,2,34.1405,2,266.4820491674429,2,34.145,2,271.176,2,1.777,2,9.9,2,24.9,2,0.02,2,2.73842,3,2.36548,2,4.23867,2,14.16654,2,2158.280923,2,2275.69,2,7.669941312,2,25,865.63,2,20
33H320240201,A13.5,100,1,19,1000119,11031,2,20240312, 0913,-45.5066,0.84919,4575.807,167.318,2,5.325,2,34.1502,2,273.0096750726345,2,34.154,2,277.674,2,1.658,2,7.9,2,23.1,2,0.02,2,2.94217,3,2.34841,2,3.956,2,13.47079,2,2154.132195,2,2274.16,2,7.689474811,2,25,826.29,2,20
33H320240201,A13.5,100,1,20,1000120,11122,2,20240312, 0913,-45.50672,0.84938,4575.807,140.069,2,5.5659,2,34.1453,2,275.52767968620986,2,34.1563,2,280.161,2,1.605,2,6.6,2,22.3,2,0.03,2,2.90894,3,2.36822,2,4.1697,2,12.8389,2,2150.86699,2,2275.17,2,7.696269632,2,25,812.31,2,20
33H320240201,A13.5,100,1,21,1000121,11120,2,20240312, 0913,-45.50666,0.84905,4575.807,108.868,2,6.2512,2,34.1566,2,268.21552364701074,2,34.1547,2,272.371,2,1.568,2,5.4,2,21.6,2,0.07,2,2.82016,3,2.31653,2,4.07719,2,12.54447,2,2149.588884,2,2274.46,2,7.69479693,2,25,806.17,2,20
33H320240201,A13.5,100,1,22,1000122,11026,2,20240312, 0913,-45.5067,0.84889,4575.807,79.949,2,6.8036,2,34.0698,2,270.8275480693531,2,34.0683,2,276.055,2,1.487,2,3.5,2,19.1,2,0.53,2,2.84411,3,2.26355,2,3.99228,2,12.0575,2,2137.720063,2,2272.71,6,7.72726693,6,25,750.63,2,20
33H320240201,A13.5,100,1,23,1000123,11102,2,20240312, 0913,-45.50688,0.84916,4575.807,50.786,2,8.8814,2,33.8423,2,277.36949064222586,2,33.8465,2,283.398,2,1.214,2,0.9,2,15.3,2,0.22,2,3.04806,3,2.04752,2,3.65081,2,11.51138,2,2102.306055,2,2268.24,2,7.80025943,2,25,616.47,2,20
33H320240201,A13.5,100,1,24,1000124,11023,2,20240312, 0913,-45.507,0.84881,4575.807,5.697,2,8.9519,2,33.7907,2,279.68565660269064,2,33.7933,2,285.68,2,1.199,2,0.9,2,15.4,2,0.22,2,2.74417,3,2.03662,2,3.6228,2,11.60688,2,2101.108387,6,2267.77,2,7.806393136,2,25,608.16,2,20
33H320240201,A13.5,101,1,1,1010101,11113,2,20240313, 0821,-46.00132,0.8015,3993.068,3993.068,2,0.7049,2,34.6792,2,201.5596588059837,2,34.6907,2,210.602,2,2.284,6,123.5,6,32.6,6,0,6,0.69579,3,0.26851,2,0.5276,2,18.74674,2,2264.150713,2,2361.26,2,7.596880237,2,25,1079.64,2,20
33H320240201,A13.5,101,1,2,1010102,11067,2,20240313, 0821,-46.00101,0.80184,3993.068,3601.741,2,0.8245,2,34.689,2,199.60426770219846,2,34.7016,2,208.252,2,2.258,6,118.4,6,32.2,6,0,6,0.48748,3,0.23514,2,0.44242,2,18.23723,2,2262.137238,6,2359.93,2,7.599289191,2,25,1072.39,2,20
33H320240201,A13.5,101,1,3,1010103,11052,2,20240313, 0821,-46.00086,0.80171,3993.068,3198.975,2,1.1389,2,34.7113,2,197.47133991721157,2,34.7222,2,206.709,2,2.196,6,108.2,6,31.5,6,0,6,0,3,0.17266,2,0.31723,2,17.9721,2,2259.763309,2,2357.08,2,7.613125341,2,25,1046.36,2,20
33H320240201,A13.5,101,1,4,1010104,11118,2,20240313, 0821,-46.00112,0.80114,3993.068,2899.807,2,1.3759,2,34.7262,2,195.76021019780606,2,34.7401,2,204.057,2,2.151,6,100.6,6,30.9,6,0.01,6,0.29254,3,0.13662,2,0.24581,2,17.85461,2,2253.160863,2,2355.52,2,7.614927548,2,25,1030.62,2,20
33H320240201,A13.5,101,1,5,1010105,11136,2,20240313, 0821,-46.00111,0.80031,3993.068,2599.81,2,1.6065,2,34.7403,2,194.7444748561931,2,34.7511,2,203.129,6,2.111,2,93.9,2,30.3,2,0,2,0.27583,3,0.11798,2,0.20554,2,17.71455,2,2250.128069,2,2352.26,2,7.617861857,2,25,1017.32,2,20
33H320240201,A13.5,101,1,6,1010106,11027,2,20240313, 0821,-46.00116,0.79943,3993.068,2299.67,2,1.9088,2,34.7544,2,193.5561037246697,2,34.765,2,200.923,2,2.058,2,84.6,2,29.6,2,0,2,0.16526,3,0.10935,2,0.19349,2,17.50274,2,2246.77468,2,2347.28,2,7.625885713,2,25,1007,2,20
33H320240201,A13.5,101,1,7,1010107,-999,2,20240313, 0821,-46.00136,0.80012,3993.068,1999.882,2,2.2226,2,34.7625,2,191.80410854204817,2,34.776,2,199.296,2,2.033,2,77.1,2,29.1,2,0,2,0.41108,3,0.10993,2,0.2052,2,17.60952,2,2240.98694,2,2344.04,2,7.628206157,2,25,1002.17,2,20
33H320240201,A13.5,101,1,8,1010108,11004,2,20240313, 0821,-46.00127,0.80018,3993.068,1700.333,2,2.415,2,34.7325,2,183.1813730345713,2,34.7526,2,189.738,2,2.112,2,74.4,2,30.3,2,0,2,0,3,0.15525,2,0.27356,2,18.54276,2,2246.447094,2,2341.21,2,7.606054116,2,25,1050.05,2,20
33H320240201,A13.5,101,1,9,1010109,11082,2,20240313, 0821,-46.00132,0.79958,3993.068,1399.058,2,2.4925,2,34.6589,2,172.0851678467262,2,34.6744,2,176.559,2,2.252,2,74.7,2,32.4,2,0,2,0.3513,3,0.23901,2,0.42639,2,20.01899,2,2253.739841,2,2338.47,2,7.578759925,2,25,1132.68,2,20
33H320240201,A13.5,101,1,10,1010110,11115,2,20240313, 0821,-46.00142,0.7996,3993.068,1150.357,2,2.6255,2,34.5735,2,169.3517630205433,2,34.5933,2,173.214,2,2.35,2,70,2,33.8,2,0.01,2,0.66592,3,0.35834,2,0.66782,2,21.03782,2,2254.047213,2,2332.69,2,7.560597518,2,25,1178.14,2,20
33H320240201,A13.5,101,1,11,1010111,11008,2,20240313, 0821,-46.00146,0.80006,3993.068,900.417,2,2.721,2,34.4594,2,175.20995057160295,2,34.4813,6,178.476,2,2.398,2,62.8,2,34.6,2,0,2,0.78719,3,0.64296,2,1.22955,2,21.24831,2,2244.454516,2,2321.91,2,7.553954722,2,25,1199.29,2,20
33H320240201,A13.5,101,1,12,1010112,-999,2,20240313, 0821,-46.00156,0.79976,3993.068,674.364,2,2.8515,2,34.3148,2,198.52338513191248,2,34.3647,2,202.081,2,2.337,2,48.8,2,33.8,2,0.01,2,1.26718,3,1.21024,2,2.37861,2,20.34261,2,2229.251856,2,2311.8,2,7.564505407,2,25,1159.15,2,20
33H320240201,A13.5,101,1,13,1010113,11058,2,20240313, 0821,-46.0015,0.7998,3993.068,581.144,2,2.9186,2,34.2406,2,216.8080190093751,2,34.2997,2,221.032,2,2.264,2,39.8,2,32.6,2,0.01,2,1.52834,3,1.57391,2,3.09287,2,19.4466,2,2214.28105,6,2287.85,2,7.582427671,2,25,1103.15,2,20
33H320240201,A13.5,101,1,14,1010114,11124,2,20240313, 0821,-46.00175,0.79972,3993.068,399.86,2,3.3077,2,34.1455,2,248.4056663,2,-999,9,252.993,2,2.088,2,25,2,30,2,0.01,2,-999,3,-999,5,-999,5,-999,5,2190.585206,2,2283.14,2,7.620922463,6,25,996.855,6,20
33H320240201,A13.5,101,1,15,1010115,11081,2,20240313, 0821,-46.00201,0.79962,3993.068,299.084,2,3.6823,2,34.1144,2,263.2517910232178,2,34.1628,2,267.6815,6,1.975,2,18.3,2,28.3,2,0.01,2,2.31733,3,2.26813,2,4.24093,2,16.21616,2,2177.243723,2,2278.96,2,7.638836791,2,25,946.15,2,20
33H320240201,A13.5,101,1,16,1010116,11126,2,20240313, 0821,-46.002,0.79933,3993.068,235.279,2,4.0508,2,34.094,2,269.5053415995789,2,34.1443,2,273.445,2,1.894,2,14.2,2,27.1,2,0.01,2,-999,3,-999,5,-999,5,-999,5,2167.723041,2,2276.85,2,7.650762139,2,25,912.98,2,20
33H320240201,A13.5,101,1,17,1010117,11020,2,20240313, 0821,-46.00203,0.79926,3993.068,209.641,2,4.1398,2,34.077,2,271.29851360917377,2,34.0887,2,275.404,2,1.872,2,13.3,2,26.7,2,0.01,2,-999,3,-999,5,-999,5,-999,5,2167.68667,2,2274.79,2,7.657606122,2,25,901.51,2,20
33H320240201,A13.5,101,1,18,1010118,11128,2,20240313, 0821,-46.00199,0.79923,3993.068,181.116,2,4.1144,2,34.0163,2,281.75160875753016,2,34.0268,2,285.815,2,1.815,6,11.3,6,25.6,6,0.01,6,2.62841,3,2.44566,2,4.5023,2,14.43793,2,2160.224103,2,2272.5,2,7.669381497,2,25,875.19,2,20
33H320240201,A13.5,101,1,19,1010119,11031,2,20240313, 0821,-46.00208,0.79941,3993.068,145.806,2,4.7758,2,34.0272,2,281.2773428,2,34.0354,2,286.091,2,-999,9,-999,9,-999,9,-999,9,2.81658,3,2.41787,2,4.46582,2,13.24427,2,2154.66448,2,2271.17,2,7.67721656,2,25,847.21,2,20
33H320240201,A13.5,101,1,20,1010120,11122,2,20240313, 0821,-46.00218,0.7994,3993.068,119.444,2,5.124,2,33.9989,2,280.12440358694374,2,34.007,2,284.882,2,-999,9,-999,9,-999,9,-999,9,2.901625,3,2.408485,6,4.364925,6,13.16026,6,2149.423099,2,2269.24,2,7.689207769,2,25,829.42,2,20
33H320240201,A13.5,101,1,21,1010121,11120,2,20240313, 0821,-46.00211,0.79944,3993.068,90.685,2,6.9572,2,33.9272,2,279.3241584262393,2,33.9284,2,284.795,2,-999,9,-999,9,-999,9,-999,9,2.94063,3,2.24119,2,4.01193,2,12.80809,2,2123.008102,2,2270.45,6,7.749617917,6,25,710.09,2,20
33H320240201,A13.5,101,1,22,1010122,11026,2,20240313, 0821,-46.00206,0.79953,3993.068,71.13,2,8.8342,2,33.8355,2,276.96420786890803,2,33.843,2,283.369,2,1.279,6,0.9,6,16.2,6,0.22,6,2.71886,3,2.01297,2,3.61225,2,11.6452,2,2106.13891,2,2268.56,2,7.795554049,2,25,626.31,2,20
33H320240201,A13.5,101,1,23,1010123,11102,2,20240313, 0821,-46.00214,0.79959,3993.068,40.575,2,8.9785,2,33.8277,2,277.53774003762624,2,33.838,6,283.114,2,1.264,6,0.8,6,16,6,0.21,6,2.77904,3,2.0036,2,3.5851,2,10.81219,2,2106.835349,6,2266.05,2,7.799743814,2,25,618.75,2,20
33H320240201,A13.5,101,1,24,1010124,11023,2,20240313, 0821,-46.0022,0.79944,3993.068,7.09,2,8.9831,2,33.8281,2,277.79896996327756,2,33.8341,2,283.948,2,1.256,6,0.8,6,16,6,0.21,6,2.86583,3,2.02465,2,3.61071,2,11.87239,2,2103.574901,2,2266.81,2,7.804349499,2,25,618.58,2,20
33H320240201,A13.5,102,1,1,1020101,11113,2,20240313,1509,-46.50269,0.74654,4184.766,4184.766,2,0.6974,2,34.677,2,201.26444207602773,2,34.6825,2,210.646,2,2.292,6,123.6,6,32.7,6,0,6,0.27122,3,0.26761,2,0.5074,2,18.31239,2,2263.383803,6,2361.34,2,7.59726089,2,25,1084.36,2,20
33H320240201,A13.5,102,1,2,1020102,11067,2,20240313,1509,-46.50288,0.74637,4184.766,3899.399,2,0.7221,2,34.681,2,200.19954627267333,2,34.6883,6,209.22,2,2.287,6,121.9,6,32.5,6,0,6,0.20411,3,0.26612,2,0.50228,2,18.4479,2,2260.767062,2,2360.83,2,7.599085356,2,25,1081.76,2,20
33H320240201,A13.5,102,1,3,1020103,11052,2,20240313,1509,-46.50311,0.74671,4184.766,3700.729,2,0.7759,2,34.6857,2,199.67804959616208,2,34.6827,2,209.614,2,2.269,6,120,6,32.3,6,0,6,0.14167,3,0.24396,2,0.46511,2,18.11281,2,2261.145373,2,2361.57,2,7.599562133,2,25,1076.24,2,20
33H320240201,A13.5,102,1,4,1020104,11118,2,20240313,1509,-46.50313,0.7465,4184.766,3400.973,2,0.995,2,34.7001,2,197.36692399777894,2,34.6953,2,206.215,2,2.236,6,112.8,6,31.8,6,0,6,0.14135,3,0.20288,2,0.36366,2,18.0405,2,2258.378426,2,2360.32,2,7.606839032,2,25,1062.65,2,20
33H320240201,A13.5,102,1,5,1020105,11136,2,20240313,1509,-46.50329,0.74599,4184.766,3102.219,2,1.2343,2,34.7163,2,195.74244282801746,2,34.7125,2,205.609,2,2.186,2,105.6,2,31.3,2,0,2,0.1473,3,0.15824,2,0.27489,2,17.86951,2,2254.419936,2,2358.25,2,7.612021642,2,25,1045,2,20
33H320240201,A13.5,102,1,6,1020106,11027,2,20240313,1509,-46.50307,0.74604,4184.766,2800.842,2,1.4582,2,34.7322,2,195.30417373058438,2,34.7275,2,204.137,2,2.124,2,98,2,30.6,2,0,2,0.10386,3,0.11645,2,0.22332,2,17.61258,2,2249.4954,2,2356.66,2,7.619574619,2,25,1025.82,2,20
33H320240201,A13.5,102,1,7,1020107,-999,2,20240313,1509,-46.50344,0.74672,4184.766,2499.669,2,1.7609,2,34.749,2,194.27607356321332,2,34.7442,2,202.89,6,2.07,2,88.5,2,29.7,2,0,2,0.08847,3,0.10573,2,0.1919,2,17.49692,2,2244.270274,2,2354.71,2,7.624824954,2,25,1010.15,2,20
33H320240201,A13.5,102,1,8,1020108,11004,2,20240313,1509,-46.5033,0.74626,4184.766,2200.778,2,2.0205,2,34.759,2,192.80533662389385,2,34.754,2,200.555,2,2.044,2,81.1,2,29.2,2,0,2,0.06989,3,0.10316,2,0.1878,2,17.2095,2,2239.946614,2,2350.04,2,7.625269411,2,25,1003.8,2,20
33H320240201,A13.5,102,1,9,1020109,11082,2,20240313,1509,-46.50334,0.7456,4184.766,1900.7,2,2.29,2,34.752,2,187.8654255724507,2,34.7493,2,194.9516798,2,2.06,2,75.4,2,29.4,2,0,2,0.0774,3,0.12325,2,0.23325,2,18.00472,2,2239.878475,2,2346.47,2,7.620370581,2,25,1024.85,2,20
33H320240201,A13.5,102,1,10,1020110,11115,2,20240313,1509,-46.50358,0.74569,4184.766,1600.527,2,2.4793,2,34.7021,2,177.3243966804538,2,34.7089,2,183.966,2,2.178,2,74.1,2,31.1,2,0,2,0.18945,3,0.18348,2,0.3291,2,19.16399,2,2246.029044,2,2343.62,2,7.594305566,2,25,1088.65,2,20
33H320240201,A13.5,102,1,11,1020111,11008,2,20240313,1509,-46.50323,0.74497,4184.766,1300.871,2,2.5959,2,34.6172,2,169.81060192983267,2,34.6306,2,174.414,2,2.314,2,71.6,2,33,2,0,2,0.13817,3,0.27565,2,0.52779,2,20.44345,2,2247.595033,2,2338.05,2,7.569193055,2,25,1157.79,2,20
33H320240201,A13.5,102,1,12,1020112,-999,2,20240313,1509,-46.50348,0.74525,4184.766,1050.819,2,2.6718,2,34.5055,2,171.3433401596693,2,34.4997,2,175.648,2,2.407,2,66.1,2,34.3,2,0,2,0.3813,3,0.50747,2,0.97672,2,21.32569,2,2248.055624,2,2327.04,2,7.553534759,2,25,1200.52,2,20
33H320240201,A13.5,102,1,13,1020113,11058,2,20240313,1509,-46.50348,0.74469,4184.766,811.852,2,2.8342,2,34.381,2,185.9156401030061,2,34.3879,2,189.936,2,2.394,2,54.9,2,34.2,2,0,2,0.90223,3,0.90246,2,1.78462,2,20.78666,2,2232.863379,6,2314.46,2,7.557656816,2,25,1176.94,2,20
33H320240201,A13.5,102,1,14,1020114,11124,2,20240313,1509,-46.50344,0.74432,4184.766,619.584,2,3.0897,2,34.2398,2,215.99845701132463,2,34.2512,6,220.451,2,2.265,2,37.8,2,32.4,2,0,2,-999,3,1.6502,2,3.13451,2,20.03181,2,2208.035823,2,2300.14,2,7.585371295,2,25,1096.45,2,20
33H320240201,A13.5,102,1,15,1020115,11081,2,20240313,1509,-46.5034,0.74392,4184.766,480.866,2,3.4195,2,34.1686,2,237.73423809583895,2,34.1805,2,242.383,2,2.128,2,26.7,2,30.5,2,0.01,2,1.9785,3,1.93154,2,3.73038,2,17.53238,2,2188.886495,2,2290.26,2,7.612224295,2,25,1017.06,2,20
33H320240201,A13.5,102,1,16,1020116,11126,2,20240313,1509,-46.5034,0.74366,4184.766,360.374,2,3.8373,2,34.1377,2,251.83290190362322,2,34.1537,2,256.765,2,2.011,2,19.4,2,28.7,2,0,2,2.08393,3,2.14753,2,4.14333,2,16.22383,2,2174.314292,2,2283.38,2,7.632818891,2,25,962.73,2,20
33H320240201,A13.5,102,1,17,1020117,11020,2,20240313,1509,-46.50351,0.74346,4184.766,279.381,2,4.2241,2,34.1341,2,256.0568491796444,2,34.1364,2,260.488,6,1.943,2,15.5,2,27.7,2,0,2,2.32337,3,2.22723,2,4.20158,2,15.4977,2,2170.596144,2,2279.77,6,7.642091659,6,25,937.6,2,20
33H320240201,A13.5,102,1,18,1020118,11128,2,20240313,1509,-46.50362,0.74348,4184.766,219.945,2,4.6514,2,34.1461,2,253.1046849659545,2,34.1544,2,257.307,2,1.902,2,13.2,2,27.1,2,0.01,2,2.2912,3,2.28064,2,4.06181,2,15.37756,2,2166.827856,2,2279.14,2,7.645238662,2,25,931.39,6,20
33H320240201,A13.5,102,1,19,1020119,11031,2,20240313,1509,-46.50358,0.74334,4184.766,160.034,2,5.7444,2,34.1857,2,257.7903982688268,2,34.1867,2,262.367,2,1.686,2,8.6,2,23.5,2,0.01,2,2.48179,3,2.26811,2,4.19627,2,13.9593,2,2156.458269,2,2277.67,2,7.678171861,2,25,858.39,2,20
33H320240201,A13.5,102,1,20,1020120,11122,2,20240313,1509,-46.50348,0.74318,4184.766,130.315,2,5.9179,2,34.1205,2,272.6045487223025,2,34.1173,2,277.199,2,1.57,2,6.5,2,21.6,2,0.02,2,2.6283,3,2.29408,2,4.18368,2,13.17739,2,2144.705391,2,2275.7,2,7.702262071,2,25,801.82,2,20
33H320240201,A13.5,102,1,21,1020121,11120,2,20240313,1509,-46.50347,0.74302,4184.766,99.265,2,6.8018,2,33.9856,2,278.87089730968984,2,33.9856,2,284.232,2,1.45,2,2.9,2,17.9,2,0.51,2,2.73102,3,2.23332,2,4.0571,2,13.31581,2,2128.097134,2,2274.53,2,7.745784918,2,25,716.35,2,20
33H320240201,A13.5,102,1,22,1020122,11026,2,20240313,1509,-46.50358,0.74313,4184.766,60.813,2,8.5483,2,33.872,2,280.19946656638217,2,33.8849,2,286.186,2,1.261,2,1,2,15.9,2,0.22,2,2.55678,3,2.04359,2,3.73207,2,11.46791,2,2106.586189,2,2270.37,2,7.791796543,2,25,636.6,2,20
33H320240201,A13.5,102,1,23,1020123,11102,2,20240313,1509,-46.50365,0.74314,4184.766,30.081,2,8.55,2,33.8716,2,280.5738554110496,2,33.8764,2,286.203,2,1.252,2,1,2,15.9,2,0.22,2,2.51801,3,2.03104,2,3.54767,2,11.56007,2,2104.731467,2,2270.09,2,7.792288663,6,25,631.7,2,20
33H320240201,A13.5,102,1,24,1020124,11023,2,20240313,1509,-46.50384,0.7433,4184.766,4.495,2,8.5536,2,33.8715,2,281.0048302,2,33.8766,2,285.907,2,1.254,2,1,2,15.9,2,0.22,2,2.603085,3,2.05167,6,3.741525,6,11.7122,6,2104.428777,6,2271.46,2,7.794268463,2,25,630.08,2,20
33H320240201,A13.5,103,1,1,1030101,11113,2,20240313,2154,-47.0004,0.70185,4204.338,4204.338,2,0.6414,2,34.6743,2,202.4721467886878,2,34.6887,2,211.876,2,2.302,6,124.3,6,32.7,6,0.01,6,-999,1,-999,1,-999,1,-999,1,2267.800359,6,2361.8,2,7.59758805,2,25,1086.04,2,20
33H320240201,A13.5,103,1,2,1030102,11067,2,20240313,2154,-47.00032,0.70169,4204.338,3899.869,2,0.7154,2,34.6801,2,200.28650914117586,2,34.7017,2,209.455,2,2.301,6,122.3,6,32.4,6,0,6,-999,1,-999,1,-999,1,-999,1,2265.167279,2,2362.96,2,7.594661211,2,25,1083,2,20
33H320240201,A13.5,103,1,3,1030103,11052,2,20240313,2154,-47.00028,0.70167,4204.338,3599.764,2,0.845,2,34.6896,2,198.5268255718718,2,34.7027,2,208.479,2,2.268,6,117.9,6,32.1,6,0,6,-999,1,-999,1,-999,1,-999,1,2264.472877,2,2361.9,2,7.596704005,2,25,1073.675,6,20
33H320240201,A13.5,103,1,4,1030104,11118,2,20240313,2154,-47.00048,0.70166,4204.338,3301.62,2,1.0587,2,34.7027,2,196.1984827945438,2,34.7136,6,204.964,2,2.225,6,111.3,6,31.7,6,0,6,-999,1,-999,1,-999,1,-999,1,2262.579865,2,2359.48,2,7.603813055,2,25,1061.51,2,20
33H320240201,A13.5,103,1,5,1030105,11136,2,20240313,2154,-47.00026,0.70143,4204.338,3000.995,2,1.3118,2,34.7222,2,195.4862075445364,2,34.7421,2,204.865,2,2.171,2,102.6,2,30.9,2,0,2,-999,1,-999,1,-999,1,-999,1,2259.262222,2,2358.77,2,7.614517029,2,25,1036.97,2,20
33H320240201,A13.5,103,1,6,1030106,11027,2,20240313,2154,-47.00017,0.70075,4204.338,2700.952,2,1.5433,2,34.735,2,193.94052702442534,2,34.7488,2,202.918,6,2.126,2,95.8,2,30.4,2,0,2,-999,1,-999,1,-999,1,-999,1,2253.666607,2,2356.49,2,7.618643333,2,25,1025.84,2,20
33H320240201,A13.5,103,1,7,1030107,-999,2,20240313,2154,-47.00077,0.70109,4204.338,2400.108,2,1.8469,2,34.752,2,193.32960302438718,2,34.7633,2,201.969,2,2.082,2,86.6,2,29.6,2,0,2,-999,1,-999,1,-999,1,-999,1,2251.057077,2,2353.24,2,7.624566217,2,25,1007.64,2,20
33H320240201,A13.5,103,1,8,1030108,11004,2,20240313,2154,-47.00089,0.70087,4204.338,2100.163,2,2.1416,2,34.7637,2,192.61961253136025,2,34.7766,2,200.209,2,2.048,2,78.3,2,29,2,0,2,-999,1,-999,1,-999,1,-999,1,2243.024405,2,2349.21,2,7.628558331,2,25,997.57,2,20
33H320240201,A13.5,103,1,9,1030109,11082,2,20240313,2154,-47.00062,0.70026,4204.338,1801.216,2,2.3659,2,34.7478,2,186.3158727041858,2,34.7846,2,193.867,2,2.07,2,74.5,2,29.6,2,0,2,-999,1,-999,1,-999,1,-999,1,2245.765297,2,2345.93,2,7.616351225,2,25,1026.62,2,20
33H320240201,A13.5,103,1,10,1030110,11115,2,20240313,2154,-47.00048,0.70012,4204.338,1500.325,2,2.4954,2,34.6983,2,176.8471348936532,2,34.7054,2,182.395,2,2.199,2,74.5,2,31.3,2,0,2,-999,1,-999,1,-999,1,-999,1,2250.920414,2,2343.89,2,7.593496276,2,25,1089.74,2,20
33H320240201,A13.5,103,1,11,1030111,11008,2,20240313,2154,-47.00054,0.70036,4204.338,1249.765,2,2.5829,2,34.62,2,170.01430646109958,2,34.6315,2,174.484,3,2.338,2,72.8,2,33,2,0,2,-999,1,-999,1,-999,1,-999,1,2255.423923,2,2338.38,6,7.569474447,6,25,1153.28,2,20
33H320240201,A13.5,103,1,12,1030112,-999,2,20240313,2154,-47.00041,0.70005,4204.338,948.901,2,2.6933,2,34.4617,2,174.5876672874962,2,34.469,2,178.217,2,2.414,2,63.4,2,34.5,2,0.01,2,-999,1,-999,1,-999,1,-999,1,2248.272031,2,2325.55,2,7.552472287,2,25,1204.99,2,20
33H320240201,A13.5,103,1,13,1030113,11058,2,20240313,2154,-47.00042,0.69977,4204.338,749.915,2,2.8555,2,34.3261,2,194.9701588,2,34.3335,2,198.908,2,2.388,2,49.9,2,33.9,2,0.01,2,-999,1,-999,1,-999,1,-999,1,2232.930399,6,2310.28,2,7.557208075,2,25,1164.57,2,20
33H320240201,A13.5,103,1,14,1030114,11124,2,20240313,2154,-47.00036,0.70002,4204.338,559.824,2,3.0986,2,34.1879,2,230.25015292979182,2,34.1922,2,234.517,2,2.234,2,32.5,2,31.5,2,0.01,2,-999,1,-999,1,-999,1,-999,1,2205.987788,2,2293.62,2,7.595362139,2,25,1063.77,2,20
33H320240201,A13.5,103,1,15,1030115,11081,2,20240313,2154,-47.00036,0.70024,4204.338,439.706,2,3.3802,2,34.142,2,247.0514587417912,2,34.1467,2,251.477,2,2.109,2,24.3,2,29.8,2,0.01,2,-999,1,-999,1,-999,1,-999,1,2190.818957,2,2287.78,2,7.618143184,2,25,997.14,2,20
33H320240201,A13.5,103,1,16,1030116,11126,2,20240313,2154,-47.00038,0.70045,4204.338,329.706,2,3.932,2,34.1313,2,254.80194320066317,2,34.1448,6,260.0415,6,2,2,18.2,2,28.3,2,0.01,2,-999,1,-999,1,-999,1,-999,1,2179.680533,2,2282.03,2,7.637074223,2,25,954.48,2,20
33H320240201,A13.5,103,1,17,1030117,11020,2,20240313,2154,-47.0002,0.70056,4204.338,260.819,2,4.3577,2,34.1312,2,256.75234464194904,2,34.1373,2,261.4,3,1.938,2,14.6,2,27.4,2,0.01,2,-999,1,-999,1,-999,1,-999,1,2174.705293,2,2280.1,2,7.643472415,6,25,935.52,2,20
33H320240201,A13.5,103,1,18,1030118,11128,2,20240313,2154,-47.00014,0.70072,4204.338,201.115,2,4.7915,2,34.1025,2,264.9801466373113,2,34.103,2,270.204,2,1.814,2,10.9,2,25.4,2,0.01,2,-999,1,-999,1,-999,1,-999,1,2165.346386,2,2276,2,7.662832762,2,25,892.49,2,20
33H320240201,A13.5,103,1,19,1030119,11031,2,20240313,2154,-47.00012,0.70051,4204.338,169.445,2,4.8642,2,34.0274,2,277.75303278412076,2,34.0296,2,282.521,2,1.727,2,8.2,2,23.9,2,0.04,2,-999,1,-999,1,-999,1,-999,1,2158.392635,2,2274.41,2,7.677971649,2,25,852.94,2,20
33H320240201,A13.5,103,1,20,1030120,11122,2,20240313,2154,-47.0001,0.7005,4204.338,141.026,2,5.0813,2,33.9814,2,277.84786876925506,2,33.9869,2,282.273,2,1.727,2,6.8,2,22.9,2,0.33,2,-999,1,-999,1,-999,1,-999,1,2155.466747,2,2274.53,2,7.684019578,2,25,843.48,2,20
33H320240201,A13.5,103,1,21,1030121,11120,2,20240313,2154,-47.00011,0.70029,4204.338,110.649,2,7.2084,2,33.9236,2,279.5779767125549,2,33.9292,2,285.623,2,1.435,2,2.6,2,17.5,2,0.38,2,-999,1,-999,1,-999,1,-999,1,2125.616074,2,2273.22,2,7.755753912,2,25,706.1,2,20
33H320240201,A13.5,103,1,22,1030122,11026,2,20240313,2154,-47.00014,0.70028,4204.338,80.206,2,8.5017,2,33.8786,2,279.01249996585193,2,33.8799,2,285.687,2,1.27,2,1.1,2,16,2,0.22,2,-999,1,-999,1,-999,1,-999,1,2109.657162,2,2273.7,2,7.789193506,2,25,641.28,2,20
33H320240201,A13.5,103,1,23,1030123,11102,2,20240313,2154,-47.0002,0.70028,4204.338,50.542,2,8.5724,2,33.8533,2,279.95643877544705,2,33.8547,2,286.06,2,1.26,2,1,2,15.9,2,0.22,2,-999,1,-999,1,-999,1,-999,1,2107.789637,2,2273.34,2,7.795092912,2,25,630.19,2,20
33H320240201,A13.5,103,1,24,1030124,11023,2,20240313,2154,-47.00022,0.70023,4204.338,4.044,2,8.5725,2,33.8532,2,280.4656027,2,33.8554,2,285.846,2,1.257,2,1,2,15.9,2,0.22,2,-999,1,-999,1,-999,1,-999,1,2108.022512,6,2270.17,2,7.793788346,2,25,627.61,2,20
33H320240201,A13.5,104,1,1,1040101,11113,2,20240314, 0518,-47.49726,0.6516,3928.602,3928.602,2,0.6739,2,34.6778,2,201.96794748772942,2,34.6835,2,209.7348637,2,2.271,6,122.8,6,32.5,6,0.01,6,-999,1,-999,1,-999,1,-999,1,2265.308033,2,2361.32,2,7.598719352,2,25,1081.12,2,20
33H320240201,A13.5,104,1,2,1040102,11067,2,20240314, 0518,-47.49685,0.65166,3928.602,3549.808,2,0.8436,2,34.691,2,199.6606805835378,2,34.6956,2,208.3675465,2,2.188,6,116.5,6,31.9,6,0,6,-999,1,-999,1,-999,1,-999,1,2261.303756,6,2361.83,2,7.604480863,2,25,1070.29,2,20
33H320240201,A13.5,104,1,3,1040103,11052,2,20240314, 0518,-47.49626,0.65142,3928.602,3199.188,2,1.0749,2,34.708,2,197.84035524902308,2,34.7148,6,207.6015118,2,2.174,6,108.7,6,31.3,6,0,6,-999,1,-999,1,-999,1,-999,1,2256.148976,2,2360.09,2,7.607729815,6,25,1049.52,2,20
33H320240201,A13.5,104,1,4,1040104,11118,2,20240314, 0518,-47.49584,0.65158,3928.602,2900.484,2,1.3152,2,34.7269,2,197.5668787529994,2,34.7324,2,205.8173406,2,2.126,6,100.6,6,30.5,6,0,6,-999,1,-999,1,-999,1,-999,1,2252.477601,2,2358.76,2,7.61857924,2,25,1025.52,2,20
33H320240201,A13.5,104,1,5,1040105,11136,2,20240314, 0518,-47.49538,0.65138,3928.602,2598.926,2,1.5278,2,34.7349,2,194.63556273646037,2,34.7407,2,203.3451868,2,2.118,2,95.4,2,30.2,2,0,2,-999,1,-999,1,-999,1,-999,1,2249.266213,2,2355.47,2,7.619736664,2,25,1024.55,2,20
33H320240201,A13.5,104,1,6,1040106,11027,2,20240314, 0518,-47.4949,0.65116,3928.602,2331.909,2,1.8343,2,34.7581,2,196.23981132046063,2,34.763,2,204.8222115,2,2.03,2,84.9,2,29.2,2,0,2,-999,1,-999,1,-999,1,-999,1,2243.486499,2,2350.31,2,7.629092119,2,25,994.865,6,20
33H320240201,A13.5,104,1,7,1040107,-999,2,20240314, 0518,-47.49456,0.65088,3928.602,1999.329,2,2.105,2,34.7612,2,193.25819350854883,2,34.7666,2,200.4357158,6,2.023,2,77.9,2,29,2,0,2,-999,1,-999,1,-999,1,-999,1,2241.11079,2,2348.12,2,7.628566203,2,25,998.09,2,20
33H320240201,A13.5,104,1,8,1040108,11004,2,20240314, 0518,-47.49428,0.6508,3928.602,1700.298,2,2.2982,2,34.7358,2,184.40023169710688,2,34.741,2,190.9980564,2,2.098,2,76.4,2,30.1,2,0.01,2,-999,1,-999,1,-999,1,-999,1,2244.69675,2,2345.38,2,7.607825648,2,25,1046.03,2,20
33H320240201,A13.5,104,1,9,1040109,11082,2,20240314, 0518,-47.49413,0.65154,3928.602,1402.223,2,2.562,2,34.7217,2,182.41598295261005,2,34.7316,2,188.2588172,2,2.109,2,69.4,2,30.2,2,0,2,-999,1,-999,1,-999,1,-999,1,2241.815825,2,2341.07,2,7.605078886,2,25,1052.7,2,20
33H320240201,A13.5,104,1,10,1040110,11115,2,20240314, 0518,-47.49384,0.65113,3928.602,1149.08,2,2.5489,2,34.6151,2,169.3451893203647,2,34.6212,2,173.5109669,2,2.314,2,72.4,2,33,2,0.01,2,-999,1,-999,1,-999,1,-999,1,2251.379423,2,2337.85,2,7.552883583,2,25,1163.18,2,20
33H320240201,A13.5,104,1,11,1040111,11008,2,20240314, 0518,-47.49344,0.65118,3928.602,900.69,2,2.6242,2,34.5021,2,170.3912449,2,34.5069,2,173.7129601,2,2.405,2,67.3,2,34.5,2,0.01,2,-999,1,-999,1,-999,1,-999,1,2251.291931,2,2328.08,2,7.557964981,2,25,1211.51,2,20
33H320240201,A13.5,104,1,12,1040112,-999,2,20240314, 0518,-47.49306,0.65101,3928.602,679.994,2,2.8255,2,34.3802,2,186.45462756978458,2,34.3818,2,190.4853085,2,2.353,2,54.3,2,34.1,2,0.01,2,-999,1,-999,1,-999,1,-999,1,2235.280465,6,2314.58,2,7.578808871,2,25,1175.69,2,20
33H320240201,A13.5,104,1,13,1040113,11058,2,20240314, 0518,-47.49292,0.65066,3928.602,510.92,2,2.7575,2,34.2241,2,221.18559123808868,2,34.2267,2,223.9451682,2,2.242,2,39.6,2,32.5,2,0.01,2,-999,1,-999,1,-999,1,-999,1,2213.486268,2,2299.58,6,7.577710978,6,25,1114.05,2,20
33H320240201,A13.5,104,1,14,1040114,11124,2,20240314, 0518,-47.49272,0.65046,3928.602,399.037,2,2.9009,2,34.1513,2,243.72612828606242,2,34.1521,2,247.5396352,2,2.113,2,29.5,2,30.9,2,0.01,2,-999,1,-999,1,-999,1,-999,1,2196.836683,2,2291.67,2,7.60731127,2,25,1040.76,2,20
33H320240201,A13.5,104,1,15,1040115,11081,2,20240314, 0518,-47.49249,0.65066,3928.602,301.115,2,3.3214,2,34.116,2,259.68156448705594,2,34.1181,6,263.6006471,2,2.013,2,21.7,2,29.1,2,0.01,2,-999,1,-999,1,-999,1,-999,1,2182.461191,2,2311.06,3,7.628327071,2,25,974.28,2,20
33H320240201,A13.5,104,1,16,1040116,11126,2,20240314, 0518,-47.49238,0.65075,3928.602,239.673,2,3.6703,2,34.0989,2,265.22871348023267,2,34.0993,2,269.3798846,2,1.973,2,18.3,2,27.9,2,0.01,2,-999,1,-999,1,-999,1,-999,1,2173.56367,2,2279.26,2,7.638367693,2,25,945.41,2,20
33H320240201,A13.5,104,1,17,1040117,11020,2,20240314, 0518,-47.49228,0.65078,3928.602,209.415,2,3.8813,2,34.0742,2,271.6530088443565,2,34.0747,2,275.6898678,6,1.917,2,14.9,2,26.9,2,0.01,2,-999,1,-999,1,-999,1,-999,1,2169.799177,2,2277.34,2,7.650103258,2,25,916.29,2,20
33H320240201,A13.5,104,1,18,1040118,11128,2,20240314, 0518,-47.49216,0.65076,3928.602,179.485,2,3.9197,2,34.0094,2,281.44324100452724,2,34.0103,2,285.6864349,2,1.837,2,12.4,2,25.9,2,0.02,2,-999,1,-999,1,-999,1,-999,1,2161.286673,2,2273.38,2,7.666230033,2,25,889.95,2,20
33H320240201,A13.5,104,1,19,1040119,11031,2,20240314, 0518,-47.49205,0.65074,3928.602,150.189,2,4.0649,2,33.9811,2,284.44104481342504,2,33.9847,2,288.7199474,2,1.823,2,10.9,2,25.3,2,0.02,2,-999,1,-999,1,-999,1,-999,1,2156.970975,2,2271.73,2,7.668283001,2,25,876.63,2,20
33H320240201,A13.5,104,1,20,1040120,11122,2,20240314, 0518,-47.49194,0.6506,3928.602,119.022,2,4.3836,2,33.9521,2,284.10441963689124,2,33.9548,2,288.2610941,2,1.784,2,0,2,24.6,2,0.05,2,-999,1,-999,1,-999,1,-999,1,2153.984173,2,2270.3,2,7.673996919,2,25,864.28,2,20
33H320240201,A13.5,104,1,21,1040121,11120,2,20240314, 0518,-47.49182,0.65037,3928.602,90.568,2,6.867,2,33.8573,2,281.8765320962956,2,33.8623,2,287.3265905,2,1.466,2,2.9,2,18.1,2,0.38,2,-999,1,-999,1,-999,1,-999,1,2125.395111,2,2272.49,2,7.756225992,2,25,701.14,2,20
33H320240201,A13.5,104,1,22,1040122,11026,2,20240314, 0518,-47.49174,0.65026,3928.602,68.164,2,7.9132,2,33.8006,2,283.24338913843644,2,33.8025,2,289.2104378,2,1.31,2,1.5,2,16.6,2,0.24,2,-999,1,-999,1,-999,1,-999,1,2109.553432,2,2270.84,2,7.786304055,2,25,641.54,2,20
33H320240201,A13.5,104,1,23,1040123,11102,2,20240314, 0518,-47.49158,0.65024,3928.602,39.658,2,7.9825,2,33.8,2,283.7032283965401,2,33.8027,2,289.0814426,2,1.271,2,1.4,2,16.4,2,0.22,2,-999,1,-999,1,-999,1,-999,1,2106.996269,6,2268.19,2,7.792237656,2,25,633.62,2,20
33H320240201,A13.5,104,1,24,1040124,11023,2,20240314, 0518,-47.4914,0.6504,3928.602,4.931,2,8.0377,2,33.7955,2,283.8152447,2,33.796,2,288.74821,2,1.27,2,1.4,2,16.3,2,0.22,2,-999,1,-999,1,-999,1,-999,1,2105.461488,2,2266.29,2,7.795103058,2,25,631.25,2,20
33H320240201,A13.5,105,1,1,1050101,11113,2,20240314,1212,-47.99848,0.5984,4073.483,4073.483,2,0.6345,2,34.6744,2,202.61543794544744,2,34.6895,2,211.0972807,2,2.288,6,123.4,6,32.7,6,0,6,-999,1,-999,1,-999,1,-999,1,2267.965402,2,2360.99,2,7.594289387,2,25,1088.84,2,20
33H320240201,A13.5,105,1,2,1050102,11067,2,20240314,1212,-47.99867,0.5991,4073.483,3600.401,2,0.755,2,34.6843,2,199.97782835194948,2,34.6975,2,208.433,2,2.28,6,119.5,6,32.2,6,0,6,-999,1,-999,1,-999,1,-999,1,2261.902806,2,2361.72,2,7.60026002,6,25,1080.09,2,20
33H320240201,A13.5,105,1,3,1050103,11052,2,20240314,1212,-47.99845,0.59906,4073.483,3100.459,2,1.1147,2,34.7112,2,197.76651074732746,2,34.7228,2,207.44,2,2.201,6,107.7,6,31.2,6,0,6,-999,1,-999,1,-999,1,-999,1,2258.232864,2,2360.85,2,7.608459663,2,25,1045.02,2,20
33H320240201,A13.5,105,1,4,1050104,11118,2,20240314,1212,-47.99794,0.59906,4073.483,2800.409,2,1.3258,2,34.7249,2,196.56793680956434,2,34.7373,2,204.538,2,2.158,6,101.2,6,30.7,6,0,6,-999,1,-999,1,-999,1,-999,1,2253.980673,2,2358.37,2,7.614773372,2,25,1033.32,2,20
33H320240201,A13.5,105,1,5,1050105,11136,2,20240314,1212,-47.99772,0.59826,4073.483,2499.33,2,1.5218,2,34.733,2,194.14475748315758,2,34.7448,6,202.348,2,2.136,2,96.2,2,30.5,2,0,2,-999,1,-999,1,-999,1,-999,1,2251.43093,2,2356.85,2,7.612939151,2,25,1030.54,2,20
33H320240201,A13.5,105,1,6,1050106,11027,2,20240314,1212,-47.99794,0.59838,4073.483,2200.263,2,1.8313,2,34.7446,2,191.6879734,2,34.7575,2,198.754,2,2.095,2,87.6,2,30,2,0,2,-999,1,-999,1,-999,1,-999,1,2247.114746,2,2352.15,2,7.617649324,2,25,1023.02,2,20
33H320240201,A13.5,105,1,7,1050107,-999,2,20240314,1212,-47.99795,0.598,4073.483,1899.178,2,2.1626,2,34.7606,2,191.8425821100293,2,34.7726,2,198.206,2,2.04,2,77.2,2,29.1,2,0,2,-999,1,-999,1,-999,1,-999,1,2241.421583,2,2348.03,2,7.629218914,2,25,1002.04,2,20
33H320240201,A13.5,105,1,8,1050108,11004,2,20240314,1212,-47.99766,0.59802,4073.483,1600.685,2,2.2731,2,34.7232,2,181.86388993797317,2,34.734,2,187.687,6,2.134,2,78.2,2,31,2,0,2,-999,1,-999,1,-999,1,-999,1,2249.622946,2,2348.79,2,7.603039731,2,25,1065.95,2,20
33H320240201,A13.5,105,1,9,1050109,11082,2,20240314,1212,-47.99766,0.59792,4073.483,1300.243,2,2.4451,2,34.6665,2,173.31332395971987,2,34.6836,2,177.544,2,2.244,2,75.3,2,32.2,2,0,2,-999,1,-999,1,-999,1,-999,1,2252.555348,2,2343.53,2,7.578413013,2,25,1126.45,2,20
33H320240201,A13.5,105,1,10,1050110,11115,2,20240314,1212,-47.99774,0.59803,4073.483,1049.974,2,2.5477,2,34.5813,2,168.68032926278593,2,34.5899,2,172.301,2,2.357,2,72,2,33.7,2,0,2,-999,1,-999,1,-999,1,-999,1,2253.640964,2,2336.86,2,7.559595544,2,25,1186.45,2,20
33H320240201,A13.5,105,1,11,1050111,11008,2,20240314,1212,-47.99801,0.59757,4073.483,810.209,2,2.6311,2,34.4663,2,173.66900936937543,2,34.4769,2,176.496,2,2.418,2,64.6,2,34.7,2,0,2,-999,1,-999,1,-999,1,-999,1,2248.462719,2,2325.05,2,7.54620252,2,25,1217.86,2,20
33H320240201,A13.5,105,1,12,1050112,-999,2,20240314,1212,-47.99773,0.59794,4073.483,619.579,2,2.7063,2,34.3185,2,196.83803950068162,2,34.3334,2,200.182,2,2.368,2,50.8,2,34,2,0,2,-999,1,-999,1,-999,1,-999,1,2232.361791,2,2310.48,2,7.554499622,2,25,1182.94,2,20
33H320240201,A13.5,105,1,13,1050113,11058,2,20240314,1212,-47.99708,0.59833,4073.483,480.767,2,2.7892,2,34.2078,2,226.0624731116107,2,34.2232,2,217.567,2,2.253,2,37.1,2,32.2,2,0.01,2,-999,1,-999,1,-999,1,-999,1,2210.543014,6,2299.26,2,7.586087442,2,25,1095,2,20
33H320240201,A13.5,105,1,14,1050114,11124,2,20240314,1212,-47.99714,0.59794,4073.483,359.961,2,2.9864,2,34.1384,2,248.22596262434038,2,34.2041,2,252.145,2,2.145,2,27.5,2,30.5,2,0.01,2,-999,1,-999,1,-999,1,-999,1,2192.179874,2,2288.99,2,7.611692704,2,25,1022.6,2,20
33H320240201,A13.5,105,1,15,1050115,11081,2,20240314,1212,-47.99708,0.59776,4073.483,279.981,2,3.3691,2,34.1109,2,260.54028703458073,2,34.1358,2,264.698,2,2.047,2,21,2,29,2,0.01,2,-999,1,-999,1,-999,1,-999,1,2181.854916,2,2284.04,2,7.630091293,2,25,970.74,2,20
33H320240201,A13.5,105,1,16,1050116,11126,2,20240314,1212,-47.997,0.59768,4073.483,250.055,2,3.3584,2,34.0731,2,268.7264760524771,2,34.0903,2,271.855,2,2.014,2,18.9,2,28.5,2,0.01,2,-999,1,-999,1,-999,1,-999,1,2179.123068,2,2282.37,2,7.632412817,2,25,953.495,6,20
33H320240201,A13.5,105,1,17,1050117,11020,2,20240314,1212,-47.99687,0.59785,4073.483,219.851,2,3.4339,2,34.0438,2,274.32195652157907,2,34.0571,6,278.637,2,1.966,2,16.8,2,27.8,2,0.01,2,-999,1,-999,1,-999,1,-999,1,2172.776213,2,2278.98,2,7.643725099,2,25,931.69,2,20
33H320240201,A13.5,105,1,18,1050118,11128,2,20240314,1212,-47.9968,0.59817,4073.483,191.171,2,3.4915,2,33.9922,2,283.1139143931188,2,34.0032,2,286.639,6,1.891,2,14.7,2,26.9,2,0.01,2,-999,1,-999,1,-999,1,-999,1,2167.585638,2,2279.29,2,7.656156823,2,25,911.96,2,20
33H320240201,A13.5,105,1,19,1050119,11031,2,20240314,1212,-47.99688,0.59849,4073.483,159.752,2,3.9489,2,33.9782,2,285.05156166083964,2,33.9947,2,288.851,2,1.803,2,11.5,2,25.4,2,0.01,2,-999,1,-999,1,-999,1,-999,1,2160.821917,2,2275.33,2,7.669299018,2,25,875.41,2,20
33H320240201,A13.5,105,1,20,1050120,11122,2,20240314,1212,-47.99711,0.59849,4073.483,129.863,2,4.4142,2,33.9453,2,283.3196508633399,2,33.9516,2,287.935,2,1.767,2,8.7,2,24.5,2,0.12,2,-999,1,-999,1,-999,1,-999,1,2153.464028,2,2271.46,2,7.671087269,2,25,866.08,2,20
33H320240201,A13.5,105,1,21,1050121,11120,2,20240314,1212,-47.99736,0.59839,4073.483,100.473,2,5.9148,2,33.8921,2,281.70454110206157,2,33.8971,2,286.897,2,1.576,2,4.7,2,20.3,2,0.41,2,-999,1,-999,1,-999,1,-999,1,2137.17069,2,2275.5,2,7.719463603,2,25,758.07,2,20
33H320240201,A13.5,105,1,22,1050122,11026,2,20240314,1212,-47.99756,0.59826,4073.483,60.931,2,7.5113,2,33.7944,2,286.3745914038616,2,33.8003,2,291.744,2,1.295,2,1.6,2,17,2,0.23,2,-999,1,-999,1,-999,1,-999,1,2111.874923,2,2271.33,2,7.783206523,2,25,648.59,2,20
33H320240201,A13.5,105,1,23,1050123,11102,2,20240314,1212,-47.99768,0.59836,4073.483,30.569,2,7.4947,2,33.7881,2,287.4152404886769,2,33.8111,2,292.396,2,1.308,2,1.6,2,17.1,2,0.24,2,-999,1,-999,1,-999,1,-999,1,2114.842065,6,2272.25,2,7.784881063,2,25,648.68,2,20
33H320240201,A13.5,105,1,24,1050124,11023,2,20240314,1212,-47.99787,0.59846,4073.483,4.405,2,7.5013,2,33.7865,2,287.38104605391305,2,33.793,2,292.208,2,1.297,2,2.1,2,17.1,2,0.24,2,-999,1,-999,1,-999,1,-999,1,2115.350483,2,2271.53,6,7.78504969,6,25,646.69,2,20
33H320240201,A13.5,106,1,1,1060101,11113,2,20240314,1903,-48.51558,0.54959,4093.953,4093.953,2,0.6463,2,34.6748,2,202.46778179916353,2,34.6875,2,210.605,2,2.292,6,123.9,6,32.7,6,0,6,-999,1,-999,1,-999,1,-999,1,2265.337999,2,2361.05,2,7.59640034,2,25,1084.42,2,20
33H320240201,A13.5,106,1,2,1060102,11067,2,20240314,1903,-48.51562,0.54914,4093.953,3601.529,2,0.7767,2,34.6856,2,199.79539476478652,2,34.6977,2,208.373,2,2.269,6,119.5,6,32.2,6,0,6,-999,1,-999,1,-999,1,-999,1,2262.053642,6,2361.41,2,7.600098635,2,25,1077.31,2,20
33H320240201,A13.5,106,1,3,1060103,11052,2,20240314,1903,-48.51548,0.54975,4093.953,3300.349,2,1.0079,2,34.6984,2,196.48093185259046,2,34.7078,2,205.937,2,2.249,6,112.7,6,31.8,6,0,6,-999,1,-999,1,-999,1,-999,1,2259.730214,2,2360.61,2,7.605783028,2,25,1067.77,2,20
33H320240201,A13.5,106,1,4,1060104,11118,2,20240314,1903,-48.5156,0.54938,4093.953,2999.975,2,1.2209,2,34.7152,2,195.90320616671792,2,34.7234,2,204.065,2,2.19,6,105.8,6,31.2,6,0,6,-999,1,-999,1,-999,1,-999,1,2257.273183,2,2359.72,2,7.614318472,2,25,1049.98,2,20
33H320240201,A13.5,106,1,5,1060105,11136,2,20240314,1903,-48.5158,0.54896,4093.953,2699.798,2,1.4505,2,34.7326,2,195.76894377457026,2,34.7447,2,204.5244808,2,2.144,2,98.3,2,30.5,2,0,2,-999,1,-999,1,-999,1,-999,1,2250.490293,2,2357.2,2,7.61844026,2,25,1023.27,2,20
33H320240201,A13.5,106,1,6,1060106,11027,2,20240314,1903,-48.51596,0.54886,4093.953,2399.565,2,1.7436,2,34.749,2,194.6321337687759,2,34.757,2,202.751,2,2.093,2,89.1,2,29.7,2,0,2,-999,1,-999,1,-999,1,-999,1,2242.991672,2,2354.48,2,7.62665454,2,25,1008.42,2,20
33H320240201,A13.5,106,1,7,1060107,-999,2,20240314,1903,-48.51604,0.54842,4093.953,2100.129,2,2.0451,2,34.7606,2,193.15308956104104,2,34.7683,6,200.492,2,2.059,2,80.8,2,29.2,2,0,2,-999,1,-999,1,-999,1,-999,1,2241.247476,2,2350.26,2,7.626080473,2,25,1003.28,2,20
33H320240201,A13.5,106,1,8,1060108,11004,2,20240314,1903,-48.51616,0.54876,4093.953,1800.311,2,2.283,2,34.7509,2,187.77857171801864,2,34.7619,2,194.69,2,2.07,2,76.4,2,29.6,2,0,2,-999,1,-999,1,-999,1,-999,1,2241.229757,2,2347.54,2,7.621911294,2,25,1023.51,2,20
33H320240201,A13.5,106,1,9,1060109,11082,2,20240314,1903,-48.51642,0.54951,4093.953,1500.503,2,2.4293,2,34.7083,2,178.40051857986583,2,34.7157,2,184.2525,6,2.18,2,75.6,2,31,2,0,2,-999,1,-999,1,-999,1,-999,1,2247.634195,2,2345.18,6,7.597243826,6,25,1082.06,2,20
33H320240201,A13.5,106,1,10,1060110,11115,2,20240314,1903,-48.51668,0.54981,4093.953,1251.842,2,2.5668,2,34.6547,2,172.39535502385297,2,34.684,2,176.358,2,2.27,2,72.9,2,32.2,2,0,2,-999,1,-999,1,-999,1,-999,1,2249.519518,2,2339.1,2,7.577075651,2,25,1126.7,2,20
33H320240201,A13.5,106,1,11,1060111,11008,2,20240314,1903,-48.51698,0.54988,4093.953,949.846,2,2.6081,2,34.5186,2,170.3018997,2,34.529,2,173.818,2,2.417,2,68.6,2,34.3,2,0,2,-999,1,-999,1,-999,1,-999,1,2251.324617,2,2331.28,2,7.546968298,2,25,1203.61,2,20
33H320240201,A13.5,106,1,12,1060112,-999,2,20240314,1903,-48.51685,0.54999,4093.953,750.413,2,2.6908,2,34.4123,2,180.25375671388463,2,34.4213,2,183.727,2,2.426,2,60.2,2,34.6,2,0.01,2,-999,1,-999,1,-999,1,-999,1,2242.395855,6,2319.84,2,7.548675316,2,25,1207.44,2,20
33H320240201,A13.5,106,1,13,1060113,11058,2,20240314,1903,-48.51688,0.55022,4093.953,560.859,2,2.8314,2,34.2806,2,205.30996425361087,2,34.2989,2,209.168,2,2.341,2,45.7,2,33.4,2,0.01,2,-999,1,-999,1,-999,1,-999,1,2221.743214,2,2306.45,2,7.566919238,2,25,1145.38,6,20
33H320240201,A13.5,106,1,14,1060114,11124,2,20240314,1903,-48.51688,0.5499,4093.953,440.196,2,2.9891,2,34.2016,2,226.83699921485012,2,34.2173,2,230.412,2,2.229,2,35,2,31.9,2,0.01,2,-999,1,-999,1,-999,1,-999,1,2205.309138,2,2296.95,2,7.591422547,2,25,1075.75,2,20
33H320240201,A13.5,106,1,15,1060115,11081,2,20240314,1903,-48.51722,0.54922,4093.953,331.296,2,3.2428,2,34.1293,2,252.19866860219736,2,34.16,2,255.254,2,2.09,2,24.5,2,29.8,2,0.01,2,-999,1,-999,1,-999,1,-999,1,2188.342806,2,2286.69,2,7.622127789,2,25,997.44,2,20
33H320240201,A13.5,106,1,16,1060116,11126,2,20240314,1903,-48.51728,0.54911,4093.953,260.233,2,3.6319,2,34.1037,2,264.1484174742555,2,34.128,2,268.159,2,1.997,2,18.7,2,28.3,2,0.01,2,-999,1,-999,1,-999,1,-999,1,2176.036271,2,2283.48,2,7.638158388,2,25,949.7,2,20
33H320240201,A13.5,106,1,17,1060117,11020,2,20240314,1903,-48.51735,0.549,4093.953,229.908,2,4.1143,2,34.1236,2,259.93471516111276,2,34.1291,2,264.754,2,1.939,2,15.8,2,27.7,2,0.01,2,-999,1,-999,1,-999,1,-999,1,2171.731,2,2282.16,2,7.644292884,2,25,934.62,2,20
33H320240201,A13.5,106,1,18,1060118,11128,2,20240314,1903,-48.5174,0.54892,4093.953,200.184,2,4.3497,2,34.1213,2,260.2545384470431,2,34.1266,2,264.611,2,1.914,2,14.1,2,27.1,2,0.01,2,-999,1,-999,1,-999,1,-999,1,2169.63357,2,2278.78,2,7.647422232,2,25,924.52,2,20
33H320240201,A13.5,106,1,19,1060119,11031,2,20240314,1903,-48.51742,0.54894,4093.953,169.401,2,4.2139,2,34.0474,2,274.70735149229176,2,34.0625,6,277.2505,6,1.832,2,12.3,2,26,2,0.01,2,-999,1,-999,1,-999,1,-999,1,2158.539774,2,2277.36,2,7.661496034,6,25,894.71,2,20
33H320240201,A13.5,106,1,20,1060120,11122,2,20240314,1903,-48.51738,0.54888,4093.953,140.455,2,4.1814,2,33.9657,2,285.4871495936567,2,33.9711,2,289.76,2,1.767,2,10.6,2,24.8,2,0.01,2,-999,1,-999,1,-999,1,-999,1,2154.694662,2,2273.2,2,7.671918842,2,25,865.67,2,20
33H320240201,A13.5,106,1,21,1060121,11120,2,20240314,1903,-48.51752,0.54859,4093.953,110.061,2,5.7227,2,33.8739,2,283.22444061349677,2,33.8868,2,288.076,2,1.606,2,5.4,2,20.6,2,0.45,2,-999,1,-999,1,-999,1,-999,1,2141.104639,2,2275.49,2,7.721087374,2,25,771.16,2,20
33H320240201,A13.5,106,1,22,1060122,11026,2,20240314,1903,-48.51764,0.54836,4093.953,80.143,2,7.4218,2,33.8169,2,284.95203662858626,2,33.8352,2,290.676,2,1.324,2,1.8,2,17.1,2,0.26,2,-999,1,-999,1,-999,1,-999,1,2114.890106,2,2273.19,2,7.775856029,2,25,659.87,2,20
33H320240201,A13.5,106,1,23,1060123,11102,2,20240314,1903,-48.51756,0.54846,4093.953,50.738,2,7.5264,2,33.8157,2,285.7831223214961,2,33.8252,2,290.655,2,1.307,2,1.7,2,17,2,0.25,2,-999,1,-999,1,-999,1,-999,1,2113.481111,2,2272.59,2,7.783322259,2,25,651.12,2,20
33H320240201,A13.5,106,1,24,1060124,11023,2,20240314,1903,-48.51732,0.5486,4093.953,3.726,2,7.5152,2,33.816,2,286.38741141414505,2,33.8303,2,291.096,2,1.306,2,1.6,2,17,2,0.25,2,-999,1,-999,1,-999,1,-999,1,2113.047064,6,2271.28,2,7.788482218,2,25,652.49,2,20
33H320240201,A13.5,107,1,1,1070101,11113,4,20240315, 0252,-49.0177,0.5,3951.668,3951.668,2,0.6015,2,34.6736,2,203.27563159840753,2,-999,9,-999,9,-999,9,-999,9,-999,9,-999,9,-999,9,-999,9,-999,9,-999,9,-999,9,-999,9,-999,9,25,-999,9,20
33H320240201,A13.5,107,1,2,1070102,11067,2,20240315, 0252,-49.01843,0.50006,3951.668,3575.218,2,0.6973,2,34.6809,2,200.72937026027898,2,34.691,2,207.976,2,2.271,6,120.2,6,32.6,6,0.01,6,-999,1,-999,1,-999,1,-999,1,2266.590044,6,2359.02,2,7.596175805,2,25,1081.08,2,20
33H320240201,A13.5,107,1,3,1070103,11052,2,20240315, 0252,-49.01855,0.50018,3951.668,3200.42,2,0.8729,2,34.6942,2,198.96097543950836,2,34.6899,2,208.199,2,2.256,6,114.8,6,31.7,6,0.01,6,-999,1,-999,1,-999,1,-999,1,2263.201049,2,2360.61,2,7.602226316,2,25,1067.22,2,20
33H320240201,A13.5,107,1,4,1070104,11118,2,20240315, 0252,-49.01818,0.50033,3951.668,2898.981,2,1.0841,2,34.7064,2,196.50674994712898,2,34.7164,2,204.087,2,2.205,6,108.8,6,31.4,6,0.01,6,-999,1,-999,1,-999,1,-999,1,2260.692079,2,2359.36,2,7.604711393,2,25,1058.25,2,20
33H320240201,A13.5,107,1,5,1070105,11136,2,20240315, 0252,-49.0184,0.50007,3951.668,2600.831,2,1.3638,2,34.7266,2,195.69915173344148,2,34.7343,2,203.761,2,2.152,6,99.9,6,30.5,6,0.01,6,-999,1,-999,1,-999,1,-999,1,2256.528453,2,2356.93,2,7.614691879,6,25,1033.4,2,20
33H320240201,A13.5,107,1,6,1070106,11027,2,20240315, 0252,-49.01853,0.50043,3951.668,2300.746,2,1.6321,2,34.7425,2,194.8574783582728,2,34.7549,6,202.486,2,2.082,2,91.6,2,29.9,2,0.01,2,-999,1,-999,1,-999,1,-999,1,2252.14341,2,2353.11,2,7.622178783,2,25,1017.16,2,20
33H320240201,A13.5,107,1,7,1070107,-999,2,20240315, 0252,-49.0189,0.50061,3951.668,1999.626,2,1.9907,2,34.7579,2,193.43946974635378,2,34.7689,2,199.989,2,2.041,2,81.3,2,29.1,2,0,2,-999,1,-999,1,-999,1,-999,1,2245.888157,2,2349.04,2,7.623997481,2,25,1003.95,2,20
33H320240201,A13.5,107,1,8,1070108,11004,2,20240315, 0252,-49.019,0.50042,3951.668,1698.947,2,2.3069,2,34.7509,2,187.90495280131321,2,34.7675,2,194.515,2,2.073,2,75.1,2,29.5,2,0.01,2,-999,1,-999,1,-999,1,-999,1,2244.143728,2,2343.36,2,7.614789922,2,25,1023.8,2,20
33H320240201,A13.5,107,1,9,1070109,11082,2,20240315, 0252,-49.0193,0.50077,3951.668,1400.058,2,2.4782,2,34.7132,2,179.78681253351493,2,34.7292,2,185.01,2,2.158,2,73,2,30.6,2,0.01,2,-999,1,-999,1,-999,1,-999,1,2246.990452,2,2345.43,2,7.600114373,2,25,1072.6,2,20
33H320240201,A13.5,107,1,10,1070110,11115,2,20240315, 0252,-49.01942,0.50052,3951.668,1147.159,2,2.5504,2,34.6325,2,170.96828977068301,2,34.6486,2,174.489,6,2.278,2,72.4,2,32.6,2,0.01,2,-999,1,-999,1,-999,1,-999,1,2253.441428,2,2336.45,2,7.571112306,2,25,1149.3,2,20
33H320240201,A13.5,107,1,11,1070111,11008,2,20240315, 0252,-49.02003,0.5008,3951.668,900.758,2,2.6165,2,34.4936,2,171.10072568639688,2,34.5083,2,174.131,2,2.426,2,67,2,34.4,2,0.01,2,-999,1,-999,1,-999,1,-999,1,2253.399053,2,2327.28,2,7.546523902,2,25,1216.07,2,20
33H320240201,A13.5,107,1,12,1070112,-999,2,20240315, 0252,-49.02034,0.50047,3951.668,660.707,2,2.8011,2,34.3463,2,191.50598779644017,2,34.3686,2,194.687,2,2.368,2,52,2,33.8,2,0.01,2,-999,1,-999,1,-999,1,-999,1,2234.683057,6,2311.87,2,7.560104611,2,25,1179.16,2,20
33H320240201,A13.5,107,1,13,1070113,11058,2,20240315, 0252,-49.02024,0.50131,3951.668,520.365,2,2.9343,2,34.2327,2,217.42263236524812,2,34.2426,2,221.104,2,2.276,2,38.6,2,32.2,2,0.01,2,-999,1,-999,1,-999,1,-999,1,2214.449226,2,2296.76,6,7.581207554,6,25,1108.48,2,20
33H320240201,A13.5,107,1,14,1070114,11124,2,20240315, 0252,-49.02028,0.50162,3951.668,399.516,2,2.9571,2,34.1461,2,246.05867987335006,2,34.1514,2,250.316,2,2.154,2,28.3,2,30.4,2,0.01,2,-999,1,-999,1,-999,1,-999,1,2197.373529,2,2288.1,2,7.607364157,2,25,1027.71,2,20
33H320240201,A13.5,107,1,15,1070115,11081,2,20240315, 0252,-49.02012,0.50149,3951.668,300.237,2,3.2544,2,34.1075,2,260.0512646451678,2,34.1148,2,264.269,2,2.053,2,21.7,2,29,2,0.01,2,-999,1,-999,1,-999,1,-999,1,2185.514118,2,2281.54,2,7.623952046,2,25,978.76,2,20
33H320240201,A13.5,107,1,16,1070116,11126,2,20240315, 0252,-49.02001,0.50157,3951.668,241.608,2,3.6452,2,34.0964,2,265.2068493712219,2,34.1085,2,268.946,2,1.999,2,18.1,2,27.9,2,0.01,2,-999,1,-999,1,-999,1,-999,1,2177.312834,2,2279.96,2,7.640051371,2,25,947.53,2,20
33H320240201,A13.5,107,1,17,1070117,11020,2,20240315, 0252,-49.02021,0.50153,3951.668,209.299,2,3.7382,2,34.049,2,270.6674496831203,2,34.0615,2,274.366,2,1.946,2,15.7,2,27.3,2,0.02,2,-999,1,-999,1,-999,1,-999,1,2173.546901,2,2277.26,2,7.641159001,2,25,932.83,2,20
33H320240201,A13.5,107,1,18,1070118,11128,2,20240315, 0252,-49.02022,0.50148,3951.668,179.838,2,4.3832,2,34.0625,2,271.6214447474208,2,34.0649,6,276.019,2,1.825,2,11.7,2,25.6,2,0.02,2,-999,1,-999,1,-999,1,-999,1,2163.418537,2,2274.16,2,7.66057523,2,25,890.92,2,20
33H320240201,A13.5,107,1,19,1070119,11031,2,20240315, 0252,-49.0203,0.50156,3951.668,149.329,2,4.8701,2,34.0653,2,274.0007623,2,34.0716,2,278.633,2,1.727,2,8.8,2,24,2,0.02,2,-999,1,-999,1,-999,1,-999,1,2159.059247,2,2274.43,2,7.675047637,2,25,861.395,6,20
33H320240201,A13.5,107,1,20,1070120,11122,2,20240315, 0252,-49.02043,0.5013,3951.668,119.782,2,5.3285,2,33.9365,2,279.9443261001172,2,33.9385,2,284.899,6,1.65,2,6.5,2,21.8,2,0.37,2,-999,1,-999,1,-999,1,-999,1,2148.326467,2,2272.01,2,7.69772494,2,25,809.51,2,20
33H320240201,A13.5,107,1,21,1070121,11120,2,20240315, 0252,-49.02048,0.501,3951.668,89.835,2,7.5172,2,33.8442,2,283.4617980571232,2,33.8499,2,288.87,2,1.312,2,1.7,2,16.8,2,0.26,2,-999,1,-999,1,-999,1,-999,1,2116.320126,2,2272.22,2,7.775250212,2,25,662.42,2,20
33H320240201,A13.5,107,1,22,1070122,11026,2,20240315, 0252,-49.02046,0.50085,3951.668,59.628,2,7.6001,2,33.8467,2,283.8691701790715,2,33.8528,2,289.193,2,1.278,2,1.5,2,16.7,2,0.25,2,-999,1,-999,1,-999,1,-999,1,2114.268631,2,2271.75,2,7.780414357,2,25,654.64,2,20
33H320240201,A13.5,107,1,23,1070123,11102,2,20240315, 0252,-49.02048,0.50076,3951.668,39.112,2,7.6014,2,33.8452,2,284.02618472420033,2,33.8524,2,289.15,2,1.301,2,1.6,2,16.7,2,0.25,2,-999,1,-999,1,-999,1,-999,1,2113.571638,2,2270.53,2,7.779745539,2,25,653.22,2,20
33H320240201,A13.5,107,1,24,1070124,11023,2,20240315, 0252,-49.02055,0.50048,3951.668,4.876,2,7.6074,2,33.8466,2,284.64396350928314,2,33.8502,2,289.434,2,1.301,2,1.5,2,16.7,2,0.25,2,-999,1,-999,1,-999,1,-999,1,2114.488077,2,2273.01,2,7.7818655,2,25,652.83,2,20
33H320240201,A13.5,108,1,1,1080101,11113,4,20240315,1022,-49.5415,0.44725,3829.639,3829.639,2,0.6493,2,34.6765,2,202.29374175055966,2,-999,9,-999,9,-999,9,-999,9,-999,9,-999,9,-999,9,-999,9,-999,9,-999,9,-999,9,-999,9,-999,9,25,-999,9,20
33H320240201,A13.5,108,1,2,1080102,11067,2,20240315,1022,-49.54217,0.44757,3829.639,3448.81,2,0.7277,2,34.683,2,200.60340175083468,2,34.6971,2,208.296,2,2.254,6,119.1,6,32.4,6,0,6,-999,1,-999,1,-999,1,-999,1,2260.552161,6,2359.53,2,7.596982932,2,25,1080.53,2,20
33H320240201,A13.5,108,1,3,1080103,11052,2,20240315,1022,-49.5424,0.44749,3829.639,3098.388,2,0.9551,2,34.6952,2,196.6415277850572,2,34.7085,2,205.156,2,2.212,6,112.6,6,32,6,0,6,-999,1,-999,1,-999,1,-999,1,2258.468453,2,2358.74,2,7.59981734,2,25,1077.34,2,20
33H320240201,A13.5,108,1,4,1080104,11118,2,20240315,1022,-49.54258,0.44788,3829.639,2799.364,2,1.2436,2,34.7181,2,196.51573517465232,2,34.7264,2,203.929,2,2.151,6,103.1,6,31,6,0,6,-999,1,-999,1,-999,1,-999,1,2254.235058,2,2359.69,2,7.612437326,2,25,1043.03,2,20
33H320240201,A13.5,108,1,5,1080105,11136,2,20240315,1022,-49.54306,0.44858,3829.639,2500.563,2,1.5268,2,34.7384,2,196.1645309040287,2,34.7506,2,204.115,2,2.092,6,94.2,6,30.1,6,0,6,-999,1,-999,1,-999,1,-999,1,2247.910522,2,2354.64,2,7.621672111,2,25,1018.16,2,20
33H320240201,A13.5,108,1,6,1080106,11027,2,20240315,1022,-49.54314,0.44894,3829.639,2200.117,2,1.7833,2,34.7509,2,195.00611191669435,2,34.7612,2,202.61,2,2.061,2,86.8,2,29.6,2,0,2,-999,1,-999,1,-999,1,-999,1,2243.374996,2,2352.09,2,7.623853957,2,25,1008.51,2,20
33H320240201,A13.5,108,1,7,1080107,-999,2,20240315,1022,-49.5429,0.44894,3829.639,1900.394,2,2.0892,2,34.7575,2,191.97663866510945,2,34.8046,2,198.062,2,2.043,2,79.1,2,29.3,2,0,2,-999,1,-999,1,-999,1,-999,1,2240.387583,2,2347.89,2,7.624609686,2,25,1010.7,2,20
33H320240201,A13.5,108,1,8,1080108,11004,2,20240315,1022,-49.54309,0.44867,3829.639,1599.764,2,2.327,2,34.7443,2,186.35055230766915,2,34.7522,6,192.657,2,2.066,2,74.8,2,29.7,2,0,2,-999,1,-999,1,-999,1,-999,1,2241.562744,2,2345,2,7.61508459,6,25,1034.31,2,20
33H320240201,A13.5,108,1,9,1080109,11082,2,20240315,1022,-49.54325,0.44867,3829.639,1300.247,2,2.4441,2,34.6944,2,176.89906643943897,2,34.7215,2,180.891,2,2.208,2,74.4,2,31.4,2,0,2,-999,1,-999,1,-999,1,-999,1,2246.372527,2,2342.67,2,7.59104979,2,25,1098.31,2,20
33H320240201,A13.5,108,1,10,1080110,11115,2,20240315,1022,-49.54347,0.4488,3829.639,1049.501,2,2.5171,2,34.6211,2,170.06102873477064,2,34.6299,2,173.726,2,2.306,2,73.1,2,33.1,2,0,2,-999,1,-999,1,-999,1,-999,1,2252.309663,2,2337.76,2,7.567296628,2,25,1162.12,6,20
33H320240201,A13.5,108,1,11,1080111,11008,2,20240315,1022,-49.54357,0.44883,3829.639,807.661,2,2.5861,2,34.5147,2,170.30644775734305,2,34.5277,2,173.0785,6,2.412,2,68.3,2,34.5,2,0.01,2,-999,1,-999,1,-999,1,-999,1,2249.697746,6,2354,3,7.548893955,2,25,1211.78,2,20
33H320240201,A13.5,108,1,12,1080112,-999,2,20240315,1022,-49.54367,0.449,3829.639,620.14,2,2.5847,2,34.4093,2,180.02219096215603,2,34.4051,2,182.654,2,2.428,2,61.2,2,34.7,2,0.01,2,-999,1,-999,1,-999,1,-999,1,2244.031934,2,2320.47,2,7.540362788,2,25,1229.05,2,20
33H320240201,A13.5,108,1,13,1080113,11058,2,20240315,1022,-49.54368,0.44908,3829.639,480.662,2,2.6825,2,34.3017,2,200.04401437849427,2,34.3092,2,202.442,2,2.36,2,49.5,2,33.9,2,0.01,2,-999,1,-999,1,-999,1,-999,1,2228.105937,2,2307.17,2,7.55559717,2,25,1180.26,2,20
33H320240201,A13.5,108,1,14,1080114,11124,2,20240315,1022,-49.54398,0.44914,3829.639,359.674,2,2.7773,2,34.1982,2,228.3637408053494,2,34.2053,2,230.766,2,2.251,2,36.5,2,32.1,2,0.01,2,-999,1,-999,1,-999,1,-999,1,2204.65459,2,2294.63,2,7.58315767,2,25,1093.95,2,20
33H320240201,A13.5,108,1,15,1080115,11081,2,20240315,1022,-49.54424,0.44935,3829.639,280.819,2,2.8806,2,34.1163,2,255.3800404238416,2,34.1208,2,259.4,2,2.11,2,26,2,30.3,2,0.01,2,-999,1,-999,1,-999,1,-999,1,2184.871343,2,2286.06,2,7.611620623,2,25,1013.43,2,20
33H320240201,A13.5,108,1,16,1080116,11126,2,20240315,1022,-49.54423,0.44971,3829.639,250.137,2,3.0215,2,34.0972,2,261.92186714582306,2,34.1031,2,265.709,2,2.071,2,23.2,2,29.7,2,0.01,2,-999,1,-999,1,-999,1,-999,1,2180.341908,2,2282.72,2,7.622124127,2,25,990.85,2,20
33H320240201,A13.5,108,1,17,1080117,11020,2,20240315,1022,-49.54424,0.45001,3829.639,218.6,2,3.2297,2,34.0651,2,269.5641676032506,2,34.076,2,272.236,2,2.005,2,19.6,2,28.7,2,0.01,2,-999,1,-999,1,-999,1,-999,1,2174.13446,2,2278.72,2,7.63146958,2,25,961,2,20
33H320240201,A13.5,108,1,18,1080118,11128,2,20240315,1022,-49.54446,0.45023,3829.639,189.791,2,3.2912,2,34.0206,2,278.5280642129689,2,34.0249,2,282.407,2,1.945,2,16.7,2,27.6,2,0.01,2,-999,1,-999,1,-999,1,-999,1,2169.409388,2,2277.35,2,7.645865243,2,25,929.96,2,20
33H320240201,A13.5,108,1,19,1080119,11031,2,20240315,1022,-49.54475,0.45024,3829.639,159.863,2,3.3685,2,33.9673,2,286.8819352502542,2,33.9724,2,290.779,2,1.874,2,14.1,2,26.6,2,0.01,2,-999,1,-999,1,-999,1,-999,1,2162.779863,2,2274.87,2,7.645945447,2,25,901.51,2,20
33H320240201,A13.5,108,1,20,1080120,11122,2,20240315,1022,-49.54514,0.45031,3829.639,130.022,2,3.5526,2,33.9338,2,289.4556676952555,2,33.9393,6,293.481,2,1.843,2,11.7,2,26,2,0.02,2,-999,1,-999,1,-999,1,-999,1,2161.21504,2,2273.32,2,7.655239346,2,25,889.37,2,20
33H320240201,A13.5,108,1,21,1080121,11120,2,20240315,1022,-49.5454,0.45031,3829.639,100.484,2,4.9197,2,33.8749,2,286.0775243363229,2,33.8983,2,290.769,6,1.708,2,6.9,2,21.8,2,0.47,2,-999,1,-999,1,-999,1,-999,1,2148.327229,2,2272.68,2,7.66100032,2,25,811.41,2,20
33H320240201,A13.5,108,1,22,1080122,11026,2,20240315,1022,-49.5456,0.45028,3829.639,60.071,2,7.1121,2,33.7831,2,287.98438218271673,2,33.7895,2,293.5,2,1.313,2,2,2,17.3,2,0.25,2,-999,1,-999,1,-999,1,-999,1,2113.746434,2,2271.92,6,7.778643577,6,25,656.07,2,20
33H320240201,A13.5,108,1,23,1080123,11102,2,20240315,1022,-49.54563,0.4505,3829.639,35.391,2,7.134,2,33.783,2,288.2898181887882,2,33.7872,2,293.351,2,1.307,2,1.9,2,17.4,2,0.24,2,-999,1,-999,1,-999,1,-999,1,2113.192562,6,2272.25,2,7.780325067,2,25,653.28,2,20
33H320240201,A13.5,108,1,24,1080124,11023,2,20240315,1022,-49.54576,0.45053,3829.639,4.485,2,7.1446,2,33.7831,2,288.55126465551564,2,33.79,2,293.273,2,1.311,2,1.9,2,17.3,2,0.25,2,-999,1,-999,1,-999,1,-999,1,2114.179521,2,2277.47,2,7.778869229,2,25,654.64,2,20
33H320240201,A13.5,109,1,1,1090101,11113,2,20240315,1617,-49.9406,0.40814,3759.083,3759.083,2,0.5943,2,34.6741,2,202.74970016330323,2,34.687,2,-999,5,2.294,6,125.7,6,32.7,6,0.01,6,-999,1,-999,1,-999,1,-999,1,2269.064385,6,2360.24,2,7.594344057,2,25,1087.46,2,20
33H320240201,A13.5,109,1,2,1090102,11067,2,20240315,1617,-49.9407,0.40864,3759.083,3300.231,2,0.6711,2,34.6809,2,201.1288067280433,2,34.6917,2,209.067,2,2.282,6,120.9,6,32.3,6,0,6,-999,1,-999,1,-999,1,-999,1,2266.816889,2,2361.31,2,7.591286802,2,25,1085.97,2,20
33H320240201,A13.5,109,1,3,1090103,11052,2,20240315,1617,-49.9406,0.40878,3759.083,3000.67,2,0.8723,2,34.694,2,198.76546641395106,2,34.7051,2,207.381,2,2.253,6,114.6,6,31.9,6,0,6,-999,1,-999,1,-999,1,-999,1,2261.937133,2,2360.14,2,7.603718595,2,25,1072.17,2,20
33H320240201,A13.5,109,1,4,1090104,11118,2,20240315,1617,-49.94039,0.4091,3759.083,2700.241,2,1.1004,2,34.7088,2,196.88462291978936,2,34.7213,2,204.133,2,2.21,6,107.8,6,31.4,6,0,6,-999,1,-999,1,-999,1,-999,1,2261.985261,2,2359.37,2,7.604655011,2,25,1058.4,2,20
33H320240201,A13.5,109,1,5,1090105,11136,2,20240315,1617,-49.94039,0.4094,3759.083,2401.339,2,1.3035,2,34.7175,2,193.9095018353331,2,34.7316,2,201.853,2,2.193,2,102.6,2,31.1,2,0,2,-999,1,-999,1,-999,1,-999,1,2259.414622,2,2357.6,2,7.609135391,2,25,1054.005,6,20
33H320240201,A13.5,109,1,6,1090106,11027,2,20240315,1617,-49.94041,0.40944,3759.083,2098.979,2,1.5786,2,34.7331,2,192.85065034994335,2,34.7426,2,199.666,2,2.153,2,94.6,2,30.4,2,0,2,-999,1,-999,1,-999,1,-999,1,2255.022378,2,2354.89,2,7.612050983,2,25,1039.5,2,20
33H320240201,A13.5,109,1,7,1090107,-999,2,20240315,1617,-49.9403,0.40951,3759.083,1801.709,2,1.8809,2,34.7423,2,190.07692570129637,2,34.7521,2,196.258,2,2.118,2,86.2,2,30,2,0,2,-999,1,-999,1,-999,1,-999,1,2251.129844,2,2351.53,6,7.613969126,6,25,1034.12,2,20
33H320240201,A13.5,109,1,8,1090108,11004,2,20240315,1617,-49.94038,0.40972,3759.083,1500.504,2,2.1189,2,34.7298,2,184.3941056942878,2,34.7458,2,189.722,2,2.14,2,81.6,2,30.5,2,0,2,-999,1,-999,1,-999,1,-999,1,2252.130773,2,2349,2,7.602551006,2,25,1060.5,2,20
33H320240201,A13.5,109,1,9,1090109,11082,2,20240315,1617,-49.94032,0.40947,3759.083,1250.925,2,2.2006,2,34.6951,2,177.53861711258685,2,34.7055,6,182.429,2,2.234,2,80.8,2,31.6,2,0,2,-999,1,-999,1,-999,1,-999,1,2257.392081,2,2346.52,2,7.585168063,2,25,1111.27,2,20
33H320240201,A13.5,109,1,10,1090110,11115,2,20240315,1617,-49.94017,0.40942,3759.083,950.438,2,2.2335,2,34.6082,2,169.9197307946628,2,34.6192,2,173.052,2,2.379,2,79.2,2,33.7,2,0.01,2,-999,1,-999,1,-999,1,-999,1,2265.359135,2,2341.5,2,7.554453548,2,25,1203.95,2,20
33H320240201,A13.5,109,1,11,1090111,11008,2,20240315,1617,-49.93996,0.40924,3759.083,750.776,2,2.3698,2,34.5198,2,169.99414500381346,2,34.5328,2,172.695,2,2.443,2,72.7,2,34.7,2,0.01,2,-999,1,-999,1,-999,1,-999,1,2260.630721,2,2340.03,2,7.540266355,2,25,1240.49,2,20
33H320240201,A13.5,109,1,12,1090112,-999,2,20240315,1617,-49.93994,0.40912,3759.083,560.383,2,2.5917,2,34.4225,2,178.31656441938736,2,34.4333,2,180.499,6,2.432,2,62.2,2,34.7,2,0.01,2,-999,1,-999,1,-999,1,-999,1,2249.768769,2,2322.93,2,7.544098461,2,25,1225.84,2,20
33H320240201,A13.5,109,1,13,1090113,11058,2,20240315,1617,-49.93996,0.40913,3759.083,439.746,2,2.5485,2,34.2989,2,202.33309722277573,2,34.3102,2,204.644,2,2.38,2,50.1,2,33.9,2,0.02,2,-999,1,-999,1,-999,1,-999,1,2231.764567,6,2310.14,2,7.557071426,2,25,1188.14,2,20
33H320240201,A13.5,109,1,14,1090114,11124,2,20240315,1617,-49.94004,0.40898,3759.083,379.866,2,2.5196,2,34.2411,2,217.1309857097195,2,34.2565,2,220.533,2,2.303,2,43.4,2,33.1,2,0.02,2,-999,1,-999,1,-999,1,-999,1,2222.349884,2,2304.31,2,7.566746788,2,25,1143.31,2,20
33H320240201,A13.5,109,1,15,1090115,11081,2,20240315,1617,-49.94008,0.40885,3759.083,330.705,2,2.5079,2,34.1812,2,233.16551468718563,2,34.1888,2,236.77,2,2.269,2,37.1,2,32.2,2,0.03,2,-999,1,-999,1,-999,1,-999,1,2209.594343,2,2298.58,2,7.583932866,2,25,1104.82,2,20
33H320240201,A13.5,109,1,16,1090116,11126,2,20240315,1617,-49.94006,0.40872,3759.083,260.511,2,2.6145,2,34.0985,2,254.07348915389284,2,34.1121,2,258.057,2,2.213,2,28.3,2,30.6,2,0.09,2,-999,1,-999,1,-999,1,-999,1,2195.678105,2,2288.49,2,7.603505313,2,25,1047.19,2,20
33H320240201,A13.5,109,1,17,1090117,11020,2,20240315,1617,-49.94004,0.4087,3759.083,229.293,2,2.7197,2,34.0551,2,264.52803406837376,2,34.0646,2,267.575,2,2.17,2,24.3,2,29.8,2,0.07,2,-999,1,-999,1,-999,1,-999,1,2188.548398,2,2284.22,2,7.610924827,2,25,1016.25,2,20
33H320240201,A13.5,109,1,18,1090118,11128,2,20240315,1617,-49.9401,0.4086,3759.083,200.102,2,2.8858,2,34.0304,2,271.2763798,2,34.0445,2,274.627,2,2.074,2,21.1,2,28.9,2,0.02,2,-999,1,-999,1,-999,1,-999,1,2183.871972,2,2282.32,2,7.625061102,6,25,977.76,2,20
33H320240201,A13.5,109,1,19,1090119,11031,2,20240315,1617,-49.94014,0.40846,3759.083,171.139,2,3.005,2,33.9598,2,282.43022420434136,2,33.9672,2,301.36,4,1.982,2,17.2,2,27.6,2,0.03,2,-999,1,-999,1,-999,1,-999,1,2175.958979,2,2277.63,2,7.642130938,2,25,940.76,2,20
33H320240201,A13.5,109,1,20,1090120,11122,2,20240315,1617,-49.94018,0.40834,3759.083,140.468,2,3.3304,2,33.9152,2,287.80574940378625,2,33.9231,2,291.738,2,1.887,2,13.8,2,26.4,2,0.05,2,-999,1,-999,1,-999,1,-999,1,2172.437966,2,2276.23,2,7.649092628,2,25,909.23,2,20
33H320240201,A13.5,109,1,21,1090121,11120,2,20240315,1617,-49.94019,0.40832,3759.083,110.074,2,4.1393,2,33.8627,2,288.74011658465497,2,33.8748,6,292.621,2,1.784,2,10,2,23.7,2,0.33,2,-999,1,-999,1,-999,1,-999,1,2159.752006,2,2276.52,2,7.679294311,2,25,849.06,2,20
33H320240201,A13.5,109,1,22,1090122,11026,2,20240315,1617,-49.94018,0.40864,3759.083,80.778,2,5.7994,2,33.787,2,294.09539455149206,2,33.7996,2,298.0675,6,1.461,2,4.2,2,19.4,2,0.27,2,-999,1,-999,1,-999,1,-999,1,2138.819644,2,2279.9,2,7.75144268,2,25,707.69,2,20
33H320240201,A13.5,109,1,23,1090123,11102,2,20240315,1617,-49.9403,0.40897,3759.083,50.045,2,6.0987,2,33.7679,2,295.8244700723214,2,33.7792,2,300.046,2,1.362,2,3,2,18.6,2,0.22,2,-999,1,-999,1,-999,1,-999,1,2130.531563,2,2280.1,2,7.770449513,2,25,674.66,2,20
33H320240201,A13.5,109,1,24,1090124,11023,2,20240315,1617,-49.94043,0.40896,3759.083,3.997,2,6.2444,2,33.7622,2,296.9187350347945,2,33.771,2,302.177,2,1.331,2,2.6,2,18.3,2,0.21,2,-999,1,-999,1,-999,1,-999,1,2126.292397,6,2278.19,2,7.774998823,2,25,665.52,2,20
33H320240201,A13.5,110,1,1,1100101,11113,2,20240315,2300,-50.47924,0.35346,3462.461,3462.461,2,0.5779,2,34.6749,2,203.20127239170722,2,34.6864,2,210.366,2,2.312,6,124.7,6,32.6,6,0,6,-999,1,-999,1,-999,1,-999,1,2264.349609,6,2359.17,2,7.593582795,2,25,1077.38,2,20
33H320240201,A13.5,110,1,2,1100102,11067,2,20240315,2300,-50.4792,0.35319,3462.461,3200.183,2,0.6281,2,34.6788,2,201.7499755221028,2,34.6886,2,208.661,2,2.302,6,122.1,6,32.4,6,0,6,-999,1,-999,1,-999,1,-999,1,2263.209264,2,2358.95,2,7.595529697,2,25,1083.9,2,20
33H320240201,A13.5,110,1,3,1100103,11052,2,20240315,2300,-50.47946,0.35331,3462.461,2900.077,2,0.7936,2,34.6886,2,199.1955010957375,2,34.6984,2,207.355,2,2.29,6,116.5,6,32.1,6,0,6,-999,1,-999,1,-999,1,-999,1,2261.874831,2,2358.74,2,7.59816078,6,25,1075.57,2,20
33H320240201,A13.5,110,1,4,1100104,11118,2,20240315,2300,-50.47918,0.35312,3462.461,2600.21,2,0.9684,2,34.6968,2,196.16347870321005,2,34.7092,2,202.768,2,2.268,6,111.8,6,32,6,0,6,-999,1,-999,1,-999,1,-999,1,2261.974184,2,2358.56,2,7.598526141,2,25,1079.11,2,20
33H320240201,A13.5,110,1,5,1100105,11136,2,20240315,2300,-50.4792,0.35325,3462.461,2298.529,2,1.1765,2,34.7125,2,195.59452634499667,2,34.7228,2,202.501,2,2.218,2,104.8,2,31.4,2,0,2,-999,1,-999,1,-999,1,-999,1,2259.350384,2,2358.68,2,7.604437506,2,25,1055.2,2,20
33H320240201,A13.5,110,1,6,1100106,11027,2,20240315,2300,-50.47924,0.35321,3462.461,2000.052,2,1.3804,2,34.7202,2,192.76298233086717,2,34.7381,2,198.699,2,2.206,2,99.8,2,31.1,2,0.01,2,-999,1,-999,1,-999,1,-999,1,2254.854862,2,2355.12,2,7.605753173,2,25,1053.61,2,20
33H320240201,A13.5,110,1,7,1100107,-999,2,20240315,2300,-50.47892,0.35302,3462.461,1699.58,2,1.8259,2,34.7498,2,193.81195353267668,2,34.7572,2,199.521,2,2.1,2,85.4,2,29.7,2,0,2,-999,1,-999,1,-999,1,-999,1,2245.593234,2,2350.62,2,7.62006514,2,25,1014.29,2,20
33H320240201,A13.5,110,1,8,1100108,11004,2,20240315,2300,-50.47922,0.35276,3462.461,1401.196,2,2.0897,2,34.7558,2,191.92910188716633,2,34.7664,2,197.27,2,2.088,2,78.8,2,29.4,2,0,2,-999,1,-999,1,-999,1,-999,1,2242.841244,2,2346.4,2,7.620519558,2,25,1019.14,2,20
33H320240201,A13.5,110,1,9,1100109,11082,2,20240315,2300,-50.47897,0.35268,3462.461,1148.425,2,2.2384,2,34.7298,2,184.23942147847978,2,34.737,2,188.669,2,2.141,2,77.2,2,30.6,2,0.01,2,-999,1,-999,1,-999,1,-999,1,2246.223618,2,2345.57,2,7.593507474,2,25,1056.85,2,20
33H320240201,A13.5,110,1,10,1100110,11115,2,20240315,2300,-50.4791,0.35287,3462.461,900.665,2,2.2665,2,34.673,2,174.76137800504705,2,34.6804,2,177.784,2,2.269,2,78.5,2,32.2,2,0.01,2,-999,1,-999,1,-999,1,-999,1,2254.466698,2,2344.42,2,7.577505774,2,25,1132.65,2,20
33H320240201,A13.5,110,1,11,1100111,11008,2,20240315,2300,-50.47902,0.3534,3462.461,681.037,2,2.2302,2,34.5879,2,170.27004950850827,2,34.6022,6,172.525,2,2.404,2,77.7,2,34.1,2,0.01,2,-999,1,-999,1,-999,1,-999,1,2258.061955,2,2336.79,2,7.549202822,2,25,1213.09,2,20
33H320240201,A13.5,110,1,12,1100112,-999,2,20240315,2300,-50.47884,0.35392,3462.461,520.579,2,2.2397,2,34.5029,2,173.89318241178023,2,34.511,2,175.902,2,2.466,2,72.4,2,34.9,2,0.02,2,-999,1,-999,1,-999,1,-999,1,2256.32615,2,2330.03,2,7.535954363,2,25,1255.49,2,20
33H320240201,A13.5,110,1,13,1100113,11058,2,20240315,2300,-50.4787,0.3542,3462.461,400.265,2,2.29,2,34.4,2,185.35244220934217,2,34.407,2,187.9705,6,2.475,2,63.1,2,35,2,0.02,2,-999,1,-999,1,-999,1,-999,1,2245.827876,6,2317.87,2,7.534687957,2,25,1244.55,2,20
33H320240201,A13.5,110,1,14,1100114,11124,2,20240315,2300,-50.47866,0.35441,3462.461,300.3,2,2.2571,2,34.2875,2,207.43781155005783,2,34.2986,2,-0.968,4,2.413,2,52.3,2,34.2,2,0.03,2,-999,1,-999,1,-999,1,-999,1,2231.875923,2,2307.87,2,7.547479538,2,25,1204.91,2,20
33H320240201,A13.5,110,1,15,1100115,11081,2,20240315,2300,-50.47869,0.35444,3462.461,270.266,2,2.1886,2,34.2383,2,220.13389275055576,2,34.2467,2,221.663,2,2.364,2,47.8,2,33.5,2,0.06,2,-999,1,-999,1,-999,1,-999,1,2224.027004,2,2302.07,2,7.557863954,2,25,1175.29,2,20
33H320240201,A13.5,110,1,16,1100116,11126,2,20240315,2300,-50.47878,0.3545,3462.461,240.872,2,2.0723,2,34.1624,2,240.30789497268535,2,34.1694,2,242.548,2,2.313,2,41.7,2,32.3,2,0.09,2,-999,1,-999,1,-999,1,-999,1,2214.01789,2,2297.11,2,7.575021587,2,25,1128,2,20
33H320240201,A13.5,110,1,17,1100117,11020,2,20240315,2300,-50.47883,0.35447,3462.461,209.979,2,2.0343,2,34.0749,2,262.66603259901336,2,34.0875,2,264.962,2,2.244,2,35.5,2,30.7,2,0.09,2,-999,1,-999,1,-999,1,-999,1,2200.432885,2,2290.92,2,7.596071549,2,25,1067.57,2,20
33H320240201,A13.5,110,1,18,1100118,11128,2,20240315,2300,-50.4788,0.35442,3462.461,179.97,2,2.2194,2,34.0103,2,275.9875919,2,34.015,2,278.969,2,2.209,2,29,2,29.2,2,0.08,2,-999,1,-999,1,-999,1,-999,1,2189.028024,2,2286.25,2,7.613035588,2,25,1011.02,2,20
33H320240201,A13.5,110,1,19,1100119,11031,2,20240315,2300,-50.47884,0.35444,3462.461,150.316,2,2.7181,2,33.9411,2,288.81070617221434,2,33.9484,2,292.237,2,2.046,2,23.1,2,26.6,2,0.17,2,-999,1,-999,1,-999,1,-999,1,2176.693407,2,2284.4,6,7.644516531,6,25,935.69,2,20
33H320240201,A13.5,110,1,20,1100120,11122,2,20240315,2300,-50.47892,0.35448,3462.461,121.016,2,3.9109,2,33.8682,2,296.67365962371144,2,33.8767,2,300.27,2,1.821,2,14.1,2,22.6,2,0.22,2,-999,1,-999,1,-999,1,-999,1,2160.134164,2,2284.58,2,7.701026914,2,25,810.68,2,20
33H320240201,A13.5,110,1,21,1100121,11120,2,20240315,2300,-50.4789,0.35441,3462.461,90.381,2,4.9011,2,33.8269,2,302.61610021023927,2,33.8341,2,307.39,2,1.607,2,9.4,2,20.8,2,0.22,2,-999,1,-999,1,-999,1,-999,1,2144.027759,2,2285.11,2,7.739802273,2,25,730.08,2,20
33H320240201,A13.5,110,1,22,1100122,11026,2,20240315,2300,-50.47884,0.3543,3462.461,70.897,2,5.1095,2,33.8153,2,302.30391550531493,2,33.8212,2,307.445,2,1.556,2,8,2,20.4,2,0.22,2,-999,1,-999,1,-999,1,-999,1,2140.855489,2,2287.22,2,7.747357107,2,25,717.78,6,20
33H320240201,A13.5,110,1,23,1100123,11102,2,20240315,2300,-50.4788,0.3543,3462.461,40.027,2,5.2235,2,33.8027,2,302.0149453204347,2,33.8089,6,306.465,6,1.517,2,7.3,2,20,2,0.22,2,-999,1,-999,1,-999,1,-999,1,2138.729878,2,2285.41,2,7.748290716,2,25,710.58,2,20
33H320240201,A13.5,110,1,24,1100124,11023,2,20240315,2300,-50.47881,0.35434,3462.461,3.264,2,5.3381,2,33.7997,2,301.8064399639395,2,33.8049,2,306.421,2,1.5,2,7.2,2,19.9,2,0.23,2,-999,1,-999,1,-999,1,-999,1,2137.778807,6,2287.1,2,7.751581088,2,25,712.92,2,20
33H320240201,A13.5,111,1,1,1110101,11113,2,20240316, 0648,-50.95744,0.30469,1986.824,1986.824,2,1.2766,2,34.716,2,195.63876631516786,2,34.7251,2,199.137,2,2.207,6,103.3,6,31.4,6,0.01,6,-999,1,-999,1,-999,1,-999,1,2261.075539,2,2358.93,2,7.604857498,2,25,1057.79,2,20
33H320240201,A13.5,111,1,2,1110102,11067,2,20240316, 0648,-50.95735,0.3046,1986.824,1789.543,2,1.4762,2,34.7267,2,194.3666906208059,2,34.7385,6,198.887,2,2.178,6,97,6,30.9,6,0.01,6,-999,1,-999,1,-999,1,-999,1,2257.200849,6,2356.11,2,7.604895941,2,25,1050.02,2,20
33H320240201,A13.5,111,1,3,1110103,11052,2,20240316, 0648,-50.95758,0.30471,1986.824,1599.82,2,1.7068,2,34.7391,2,193.5902443069594,2,34.7484,2,197.241,2,2.124,6,90.1,6,30.4,6,0,6,-999,1,-999,1,-999,1,-999,1,2254.582819,2,2353.85,2,7.617656815,2,25,1036.295,6,20
33H320240201,A13.5,111,1,4,1110104,11118,2,20240316, 0648,-50.95782,0.30504,1986.824,1301.188,2,2.0544,2,34.7436,2,189.54044626571135,2,34.7557,2,193.307,6,2.11,6,81.4,6,30.1,6,0.01,6,-999,1,-999,1,-999,1,-999,1,2249.629459,2,2349.77,2,7.614279713,2,25,1038.57,2,20
33H320240201,A13.5,111,1,5,1110105,11136,2,20240316, 0648,-50.95785,0.30493,1986.824,1048.355,2,2.2751,2,34.7211,2,182.98970557884985,2,34.7313,2,186.85,2,2.161,2,77.3,2,30.9,2,0.01,2,-999,1,-999,1,-999,1,-999,1,2253.432742,2,2346.08,2,7.600532177,2,25,1073.75,2,20
33H320240201,A13.5,111,1,6,1110106,11027,2,20240316, 0648,-50.95699,0.30425,1986.824,810.589,2,2.3481,2,34.6527,2,173.4789464050492,2,34.6611,2,175.169,2,2.303,2,76.5,2,32.7,2,0.01,2,-999,1,-999,1,-999,1,-999,1,2260.176266,2,2341.61,2,7.571766837,6,25,1151.88,2,20
33H320240201,A13.5,111,1,7,1110107,-999,2,20240316, 0648,-50.95708,0.30444,1986.824,620.016,2,2.3229,2,34.5953,2,170.3051042901311,2,34.6028,2,172.335,2,2.374,2,76.4,2,33.9,2,0.01,2,-999,1,-999,1,-999,1,-999,1,2259.612565,2,2339.14,2,7.554176515,2,25,1207.13,2,20
33H320240201,A13.5,111,1,8,1110108,11004,2,20240316, 0648,-50.95726,0.30454,1986.824,480.478,2,2.3518,2,34.4818,2,174.05407516250833,2,34.4918,2,175.32,2,2.443,2,69.8,2,35.1,2,0.01,2,-999,1,-999,1,-999,1,-999,1,2259.804767,2,2328.67,2,7.535493234,2,25,1256.46,2,20
33H320240201,A13.5,111,1,9,1110109,11082,2,20240316, 0648,-50.95715,0.30449,1986.824,359.847,2,2.3842,2,34.4046,2,183.08859300053732,2,34.4198,2,184.937,2,2.45,2,63.4,2,35.1,2,0.02,2,-999,1,-999,1,-999,1,-999,1,2251.282733,2,2321.57,2,7.53578763,2,25,1255.07,2,20
33H320240201,A13.5,111,1,10,1110110,11115,2,20240316, 0648,-50.95718,0.30469,1986.824,279.9,2,2.167,2,34.2839,2,210.72322374705584,2,34.2926,2,213.337,2,2.408,2,52.8,2,34.3,2,0.02,2,-999,1,-999,1,-999,1,-999,1,2234.859395,2,2308.94,2,7.548741334,2,25,1210.83,2,20
33H320240201,A13.5,111,1,11,1110111,11008,2,20240316, 0648,-50.9574,0.30478,1986.824,222.072,2,1.948,2,34.1444,2,248.2211975197139,2,34.1519,2,250.433,2,2.289,2,41.7,2,32.2,2,0.06,2,-999,1,-999,1,-999,1,-999,1,2216.667431,2,2300.42,2,7.578037138,2,25,1115.89,2,20
33H320240201,A13.5,111,1,12,1110112,-999,2,20240316, 0648,-50.95753,0.30463,1986.824,159.011,2,1.8891,2,34.0638,2,272.82582028811004,2,34.0756,6,274.927,2,2.183,2,36.1,2,30.5,2,0.07,2,-999,1,-999,1,-999,1,-999,1,2202.492788,2,2294.98,2,7.602489538,2,25,1044.89,2,20
33H320240201,A13.5,111,1,13,1110113,11058,2,20240316, 0648,-50.9577,0.30482,1986.824,101.109,2,3.8645,2,33.8734,2,295.7186865443792,2,33.8776,2,300.345,2,1.807,2,14.7,2,22.7,2,0.23,2,-999,1,-999,1,-999,1,-999,1,2159.774043,2,2288.23,2,7.697996415,2,25,815.91,2,20
33H320240201,A13.5,111,1,14,1110114,11124,2,20240316, 0648,-50.95753,0.3046,1986.824,60.529,2,4.689,2,33.8346,2,301.6461045273463,2,33.8639,2,305.415,6,1.638,2,10.9,2,21.3,2,0.24,2,-999,1,-999,1,-999,1,-999,1,2150.292233,2,2286.32,2,7.732342948,2,25,751.29,2,20
33H320240201,A13.5,111,1,15,1110115,11081,2,20240316, 0648,-50.95729,0.30444,1986.824,29.881,2,5.0837,2,33.8129,2,301.9947707339516,2,33.8211,2,306.276,2,1.56,2,8.7,2,20.5,2,0.24,2,-999,1,-999,1,-999,1,-999,1,2144.871959,6,2283.96,2,7.743646508,2,25,723.67,2,20
33H320240201,A13.5,111,1,16,1110116,11126,2,20240316, 0648,-50.95721,0.30471,1986.824,7.622,2,5.1437,2,33.8112,2,302.1624886254293,2,33.8187,2,306.179,2,1.546,2,8.5,2,20.4,2,0.24,2,-999,1,-999,1,-999,1,-999,1,2145.634628,2,2289.13,6,7.743287613,6,25,720.37,2,20
33H320240201,A13.5,112,1,1,1120101,11113,2,20240316,1432,-51.49878,0.24903,2193.49,2193.49,2,0.8982,2,34.695,2,198.55272243258565,2,34.7088,2,-999,5,2.257,6,114.7,6,32.3,6,0.01,6,-999,1,-999,1,-999,1,-999,1,2260.536708,2,2358.64,2,7.596372562,2,25,1084.23,2,20
33H320240201,A13.5,112,1,2,1120102,11067,2,20240316,1432,-51.49908,0.25015,2193.49,1852.403,2,1.2013,2,34.7135,2,196.1552293,2,34.7233,2,200.889,6,2.2,6,104.3,6,31.5,6,0,6,-999,1,-999,1,-999,1,-999,1,2253.2883,2,2358.05,2,7.60294644,2,25,1066.61,2,20
33H320240201,A13.5,112,1,3,1120103,11052,2,20240316,1432,-51.49926,0.24992,2193.49,1501.246,2,1.5989,2,34.7356,2,194.1237126741234,2,34.7476,2,198.321,2,2.134,6,92.7,6,30.5,6,0,6,-999,1,-999,1,-999,1,-999,1,2249.021685,2,2358.21,2,7.612152132,2,25,1040.19,2,20
33H320240201,A13.5,112,1,4,1120104,11118,2,20240316,1432,-51.49915,0.24956,2193.49,1250.618,2,1.8517,2,34.7296,2,187.61457849366883,2,34.7388,6,190.741,2,2.159,6,87.6,6,30.9,6,0,6,-999,1,-999,1,-999,1,-999,1,2251.958987,2,2350.6,2,7.603563433,2,25,1063.51,2,20
33H320240201,A13.5,112,1,5,1120105,11136,2,20240316,1432,-51.49968,0.2498,2193.49,950.313,2,2.1534,2,34.7144,2,181.96334289460097,2,34.7229,2,185.812,2,2.19,2,81.1,2,31.3,2,0,2,-999,1,-999,1,-999,1,-999,1,2249.473269,2,2346.17,6,7.593772791,6,25,1089.58,2,20
33H320240201,A13.5,112,1,6,1120106,11027,2,20240316,1432,-51.49963,0.24956,2193.49,752.088,2,2.2258,2,34.6647,2,174.70544347063273,2,34.6718,2,176.807,2,2.286,2,80.2,2,32.6,2,0,2,-999,1,-999,1,-999,1,-999,1,2256.447693,2,2342.81,2,7.571124682,2,25,1152.97,2,20
33H320240201,A13.5,112,1,7,1120107,-999,2,20240316,1432,-51.49959,0.24922,2193.49,560.777,2,2.2498,2,34.5985,2,170.73826982991415,2,34.605,2,172.7075,6,2.381,2,79.1,2,34,2,0.01,2,-999,1,-999,1,-999,1,-999,1,2257.894065,2,2337.94,2,7.551923832,2,25,1214.72,2,20
33H320240201,A13.5,112,1,8,1120108,11004,2,20240316,1432,-51.49962,0.24903,2193.49,442.15,2,2.1885,2,34.5268,2,173.83273758130085,2,34.5499,2,174.995,2,2.432,2,74.6,2,34.9,2,0.01,2,-999,1,-999,1,-999,1,-999,1,2255.934448,2,2332.59,2,7.537574117,2,25,1254.64,2,20
33H320240201,A13.5,112,1,9,1120109,11082,2,20240316,1432,-51.49964,0.24875,2193.49,330.078,2,2.0951,2,34.4015,2,191.06942159031226,2,34.4086,2,192.748,2,2.46,2,65.7,2,35.1,2,0.01,2,-999,1,-999,1,-999,1,-999,1,2247.335511,2,2320.8,2,7.533823578,2,25,1262.57,2,20
33H320240201,A13.5,112,1,10,1120110,11115,2,20240316,1432,-51.49967,0.2486,2193.49,261.666,2,2.0457,2,34.3183,2,207.23815146775732,2,34.322,2,210.537,2,2.419,2,57.9,2,34.5,2,0.01,2,-999,1,-999,1,-999,1,-999,1,2236.351043,2,2313.04,2,7.542435592,2,25,1226.26,2,20
33H320240201,A13.5,112,1,11,1120111,11008,2,20240316,1432,-51.4997,0.24875,2193.49,201.502,2,1.801,2,34.1477,2,254.11279408456045,2,34.1586,2,256.395,2,2.252,2,43.9,2,32,2,0.02,2,-999,1,-999,1,-999,1,-999,1,2212.202358,2,2299.08,2,7.583510179,2,25,1102.35,2,20
33H320240201,A13.5,112,1,12,1120112,-999,2,20240316,1432,-51.49982,0.24878,2193.49,139.752,2,2.0353,2,33.9922,2,294.1966039,2,33.9979,2,296.704,2,2.061,2,30.6,2,28.6,2,0.09,2,-999,1,-999,1,-999,1,-999,1,2185.437766,2,2298.02,2,7.630319221,2,25,972.36,2,20
33H320240201,A13.5,112,1,13,1120113,11058,2,20240316,1432,-51.49996,0.249,2193.49,105.535,2,2.9601,2,33.9313,2,299.20294977150996,2,33.9407,2,302.599,2,1.917,2,23.1,2,25.5,2,0.22,2,-999,1,-999,1,-999,1,-999,1,2173.388919,2,2289.02,2,7.667643707,2,25,883.06,2,20
33H320240201,A13.5,112,1,14,1120114,11124,2,20240316,1432,-51.50012,0.24891,2193.49,80.889,2,4.6319,2,33.8516,2,304.6152970590563,2,33.863,6,309.359,2,1.711,2,12.1,2,21.9,2,0.25,2,-999,1,-999,1,-999,1,-999,1,2149.093647,2,2290.84,2,7.730920991,2,25,747.25,2,20
33H320240201,A13.5,112,1,15,1120115,11081,2,20240316,1432,-51.49997,0.24879,2193.49,50.525,2,4.6869,2,33.8467,2,305.8056417567736,2,33.8559,2,310.414,2,1.613,2,11.9,2,21.8,2,0.25,2,-999,1,-999,1,-999,1,-999,1,2147.402333,2,2287.17,2,7.732816289,2,25,742.54,6,20
33H320240201,A13.5,112,1,16,1120116,11126,2,20240316,1432,-51.49985,0.2487,2193.49,4.941,2,4.7435,2,33.8454,2,306.41238803769915,2,33.8599,2,310.927,2,1.599,2,11.6,2,21.8,2,0.25,2,-999,1,-999,1,-999,1,-999,1,2146.573013,6,2288.85,2,7.734209042,2,25,741.74,2,20
33H320240201,A13.5,113,1,1,1130101,11113,2,20240316,2125,-52.00026,0.19772,3047.337,3047.337,2,0.4979,2,34.6708,2,201.84094056232854,2,34.6841,2,208.278,2,2.333,6,131.3,6,33.1,6,0.01,6,-999,1,-999,1,-999,1,-999,1,2269.273487,6,2359.24,2,7.584814263,2,25,1110.97,2,20
33H320240201,A13.5,113,1,2,1130102,11067,2,20240316,2125,-52,0.19806,3047.337,2800.869,2,0.5278,2,34.6738,2,200.25049337982492,2,34.6906,2,206.934,2,2.327,6,134.4,6,33,6,0,6,-999,1,-999,1,-999,1,-999,1,2268.634445,2,2360.64,2,7.585860503,2,25,1112.785,6,20
33H320240201,A13.5,113,1,3,1130103,11052,2,20240316,2125,-51.99996,0.19858,3047.337,2600.775,2,0.546,2,34.6756,2,200.59369096927773,2,34.6894,2,207.331,2,2.323,6,129.6,6,32.9,6,0,6,-999,1,-999,1,-999,1,-999,1,2265.819938,2,2359.72,2,7.587511837,2,25,1108.5,2,20
33H320240201,A13.5,113,1,4,1130104,11118,2,20240316,2125,-52.00001,0.19886,3047.337,2301.043,2,0.6102,2,34.6796,2,199.91598043761675,2,34.6937,2,205.871,2,2.315,6,124.6,6,32.6,6,0,6,-999,1,-999,1,-999,1,-999,1,2265.466645,2,2361.43,2,7.5887704,2,25,1103.27,2,20
33H320240201,A13.5,113,1,5,1130105,11136,2,20240316,2125,-52.00031,0.19864,3047.337,2000.211,2,0.7451,2,34.6868,2,198.39567682985668,2,34.6992,6,204.004,2,2.304,2,118,2,32.5,2,0,2,-999,1,-999,1,-999,1,-999,1,2265.359957,2,2359.43,2,7.592205987,2,25,1099.75,2,20
33H320240201,A13.5,113,1,6,1130106,11027,2,20240316,2125,-51.99997,0.19815,3047.337,1699.607,2,0.9602,2,34.6973,2,195.6331863396505,2,34.7111,2,200.252,2,2.27,2,111.6,2,32.1,2,0,2,-999,1,-999,1,-999,1,-999,1,2264.551097,2,2359.08,6,7.594257296,6,25,1092.28,2,20
33H320240201,A13.5,113,1,7,1130107,-999,2,20240316,2125,-51.99986,0.19822,3047.337,1401.316,2,1.2574,2,34.7105,2,191.91549504096872,2,34.7236,2,-0.925,4,2.245,2,104.2,2,31.8,2,0,2,-999,1,-999,1,-999,1,-999,1,2262.665827,2,2356.9,2,7.57734179,2,25,1085.21,2,20
33H320240201,A13.5,113,1,8,1130108,11004,2,20240316,2125,-51.9999,0.19825,3047.337,1150.292,2,1.4885,2,34.713,2,187.1123142089978,2,34.7249,2,190.76,6,2.249,2,99.1,2,31.8,2,0,2,-999,1,-999,1,-999,1,-999,1,2262.173401,2,2347.84,2,7.591297319,2,25,1100.41,2,20
33H320240201,A13.5,113,1,9,1130109,11082,2,20240316,2125,-51.99969,0.19846,3047.337,900.709,2,1.7661,2,34.7083,2,180.83768704803455,2,34.719,2,184.042,2,2.26,2,91.6,2,32.1,2,0,2,-999,1,-999,1,-999,1,-999,1,2261.652988,2,2352.36,2,7.583488091,2,25,1120.79,2,20
33H320240201,A13.5,113,1,10,1130110,11115,2,20240316,2125,-51.9997,0.1984,3047.337,679.841,2,1.9645,2,34.6875,2,176.00241875514564,2,34.6989,2,177.528,2,2.301,2,87.2,2,32.5,2,0.01,2,-999,1,-999,1,-999,1,-999,1,2263.769688,2,2348.29,2,7.573649202,2,25,1146.45,2,20
33H320240201,A13.5,113,1,11,1130111,11008,2,20240316,2125,-51.99968,0.19795,3047.337,520.048,2,2.0473,2,34.6432,2,170.00386326053837,2,34.6517,2,171.661,2,2.37,2,84.3,2,33.7,2,0.01,2,-999,1,-999,1,-999,1,-999,1,2265.560185,2,2344.1,6,7.553164472,6,25,1210.72,2,20
33H320240201,A13.5,113,1,12,1130112,-999,2,20240316,2125,-51.9999,0.19814,3047.337,460.603,2,2.0438,2,34.6176,2,168.71651101310903,2,34.632,2,170.262,2,2.408,2,83.5,2,34.2,2,0.01,2,-999,1,-999,1,-999,1,-999,1,2266.540671,2,2341.25,2,7.544606537,2,25,1233.87,2,20
33H320240201,A13.5,113,1,13,1130113,11058,2,20240316,2125,-51.99984,0.19773,3047.337,401.29,2,2.0511,2,34.584,2,168.5863029628107,2,34.5929,2,170.067,2,2.446,2,81.4,2,34.7,2,0.01,2,-999,1,-999,1,-999,1,-999,1,2266.842625,6,2337.97,2,7.535041973,2,25,1261.95,2,20
33H320240201,A13.5,113,1,14,1130114,11124,2,20240316,2125,-51.99988,0.19778,3047.337,300.593,2,1.984,2,34.5067,2,175.57115253716498,2,34.5169,2,176.447,2,2.478,2,76.6,2,35.4,2,0.01,2,-999,1,-999,1,-999,1,-999,1,2265.609766,2,2337.59,2,7.524272658,2,25,1290.57,2,20
33H320240201,A13.5,113,1,15,1130115,11081,2,20240316,2125,-51.9999,0.19796,3047.337,270.356,2,1.9406,2,34.4779,2,180.4727126450637,2,34.4863,2,180.898,2,2.493,2,74.7,2,35.4,2,0.01,2,-999,1,-999,1,-999,1,-999,1,2261.814856,2,2329.33,2,7.523495366,2,25,1295.42,2,20
33H320240201,A13.5,113,1,16,1130116,11126,2,20240316,2125,-51.99976,0.1978,3047.337,239.791,2,1.8742,2,34.4263,2,190.34535521808618,2,34.439,2,191.106,2,2.478,2,70.8,2,35.3,2,0.01,2,-999,1,-999,1,-999,1,-999,1,2256.851945,2,2325.83,2,7.525266633,2,25,1285.79,2,20
33H320240201,A13.5,113,1,17,1130117,11020,2,20240316,2125,-51.99973,0.1976,3047.337,212.189,2,1.819,2,34.3872,2,199.1259515,2,34.4047,6,199.369,2,2.47,2,67.7,2,35.1,2,0.01,2,-999,1,-999,1,-999,1,-999,1,2253.053346,2,2320.69,2,7.530503627,2,25,1272.68,2,20
33H320240201,A13.5,113,1,18,1130118,11128,2,20240316,2125,-51.99958,0.19786,3047.337,175.543,2,1.6548,2,34.2603,2,230.99283118020062,2,34.2639,2,233.234,6,2.337,2,56.5,2,33.4,2,0.01,2,-999,1,-999,1,-999,1,-999,1,2235.155357,2,2310.5,2,7.556716491,2,25,1186.63,2,20
33H320240201,A13.5,113,1,19,1130119,11031,2,20240316,2125,-51.99946,0.19783,3047.337,150.234,2,1.5415,2,34.1683,2,255.33857591797138,2,34.1789,2,257.981,2,2.26,2,49.4,2,31.9,2,0.02,2,-999,1,-999,1,-999,1,-999,1,2222.028268,2,2305.04,2,7.577608083,2,25,1119,2,20
33H320240201,A13.5,113,1,20,1130120,11122,2,20240316,2125,-51.99947,0.19782,3047.337,119.473,2,1.7129,2,34.0279,2,289.55983182938604,2,34.0341,2,293.778,2,2.08,2,37.8,2,29.1,2,0.09,2,-999,1,-999,1,-999,1,-999,1,2201.646404,2,2296.76,2,7.618881708,2,25,1001.87,2,20
33H320240201,A13.5,113,1,21,1130121,11120,2,20240316,2125,-51.99955,0.19799,3047.337,90.773,2,3.1941,2,33.8943,2,304.1186651588908,2,33.9057,2,309.009,2,1.817,2,26.8,2,24.8,2,0.24,2,-999,1,-999,1,-999,1,-999,1,2176.210913,2,2292.99,2,7.678926544,2,25,860.5,2,20
33H320240201,A13.5,113,1,22,1130122,11026,2,20240316,2125,-51.99958,0.19768,3047.337,69.896,2,4.3471,2,33.8255,2,308.96171517611157,2,33.8344,2,313.767,2,1.555,2,15.8,2,22.1,2,0.24,2,-999,1,-999,1,-999,1,-999,1,2155.119986,2,2290.8,2,7.726707566,2,25,757.95,2,20
33H320240201,A13.5,113,1,23,1130123,11102,2,20240316,2125,-51.99966,0.19748,3047.337,40.419,2,4.3704,2,33.8253,2,309.6279617737479,2,33.8303,2,314.723,2,1.56,2,15.7,2,22.1,2,0.25,2,-999,1,-999,1,-999,1,-999,1,2155.696977,2,2291.38,2,7.72807452,2,25,754.41,2,20
33H320240201,A13.5,113,1,24,1130124,11023,2,20240316,2125,-51.99969,0.1978,3047.337,3.351,2,4.3687,2,33.8259,2,309.7625942725808,2,33.8334,2,314.422,2,1.544,2,15.7,2,22.1,2,0.24,2,-999,1,-999,1,-999,1,-999,1,2155.910974,2,2291.82,2,7.726914264,2,25,755.27,2,20
END_DATA,,,,,,,,,,,,,,,,,,,,,,,,,,,,,,,,,,,,,,,,,,,,,,,,,,